date,nn_forecast,nwp_forecast,actual,nn_sigma,fcst_gfs_global,fcst_ecmwf_ifs025,fcst_icon_seamless,fcst_gem_seamless,fcst_jma_seamless,fcst_ncep_hrrr_conus,month,nn_load_error_mw,nwp_load_error_mw,fcst_gfs_global_load_error_mw,fcst_ecmwf_ifs025_load_error_mw,fcst_icon_seamless_load_error_mw,fcst_gem_seamless_load_error_mw,fcst_jma_seamless_load_error_mw,fcst_ncep_hrrr_conus_load_error_mw,da_rt_spread,dam_price_avg,rtm_price_avg,nn_cost,nwp_cost,daily_savings,cumulative_savings,fcst_gfs_global_cost,fcst_ecmwf_ifs025_cost,fcst_icon_seamless_cost,fcst_gem_seamless_cost,fcst_jma_seamless_cost,fcst_ncep_hrrr_conus_cost
2025-04-17,85.84677859107653,85.42666666666668,86.8,0.7040329132263621,86.655,85.615,86.285,86.52,82.89500000000001,84.59,4,-476.61070446173426,-686.6666666666604,-72.49999999999801,-592.5000000000011,-257.5000000000003,-140.00000000000057,-1952.4999999999934,-1104.9999999999968,18.840312499999996,44.5575,25.7171875,71835.95690323373,103496.1166666657,31660.159763431962,31660.159763431962,10927.381249999698,89303.08125000015,38811.04375000003,21101.15000000008,294285.6812499989,166548.3624999995
2025-04-18,88.41997476696969,87.59249999999999,89.0,0.6769259255299963,88.685,87.88499999999999,88.14,89.25,84.56,87.035,4,-290.0126165151562,-703.7500000000066,-157.49999999999886,-557.5000000000045,-429.9999999999997,125.0,-2219.999999999999,-982.5000000000017,11.578125,44.03875,32.460625,26862.418604716342,65184.84375000061,38322.42514528427,69982.58490871624,14588.437499999894,51638.43750000042,39828.74999999997,11578.125,205627.4999999999,91004.06250000016
2025-04-19,81.62774190664291,81.6225,82.15,0.8237246011051297,83.115,80.215,81.855,83.93,80.05,80.57,4,-261.12904667854764,-263.7500000000017,482.4999999999946,-967.5000000000011,-147.50000000000085,890.0000000000006,-1050.0000000000043,-790.0000000000063,9.5209375,28.66,19.1390625,19889.54666288828,20089.17812500013,199.63146211185085,70182.21637082809,36750.81874999959,73692.0562500001,11234.706250000065,67789.07500000004,79975.87500000033,60172.32500000048
2025-04-20,83.1928931115071,81.67166666666667,83.39999999999999,0.7416956884263722,85.175,80.76,82.13,80.585,78.85499999999999,82.525,4,-103.55344424644386,-864.1666666666623,887.5000000000028,-1319.9999999999932,-634.999999999998,-1407.4999999999989,-2272.500000000001,-437.4999999999929,10.716562500000002,43.63375,32.9171875,8877.89565885825,74087.16874999963,65209.27309114138,135391.48946196947,76087.59375000026,113166.89999999944,54440.13749999984,120668.49374999992,194827.10625000013,37507.968749999396
2025-04-21,83.77235104958216,82.01166666666666,85.15,0.6077804922291079,84.645,80.36,83.01999999999998,81.50999999999999,79.02499999999999,83.50999999999999,4,-688.8244752089249,-1569.1666666666747,-252.50000000000483,-2395.000000000003,-1065.0000000000118,-1820.0000000000073,-3062.5000000000073,-820.0000000000074,4.121562500000003,35.21625,31.0946875,22712.265008826293,51739.34791666697,29027.08290784068,164418.57236981014,8325.556250000165,78969.13750000017,35115.712500000416,60009.95000000029,100978.28125000032,27037.450000000263
2025-04-22,86.21661334693431,84.5225,87.15,0.6268810993784016,86.265,83.19,84.91499999999999,85.435,81.16,86.16999999999999,4,-466.6933265328481,-1313.750000000006,-442.50000000000256,-1980.000000000004,-1117.5000000000068,-857.5000000000017,-2995.0000000000045,-490.0000000000091,-13.409687500000004,41.17375,54.5834375,50065.69333712763,140935.8156250007,90870.12228787306,255288.6946576832,47470.29375000029,212409.4500000005,119882.60625000077,91990.4562500002,321296.11250000057,52565.97500000099
2025-04-23,80.55461503744125,80.31750000000001,80.35000000000001,0.7562286655711228,83.55,78.275,79.47,82.17999999999999,78.46,79.97,4,102.30751872062172,-16.24999999999943,1599.9999999999943,-1037.5000000000014,-440.00000000000483,914.999999999992,-945.0000000000074,-190.00000000000483,6.123437499999998,33.635,27.5115625,5011.789573326455,796.0468749999719,-4215.742698326483,251072.95195935672,78379.9999999997,50824.53125000005,21554.50000000023,44823.56249999959,46293.18750000035,9307.625000000233
2025-04-24,80.70828523953756,80.24083333333333,80.89999999999999,0.7498520224342053,81.26,78.17999999999999,80.88,82.01,78.83,80.285,4,-95.85738023121593,-329.583333333332,180.00000000000682,-1359.9999999999995,-9.99999999999801,555.0000000000068,-1034.9999999999966,-307.49999999999744,9.657812499999997,40.786249999999995,31.1284375,7406.180840114318,25464.432291666555,18058.251451552238,269131.203410909,13907.250000000522,105076.99999999993,772.6249999998461,42880.68750000051,79966.68749999971,23758.218749999796
2025-04-25,83.9285805084308,82.87583333333335,85.05,0.6874716289041563,84.59,82.02,83.155,83.4,81.19,82.9,4,-560.7097457845996,-1087.0833333333253,-229.99999999999687,-1515.0000000000005,-947.499999999998,-824.9999999999957,-1929.9999999999998,-1074.9999999999957,18.5625,46.22,27.6575,83265.39724901304,161431.8749999988,78166.47775098577,347297.68116189475,34154.999999999534,224977.50000000006,140703.7499999997,122512.49999999936,286604.99999999994,159637.49999999936
2025-04-26,85.16452613393464,83.56166666666665,84.89999999999999,0.7190698312189217,85.47,82.4,84.035,84.95499999999998,80.03,84.47999999999999,4,132.26306696732593,-669.1666666666691,285.0000000000037,-1249.999999999993,-432.49999999999744,27.499999999996305,-2434.999999999995,-210.00000000000085,-5.029999999999994,34.88,39.91,5322.265814765189,26927.266666666736,21605.000851901546,368902.6820137963,11468.400000000134,50299.99999999966,17403.799999999876,1106.59999999985,97984.39999999969,8450.400000000025
2025-04-27,85.49288621465365,84.82416666666668,85.64999999999999,0.7411929459832154,87.62,83.185,85.41000000000001,87.77499999999999,80.765,84.19,4,-78.5568926731699,-412.9166666666535,985.0000000000066,-1232.4999999999945,-119.99999999999034,1062.5,-2442.4999999999955,-729.9999999999968,-9.561875,32.12875,41.690625,6009.209505034131,31586.06041666566,25576.85091163153,394479.53292542783,75347.5750000005,94280.08749999959,9179.399999999261,81275.9375,186839.03749999966,55841.34999999976
2025-04-28,84.38490411559741,84.21166666666667,84.5,0.7773368614696672,86.535,83.4,83.995,86.075,81.985,83.28,4,-57.54794220129611,-144.16666666666345,1017.4999999999983,-549.9999999999972,-252.49999999999773,787.5000000000014,-1257.5000000000002,-609.9999999999994,0.4312499999999986,55.36875,54.9375,198.54040059447092,497.37499999998727,298.8345994055163,394778.36752483336,3510.3749999999827,1897.4999999999839,871.1249999999893,2716.874999999996,4338.374999999986,2104.499999999991
2025-04-29,85.10545234759648,84.60083333333333,84.94999999999999,0.8147131869206757,87.03,83.02499999999999,85.08500000000001,86.555,81.87999999999998,84.03,4,77.72617379824709,-174.58333333333087,1040.0000000000064,-962.4999999999986,67.50000000000966,802.5000000000091,-1535.0000000000036,-459.99999999999375,30.207812499999996,62.72,32.5121875,18783.501475518886,42190.24479166607,23406.74331614718,418185.11084098055,251329.0000000015,232600.15624999965,16312.218750002334,193934.15625000218,370951.9375000008,111164.74999999847
2025-04-30,82.45353672464688,81.38083333333333,83.19999999999999,0.7711189130640853,83.24000000000001,77.925,82.195,83.96,78.89,82.075,4,-373.2316376765539,-909.5833333333303,20.000000000010232,-2637.499999999996,-502.4999999999977,380.00000000000256,-2154.999999999994,-562.499999999993,-10.271250000000002,50.32,60.59125,30668.44366788244,74740.46249999976,44072.01883211732,462257.12967309786,1643.4000000008411,216723.3749999997,41290.42499999982,31224.600000000217,177076.34999999954,46220.62499999943
2025-05-01,84.40996984243392,83.4875,86.05,0.7971910130577784,85.575,81.49000000000001,83.69999999999999,84.95,81.9,83.30999999999999,5,-820.0150787830366,-1281.25,-237.49999999999716,-2279.999999999994,-1175.0000000000043,-549.9999999999972,-2074.999999999996,-1370.0000000000045,-86.635625,77.12375,163.759375,568340.1508783409,888015.15625,319675.00537165906,781932.1350447569,164607.68749999805,1580233.799999996,814374.875000003,381196.7499999981,1438151.3749999972,949526.4500000032
2025-05-02,81.27136695504188,79.9325,82.0,0.8132236328382996,83.49,76.875,79.89,81.69,77.605,80.04499999999999,5,-364.3165224790579,-1033.7499999999977,744.9999999999975,-2562.5,-1054.9999999999998,-155.00000000000114,-2197.499999999998,-977.5000000000063,21.191250000000004,52.7625,31.57125,61762.58005587469,175251.63749999963,113489.05744412495,895421.1924888819,126299.8499999996,434420.62500000006,178854.15,26277.150000000198,372542.17499999976,165715.5750000011
2025-05-03,79.02803801814714,77.24916666666667,79.65,0.7679831655785043,78.3,76.10499999999999,79.44,75.66,75.92,78.07,5,-310.9809909264314,-1200.4166666666692,-675.0000000000043,-1772.500000000008,-105.00000000000398,-1995.0000000000045,-1865.000000000002,-790.0000000000063,1.2631249999999987,28.415,27.151875,3142.462913311586,12130.21041666668,8987.747503355095,904408.939992237,6820.875000000036,17911.11250000006,1061.0250000000392,20159.475000000024,18845.825,7982.950000000055
2025-05-04,80.89522983749708,79.59083333333332,81.5,0.638100606226039,80.83500000000001,77.71000000000001,80.13,80.69500000000001,77.995,80.17999999999999,5,-302.38508125145813,-954.5833333333392,-332.499999999996,-1894.999999999996,-685.0000000000023,-402.4999999999963,-1752.4999999999977,-660.0000000000036,-8.060937500000001,23.2475,31.3084375,19500.05792720341,61558.69270833372,42058.63478113031,946467.5747733674,21442.09374999975,122203.81249999975,44173.93750000015,25956.218749999767,113014.34374999987,42561.75000000024
2025-05-05,76.12156574050586,75.31166666666667,76.65,0.7011273549006852,77.575,74.175,74.235,76.6,74.0,75.285,5,-264.2171297470739,-669.1666666666691,462.4999999999986,-1237.5000000000043,-1207.5000000000032,-25.000000000005684,-1325.0000000000027,-682.5000000000045,19.041875,42.0,22.958125,40249.5164600205,101937.50416666704,61687.98770664654,1008155.5624800139,70454.93749999978,188514.56250000067,183944.5125000005,3808.3750000008663,201843.87500000044,103968.6375000007
2025-05-06,81.72833195050558,79.25333333333333,81.75,0.6617605047552296,81.86,78.27,79.84,78.14,76.78999999999999,80.62,5,-10.834024747211402,-1248.3333333333348,54.999999999999716,-1740.000000000002,-954.9999999999983,-1804.9999999999998,-2480.000000000004,-564.9999999999977,1.4543749999999989,43.41375,41.959375,126.05387793380456,14524.358333333339,14398.304455399535,1022553.8669354134,639.9249999999962,20244.90000000001,11111.424999999972,21001.17499999998,28854.800000000025,6573.774999999969
2025-05-07,82.5531761352221,80.84416666666665,82.85,0.8431754709920695,83.10499999999999,79.945,82.285,78.51,80.25,80.97,5,-148.4119323889459,-1002.9166666666711,127.49999999999773,-1452.5000000000005,-282.49999999999886,-2169.9999999999945,-1299.9999999999973,-939.9999999999977,6.935625000000002,38.88875,31.953125,8234.636068600665,55646.83125000026,47412.19518139959,1069966.0621168131,7074.337499999876,80591.96250000004,15674.51249999994,120402.44999999972,72130.49999999987,52155.899999999885
2025-05-08,83.64050437927247,82.2575,85.05,0.6983296187287987,84.165,80.02,84.07499999999999,83.58,79.115,82.59,5,-704.7478103637629,-1396.250000000002,-442.49999999999545,-2515.0000000000005,-487.50000000000426,-734.9999999999994,-2967.500000000001,-1229.9999999999968,-28.117812499999992,41.55375,69.6715625,158527.7343327507,314075.96562500036,155548.23129224966,1225514.2934090628,99537.05624999895,565730.3875,109659.46875000093,165332.7374999998,667516.86875,276679.2749999992
2025-05-09,81.39580253163973,80.19166666666666,83.2,0.8107835289053245,81.91499999999999,79.10499999999999,80.985,81.05499999999999,77.755,80.335,5,-902.0987341801358,-1504.16666666667,-642.5000000000055,-2047.5000000000066,-1107.5000000000018,-1072.500000000005,-2722.5000000000036,-1432.5000000000045,1.8362499999999995,27.6775,25.84125,13251.830405106191,22096.208333333376,8844.377928227184,1234358.67133729,9438.325000000077,30077.77500000009,16269.175000000023,15755.025000000069,39993.525000000045,21043.42500000006
2025-05-10,81.38751764774324,79.94250000000001,82.85,0.634263979306284,81.37,77.42999999999999,81.49,81.19,77.66,80.515,5,-731.2411761283784,-1453.7499999999923,-739.9999999999949,-2710.000000000001,-679.9999999999998,-829.9999999999983,-2594.999999999999,-1167.4999999999968,-3.9787500000000016,21.619999999999997,25.59875,23275.40663616629,46272.86249999977,22997.45586383348,1257356.1272011234,23554.199999999848,86259.30000000006,21644.4,26418.899999999958,82598.85,37161.524999999914
2025-05-11,80.78081083814303,79.49916666666665,82.2,0.6082107727216766,80.14,78.095,80.725,79.53,78.5,80.005,5,-709.5945809284885,-1350.4166666666747,-1030.0000000000011,-2052.500000000002,-737.5000000000043,-1335.000000000001,-1850.0000000000014,-1097.5000000000036,-2.4165625000000013,27.5575,29.9740625,13718.237235800012,26106.930208333502,12388.69297253349,1269744.8201736568,19912.47500000003,39679.956250000054,14257.718750000091,25808.88750000003,35765.125000000044,21217.41875000008
2025-05-12,87.17552659869195,85.88499999999999,88.05,0.6203256095202407,87.06,85.945,86.825,85.67999999999999,84.05999999999999,85.74,5,-437.23670065402587,-1082.5000000000032,-494.99999999999744,-1052.500000000002,-612.4999999999972,-1185.0000000000023,-1995.0000000000045,-1155.0000000000011,5.535625000000003,38.9825,33.446875,19363.027288463545,47938.512500000164,28575.48521153662,1298320.3053851933,21921.0749999999,46609.96250000012,27124.56249999989,52477.72500000013,88348.57500000024,51149.175000000076
2025-05-13,95.89433481693268,95.68749999999999,97.05000000000001,0.6885218064612756,98.60499999999999,95.17,97.67,95.695,92.82499999999999,94.16,5,-577.8325915336637,-681.2500000000127,777.4999999999892,-940.0000000000048,309.99999999999517,-677.5000000000091,-2112.5000000000114,-1445.0000000000073,27.070625,69.55,42.479375,125138.31518548788,147534.90625000276,22396.591064514883,1320716.8964497081,168379.28749999765,203571.10000000102,67135.14999999895,146722.78750000196,457493.56250000244,312936.42500000156
2025-05-14,95.13660617073378,95.82083333333335,97.2,0.8495871182738278,99.71499999999999,94.82999999999998,96.195,95.57,95.03,93.585,5,-1031.696914633109,-689.5833333333244,1257.4999999999932,-1185.0000000000093,-502.50000000000483,-815.0000000000048,-1085.000000000001,-1807.5000000000045,72.79593750000001,117.3525,44.5565625,600826.7529325971,401590.9218749948,-199235.83105760225,1121481.0653921058,732327.1312499961,690105.4875000055,292639.66875000286,474629.5125000028,631868.7375000006,1052629.2562500027
2025-05-15,93.91703894396622,93.44333333333333,94.4,0.812187650320194,96.27,92.57000000000001,92.59,94.56500000000001,91.59,93.075,5,-241.48052801689346,-478.3333333333388,934.9999999999952,-914.9999999999991,-905.0000000000011,82.50000000000313,-1405.0000000000011,-662.5000000000014,33.94,110.12875,76.18875,65566.7929671469,129877.06666666815,64310.27369952125,1185791.3390916272,253871.19999999867,248440.79999999973,245725.6000000003,22400.40000000085,381485.60000000027,179882.00000000035
2025-05-16,92.75298089106877,92.60333333333332,93.3,0.8161948239647605,96.035,91.52,92.81,93.97000000000001,89.60499999999999,91.68,5,-273.50955446561187,-348.33333333333627,1367.4999999999998,-890.0000000000006,-244.99999999999744,335.00000000000796,-1847.5000000000036,-809.9999999999952,-228.0653125,76.95625,305.0215625,499024.3360874843,635542.004166672,136517.6680791877,1322309.0071708148,2495034.51875,1623825.025000001,447008.01249999536,611215.0375000145,3370805.3187500066,1477863.2249999912
2025-05-17,92.94655912697316,92.29249999999999,94.55,0.8000131995259578,96.03,90.645,93.30999999999999,92.99999999999999,88.655,92.11500000000001,5,-801.7204365134205,-1128.7500000000036,740.000000000002,-1952.5000000000005,-620.0000000000045,-775.0000000000057,-2947.499999999998,-1217.499999999994,-6.855625000000003,47.60375,54.459375,43970.35734057857,61906.29375000023,17935.936409421658,1340244.9435802365,40585.300000000134,107084.86250000008,34003.90000000026,42504.875000000335,161655.63749999998,66773.78749999971
2025-05-18,89.23952352801959,89.61666666666667,90.9,0.8937858834432487,92.82499999999999,89.78999999999999,90.34,90.625,86.365,87.755,5,-830.2382359902083,-641.6666666666657,962.4999999999915,-555.0000000000068,-280.00000000000114,-137.50000000000284,-2267.5000000000055,-1572.500000000005,14.184375000000005,47.64,33.455625,94211.28382898892,72813.12499999991,-21398.158828989006,1318846.7847512476,109219.68749999907,62978.62500000079,31773.00000000014,15602.812500000327,257304.5625000007,178439.4375000006
2025-05-19,87.92579600016276,87.89166666666667,89.30000000000001,0.8630366832510882,91.28999999999999,85.52,88.365,89.97,85.86500000000001,86.34,5,-687.1019999186245,-704.1666666666729,994.9999999999903,-1890.0000000000077,-467.50000000000824,334.99999999999375,-1717.5000000000011,-1480.000000000004,12.706562499999997,50.415,37.7084375,69845.63604672796,71580.30208333395,1734.666036605995,1320581.4507878537,101144.237499999,192123.22500000073,47522.54375000083,34053.587499999354,174588.16875000007,150445.7000000004
2025-05-20,91.97529137929278,90.25833333333333,93.35,0.6734072258023586,92.805,89.605,90.53999999999999,90.36999999999999,87.025,91.20499999999998,5,-687.3543103536051,-1545.8333333333344,-272.49999999999375,-1872.4999999999952,-1405.0000000000011,-1490.000000000002,-3162.4999999999945,-1072.500000000005,69.98750000000001,143.49625,73.50874999999999,384849.67836698354,865512.0833333341,480662.4049663505,1801243.855754204,152572.74999999654,1048412.7499999974,786659.5000000008,834251.0000000013,1770683.7499999972,600492.7500000029
2025-05-21,90.19914068579673,89.6,91.05000000000001,0.8334858217595292,91.44,88.65,90.585,88.84,88.575,89.50999999999999,5,-425.42965710163827,-725.0000000000085,194.99999999999318,-1200.0000000000027,-232.5000000000088,-1105.000000000004,-1237.5000000000043,-770.0000000000102,17.458750000000002,54.42,36.96125,59419.76020738582,101260.75000000121,41840.989792615386,1843084.8455468195,27235.649999999052,167604.0000000004,32473.275000001235,154335.3500000006,172841.6250000006,107545.90000000143
2025-05-22,93.02954158147178,91.98083333333334,94.1,0.8024522910390176,95.3,91.23,92.775,91.83000000000001,88.985,91.765,5,-535.2292092641094,-1059.583333333329,600.0000000000014,-1434.9999999999952,-662.4999999999943,-1134.999999999991,-2557.4999999999973,-1167.4999999999968,-27.291875000000005,43.79875,71.090625,116859.26940467935,231344.12708333242,114484.85767865308,1957569.7032254725,131001.00000000032,313310.724999999,144646.93749999878,247810.22499999806,558391.7624999995,254906.11249999935
2025-05-23,93.92987958888214,93.09166666666668,94.19999999999999,0.7807194424575638,96.03999999999999,91.775,94.33000000000001,93.69999999999999,89.9,92.80499999999999,5,-135.06020555892206,-554.1666666666529,920.0000000000017,-1212.4999999999914,65.00000000001194,-250.0,-2149.9999999999914,-697.499999999998,-40.050625,41.12125,81.171875,43273.96516210642,177557.7708333289,134283.80567122248,2091853.508896695,294772.6000000005,388491.0624999972,20826.325000003824,80101.25,688870.7499999972,223482.48749999932
2025-05-24,94.610299346447,93.7725,95.69999999999999,0.7675350309121721,97.74,92.49,94.425,94.28,90.235,93.46499999999999,5,-544.8503267764977,-963.7499999999975,1020.0000000000032,-1604.9999999999968,-637.4999999999957,-709.9999999999937,-2732.4999999999945,-1117.4999999999998,7.241875,48.97375,41.731875,31565.903681796397,55834.85624999986,24268.952568203462,2116122.4614648987,59093.700000000186,92985.67499999981,36933.56249999975,41133.84999999964,158307.3874999997,64742.36249999999
2025-05-25,95.28510836323102,93.44333333333334,95.9,0.7516198245450348,96.89,92.925,94.27,94.715,87.75999999999999,94.1,5,-307.4458183844939,-1228.3333333333317,494.99999999999744,-1487.5000000000043,-815.0000000000048,-592.5000000000011,-4070.0000000000073,-900.0000000000057,16.3359375,53.81125,37.4753125,40179.32539012355,160527.8124999998,120348.48710987624,2236470.948574775,64690.312499999665,194397.65625000055,106510.31250000063,77432.34375000015,531898.1250000009,117618.75000000074
2025-05-26,87.91513409296671,86.58416666666666,88.19999999999999,0.851751670824007,91.00999999999999,81.2,86.75999999999999,90.50999999999999,82.645,87.38000000000001,5,-142.43295351663932,-807.9166666666638,1405.0000000000011,-3499.9999999999927,-719.9999999999989,1155.0000000000011,-2777.4999999999964,-409.9999999999895,21.668125,47.88375,26.215625,24690.04032734184,140048.31458333283,115358.27425599098,2351829.222830766,243549.7250000002,606707.4999999987,124808.3999999998,200213.4750000002,481465.73749999935,71071.44999999818
2025-05-27,87.86671404719351,86.50499999999998,88.44999999999999,0.7720416300372478,89.55,85.49,87.755,85.07,83.96499999999999,87.2,5,-291.64297640323866,-972.5000000000036,550.0000000000043,-1479.9999999999968,-347.4999999999966,-1689.9999999999977,-2242.4999999999995,-624.999999999993,-16.655625,45.78375,62.439375,38859.968390849535,129580.76250000049,90720.79410915096,2442550.0169399166,73284.75000000058,197202.59999999957,46302.637499999546,225184.0499999997,298801.9125,83278.12499999907
2025-05-28,83.27126374125481,81.9675,83.10000000000001,0.8041584948180529,83.665,80.805,82.17499999999998,82.245,79.885,83.03,5,85.6318706274024,-566.2500000000036,282.49999999999886,-1147.500000000001,-462.5000000000128,-427.500000000002,-1607.5000000000018,-35.000000000003695,7.853437500000002,34.3975,26.5440625,5380.036351843126,35576.071875000234,30196.03552315711,2472746.0524630737,17748.768749999934,72094.55625000007,29057.71875000081,26858.75625000013,100995.20625000013,2198.9625000002325
2025-05-29,90.21282029887041,88.61083333333335,90.74999999999999,0.7763535224143786,91.98500000000001,86.79,88.64999999999999,89.47,85.915,88.85499999999999,5,-268.589850564787,-1069.5833333333198,617.5000000000139,-1979.9999999999898,-1049.9999999999973,-639.9999999999934,-2417.49999999999,-947.499999999998,1.1418749999999989,43.36625,42.224375,2453.568284909327,9770.643749999866,7317.07546509054,2480063.1279281643,5640.862500000121,18087.29999999989,9591.749999999965,5846.399999999934,22083.862499999886,8655.412499999973
2025-05-30,84.67732380946477,83.85333333333334,85.65,0.7838106383893264,86.16499999999999,83.12,83.545,83.7,82.555,84.035,5,-486.3380952676195,-898.3333333333335,257.4999999999932,-1265.0000000000005,-1052.500000000002,-975.0000000000014,-1547.4999999999995,-807.5000000000045,6.697187499999998,54.08125,47.3840625,26056.779299200876,48130.45416666666,22073.674867465787,2502136.80279563,13796.206249999632,67775.5375,56390.31875000009,52238.06250000006,82911.18124999995,43263.831250000236
2025-05-31,88.64658242424329,86.84333333333333,88.35,0.797781103377781,89.10999999999999,85.11,87.24999999999999,86.41,85.41,87.76999999999998,5,148.29121212164864,-753.3333333333303,379.99999999999545,-1619.9999999999975,-550.0000000000043,-969.9999999999989,-1469.9999999999989,-290.00000000000625,-2.6534374999999955,41.901250000000005,44.5546875,3147.851705312291,15991.383333333242,12843.531628020952,2514980.334423651,8066.44999999989,34388.54999999989,11675.125000000071,20590.67499999994,31204.424999999923,6155.975000000122
2025-06-01,92.20223680873711,90.24833333333333,92.3,0.7554054750534713,94.16499999999999,87.295,90.86,90.83500000000001,87.35,90.98500000000001,6,-48.881595631442565,-1025.8333333333312,932.4999999999975,-2502.4999999999977,-719.9999999999989,-732.4999999999945,-2475.0000000000014,-657.4999999999918,10.0384375,45.365,35.3265625,3925.558741172074,82382.1104166665,78456.55167549443,2593436.8860991453,74886.7437499998,200969.51874999984,57821.399999999914,58825.243749999565,198761.06250000012,52802.18124999935
2025-06-02,93.57442412455876,92.00083333333333,93.0,0.7512396688115899,93.945,90.925,92.97500000000001,92.99499999999999,89.08500000000001,92.08,6,287.2120622793801,-499.5833333333337,472.4999999999966,-1037.5000000000014,-12.499999999995737,-2.5000000000048317,-1957.499999999996,-460.00000000000085,9.694374999999994,45.745,36.050625,22274.731490077313,38745.185416666674,16470.45392658936,2609907.3400257346,36644.73749999971,80463.31250000006,969.4374999996687,193.8875000003746,151813.9124999996,35675.30000000005
2025-06-03,90.79236003220082,89.6725,91.35,0.788797888624478,93.10499999999999,88.47,89.425,90.77000000000001,86.405,89.85999999999999,6,-278.81998389958795,-838.7499999999975,877.4999999999977,-1439.9999999999977,-962.4999999999986,-289.99999999999204,-2472.4999999999964,-745.0000000000045,12.2203125,44.31125,32.0909375,27258.138675983468,81998.29687499975,54740.15819901628,2664647.498224751,85786.59374999978,140777.9999999998,94096.40624999987,28351.12499999922,241717.78124999965,72833.06250000045
2025-06-04,87.53256097277004,86.36083333333333,88.7,0.816402452633436,87.69,85.025,86.805,86.23499999999999,85.46000000000001,86.94999999999999,6,-583.7195136149802,-1169.5833333333353,-505.00000000000256,-1837.4999999999986,-947.499999999998,-1232.5000000000089,-1619.9999999999975,-875.000000000007,22.510625,53.765,31.254375,105119.12860935372,210624.4145833337,105505.28597397999,2770152.784198731,90942.92500000047,330906.18749999977,170630.53749999963,221954.7625000016,291737.69999999955,157574.37500000128
2025-06-05,92.92575648248194,91.16999999999999,92.95,0.7444852774757876,93.215,90.57499999999999,91.74,90.785,88.94,91.765,6,-12.121758759029433,-890.0000000000077,132.50000000000028,-1187.500000000007,-605.000000000004,-1082.5000000000032,-2005.0000000000025,-592.5000000000011,-86.99437499999999,44.15375,131.148125,8436.198617140328,619399.9500000053,610963.751382865,3381116.535581596,92214.0375000002,826446.5625000048,421052.7750000027,753371.2875000022,1395389.7750000015,412353.3375000007
2025-06-06,94.67348661700885,93.13416666666667,94.55,0.7095621454518068,95.57500000000002,92.52499999999999,94.065,93.155,89.82499999999999,93.66,6,61.74330850442544,-707.9166666666623,512.50000000001,-1012.5000000000028,-242.49999999999972,-697.499999999998,-2362.500000000004,-445.0000000000003,19.510624999999997,54.87625,35.365625,9637.204307913244,110495.17291666598,100857.96860875274,3481974.504190349,79993.56250000156,158036.06250000044,37850.61249999995,108869.28749999967,368750.8125000006,69457.82500000004
2025-06-07,95.33899104893206,94.0375,95.45,0.8395269262961113,98.035,92.64000000000001,94.99499999999999,94.30000000000001,90.44,93.81499999999998,6,-55.5044755339722,-706.2500000000043,1292.4999999999968,-1404.999999999994,-227.50000000000625,-574.9999999999957,-2505.0000000000027,-817.5000000000097,31.116250000000008,72.58625,41.47,13816.729094671702,175806.8125000011,161990.0834053294,3643964.5875956784,321742.02499999927,349746.6499999986,56631.57500000157,143134.74999999895,623569.6500000008,203500.27500000247
2025-06-08,95.84919462958973,94.71416666666667,96.39999999999999,0.7564624251585318,97.94999999999999,93.71000000000001,94.75,95.11999999999999,91.97,94.78499999999998,6,-275.40268520512967,-842.9166666666604,774.9999999999986,-1344.9999999999918,-824.9999999999957,-640.0000000000006,-2214.9999999999964,-807.5000000000045,26.23375,57.97625,31.7425,57798.76154400057,176902.92083333203,119104.15928933147,3763068.74688501,162649.2499999997,282275.1499999983,173142.7499999991,134316.80000000013,464862.04999999923,169470.02500000095
2025-06-09,94.68060413440068,92.98583333333333,94.65,0.7523672904335597,96.55999999999999,91.82500000000002,93.475,92.81,89.19999999999999,94.04499999999999,6,15.302067200337888,-832.0833333333369,954.9999999999911,-1412.4999999999943,-587.5000000000057,-920.0000000000017,-2725.0000000000086,-302.5000000000091,20.3671875,56.69,36.3228125,2493.2805744550546,135577.57812500058,133084.29755054554,3896153.0444355556,155605.31249999854,230149.21874999907,95725.78125000093,149902.5000000003,444004.6875000014,49288.593750001484
2025-06-10,90.01625398596127,88.47083333333333,89.14999999999999,0.8282274715435184,92.15,86.55999999999999,89.57000000000001,88.69000000000001,85.66999999999999,88.18499999999999,6,433.1269929806396,-339.58333333333,1500.000000000007,-1295.0000000000018,210.00000000000796,-229.99999999998977,-1740.000000000002,-482.5000000000017,-1.4212500000000006,41.4175,42.838750000000005,4924.653910189874,3861.0624999999636,-1063.5914101899107,3895089.4530253657,17055.000000000087,14724.150000000027,2387.700000000091,2615.099999999885,19783.800000000032,5486.0250000000215
2025-06-11,84.2399789472421,83.09583333333333,83.4,0.8995216737667829,88.66499999999999,79.94,80.88,84.63,80.74,83.72,6,419.9894736210439,-152.08333333333712,2632.499999999993,-1730.000000000004,-1260.000000000005,614.9999999999949,-1330.0000000000055,159.9999999999966,-2.820937499999999,33.86875,36.6896875,9478.112445942905,3432.140625000084,-6045.971820942821,3889043.481204423,59408.943749999824,39041.77500000008,28435.0500000001,13879.012499999879,30014.77500000011,3610.7999999999215
2025-06-12,80.84506414135296,81.39583333333333,81.05,1.0043182361872691,82.47,80.07,82.89,80.64,83.10000000000001,79.205,6,-102.46792932351667,172.91666666666572,710.0000000000009,-490.000000000002,920.0000000000017,-204.9999999999983,1025.0000000000057,-922.4999999999994,5.289687499999999,35.44625,30.1565625,4336.186599147916,7317.401041666626,2981.21444251871,3892024.6956469417,30045.425000000036,20735.57500000008,38932.10000000007,8675.087499999927,43375.43750000023,39037.893749999974
2025-06-13,92.48991063753763,89.33666666666667,92.15,0.7001859286010674,92.075,87.73,89.025,89.07499999999999,86.245,91.86999999999999,6,169.95531876881387,-1406.6666666666663,-37.50000000000142,-2210.000000000001,-1562.5,-1537.5000000000086,-2952.5000000000005,-140.00000000000767,2.8331249999999955,39.56375,36.730625,3852.0372998951602,31882.09999999994,28030.06270010478,3920054.7583470466,849.9375000000308,50089.64999999994,35414.06249999994,34847.43750000014,66918.4124999999,3173.1000000001686
2025-06-14,92.40370344956716,90.01083333333334,93.1,0.7942949054176192,93.785,86.875,90.625,89.445,87.545,91.78999999999999,6,-348.1482752164169,-1544.5833333333283,342.50000000000114,-3112.4999999999973,-1237.4999999999973,-1827.5000000000005,-2777.4999999999964,-655.0000000000011,6.82375,31.85875,25.035,19005.4143440642,84318.80416666639,65313.38982260219,3985368.148169649,18697.075000000063,169911.37499999985,67555.12499999985,99763.22500000003,151623.7249999998,35756.45000000006
2025-06-15,91.15600321531295,89.0275,91.74999999999999,0.7728965732673712,92.775,84.905,88.96,90.595,86.33500000000001,90.595,6,-296.998392343518,-1361.2499999999911,512.50000000001,-3422.4999999999923,-1394.999999999996,-577.4999999999934,-2707.499999999989,-577.4999999999934,7.619687500000001,30.95625,23.3365625,18104.27950128,82978.39687499947,64874.11737371946,4050242.265543368,31240.718750000615,208627.04374999958,85035.71249999976,35202.9562499996,165042.43124999935,35202.9562499996
2025-06-16,94.52857441266379,91.88083333333333,92.55,0.8064822609092247,95.75999999999999,88.235,92.335,91.98499999999999,89.705,93.265,6,989.2872063318947,-334.58333333333456,1604.9999999999968,-2157.499999999999,-107.5000000000017,-282.50000000000597,-1422.4999999999995,357.5000000000017,-0.0593750000000028,37.10375,37.163125,469.91142300767217,158.92708333334141,-310.9843396743307,4049931.2812036937,762.3750000000344,1024.812500000048,51.06250000000322,134.18750000000915,675.6875000000316,169.8125000000088
2025-06-17,94.33327943563461,92.655,93.85,0.7723539376209163,95.33,90.545,94.38499999999999,92.92500000000001,89.68,93.065,6,241.6397178173071,-597.4999999999966,740.000000000002,-1652.4999999999964,267.4999999999983,-462.4999999999915,-2084.9999999999936,-392.4999999999983,-2.481874999999995,35.16125,37.643125,4797.756597262623,11863.362499999908,7065.605902737286,4056996.887106431,14692.700000000012,32810.387499999866,5311.212499999956,9182.937499999813,41397.67499999979,7793.0874999999505
2025-06-18,94.26817601044972,92.32833333333333,93.95,0.7202516892140927,95.45499999999998,91.15,93.11,92.69,88.63,92.935,6,159.08800522485933,-810.8333333333348,752.4999999999907,-1399.9999999999986,-420.0000000000017,-630.0000000000025,-2660.0000000000036,-507.5000000000003,13.627499999999998,48.16375,34.53625,17343.77432961416,88397.05000000015,71053.27567038599,4128050.162776817,82037.54999999897,152627.99999999983,45788.400000000176,68682.60000000027,289993.20000000036,55327.65000000002
2025-06-19,95.15448531945546,93.12333333333332,94.44999999999999,0.7258703678059503,96.51499999999999,91.485,93.605,93.63,89.565,93.94,6,352.24265972773594,-663.3333333333339,1032.4999999999989,-1482.4999999999945,-422.4999999999923,-409.9999999999966,-2442.4999999999955,-254.99999999999545,-3.3531249999999986,47.8525,51.205625,9448.909347196513,17793.916666666675,8345.007319470162,4136395.170096287,27696.812499999956,39768.06249999984,11333.562499999789,10998.249999999904,65520.06249999985,6840.374999999875
2025-06-20,94.77679157614708,93.51,94.94999999999999,0.790504140813781,96.57999999999998,92.44,93.92999999999999,93.455,90.785,93.86999999999999,6,-86.60421192645629,-719.9999999999918,814.9999999999977,-1254.9999999999955,-509.999999999998,-747.4999999999952,-2082.499999999996,-539.9999999999991,-5.018124999999998,42.5125,47.530625,3476.726087787586,28904.39999999966,25427.673912212074,4161822.8440084993,32718.174999999894,50381.974999999795,20473.94999999991,30008.387499999793,83601.9624999998,21678.299999999952
2025-06-21,93.9353791308403,92.89500000000001,94.25,0.7858918808121714,96.315,92.06,93.045,92.49000000000001,90.475,92.985,6,-157.3104345798484,-677.4999999999949,1032.4999999999989,-1094.9999999999989,-602.4999999999991,-879.9999999999955,-1887.5000000000027,-632.5000000000002,10.6125,39.8425,29.23,13355.65589582913,57519.74999999957,44164.09410417044,4205986.93811267,87659.24999999991,92965.49999999991,51152.24999999993,74711.99999999962,160248.75000000023,53699.25000000002
2025-06-22,94.38213676134745,92.82416666666666,94.1,0.7252052322888686,95.865,91.095,92.905,92.92,90.72,93.44,6,141.06838067372962,-637.9166666666691,882.5000000000002,-1502.4999999999977,-597.4999999999966,-589.9999999999964,-1689.9999999999977,-329.9999999999983,14.85,38.02875,23.17875,16758.92362403908,75784.50000000029,59025.57637596122,4265012.514488631,104841.00000000003,178496.99999999974,70982.99999999959,70091.99999999956,200771.99999999974,39203.999999999796
2025-06-23,94.54283177236715,93.24666666666667,93.94999999999999,0.8055651252802064,97.01499999999999,92.12,93.705,92.68499999999999,90.425,93.53,6,296.4158861835813,-351.66666666665947,1532.4999999999989,-914.999999999992,-122.49999999999517,-632.5000000000002,-1762.4999999999957,-209.99999999999375,8.441562500000003,40.155,31.7134375,20017.70583369271,23748.92916666619,3731.223332973477,4268743.737821604,103493.55624999997,61792.237499999486,8272.731249999677,42714.30625000003,119026.03124999975,14181.824999999584
2025-06-24,93.71167169014612,92.31666666666666,94.55,0.7443961238025819,95.57000000000001,90.47,92.71000000000001,91.97,90.19500000000001,92.985,6,-419.16415492693915,-1116.6666666666672,510.0000000000051,-2039.999999999999,-919.9999999999945,-1289.999999999999,-2177.499999999995,-782.4999999999989,4.866875,37.2675,32.400625,16320.156372080377,43477.41666666669,27157.26029458632,4295900.998116191,19856.8500000002,79427.39999999997,35820.199999999786,50226.149999999965,84780.9624999998,30466.637499999957
2025-06-25,90.5759267137448,89.10166666666667,91.35,0.7495506430592812,91.55499999999999,87.38499999999999,89.32000000000001,88.61999999999999,87.185,90.54499999999999,6,-387.036643127594,-1124.1666666666604,102.49999999999915,-1982.5000000000018,-1014.9999999999934,-1365.000000000002,-2082.499999999996,-402.5000000000034,6.144687499999996,35.5575,29.4128125,19025.75378454469,55261.222916666324,36235.46913212164,4332136.467248312,5038.643749999955,97454.74375000004,49894.86249999965,67099.98750000006,102370.49374999973,19785.893750000156
2025-06-26,92.87735296090443,90.59583333333333,93.74999999999999,0.7645471669997357,93.19,87.34,91.23,90.405,89.185,92.225,6,-436.32351954777704,-1577.0833333333271,-279.99999999999403,-3204.9999999999914,-1259.999999999991,-1672.4999999999923,-2282.499999999992,-762.4999999999957,-1.6546875000000014,38.03125,39.6859375,5775.832590013703,20876.640624999935,15100.808034986232,4347237.275283298,3706.499999999924,42426.18749999992,16679.249999999894,22139.718749999916,30214.593749999916,10093.59374999995
2025-06-27,93.81795486768087,92.76833333333333,93.85,0.7682734916098218,94.85499999999999,91.13499999999999,93.625,92.085,92.47999999999999,92.42999999999999,6,-16.022566159563212,-540.8333333333317,502.4999999999977,-1357.5000000000018,-112.49999999999716,-882.5000000000002,-685.0000000000023,-710.0000000000009,-2.774687499999999,38.84,41.6146875,355.6609123269042,12005.147916666625,11649.48700433972,4358886.762287638,11154.243749999945,30133.10625000003,2497.218749999936,19589.293749999997,15205.287500000044,15760.225000000013
2025-06-28,94.38046461065609,93.64083333333333,94.5,0.7616518151633827,96.30000000000001,92.715,93.855,92.655,93.16499999999999,93.155,6,-59.76769467195453,-429.5833333333334,900.0000000000057,-892.4999999999983,-322.499999999998,-922.4999999999994,-667.500000000004,-672.4999999999994,1.5218750000000014,34.31875,32.796875,727.6716826310471,5230.177083333339,4502.505400702292,4363389.2676883405,10957.50000000008,10866.187499999989,3926.4374999999795,11231.437500000004,8126.812500000056,8187.687500000001
2025-06-29,93.04398616313935,91.84750000000001,93.94999999999999,0.7583896114789711,94.88499999999999,88.88,91.89,91.645,91.675,92.11000000000001,6,-453.0069184303187,-1051.2499999999889,467.50000000000114,-2534.9999999999964,-1029.999999999994,-1152.4999999999964,-1137.4999999999957,-919.9999999999875,4.52375,31.2,26.67625,16394.320377993234,38044.737499999595,21650.41712200636,4385039.684810347,16918.82500000004,91741.64999999986,37275.699999999786,41708.97499999987,41166.12499999984,33294.799999999545
2025-06-30,94.22189334789911,92.71416666666666,93.94999999999999,0.7299948184028696,95.835,90.565,93.38,92.49,91.10999999999999,92.905,6,135.9466739495616,-617.9166666666661,942.5000000000025,-1692.4999999999955,-284.9999999999966,-729.9999999999968,-1420.0000000000018,-522.4999999999937,8.731249999999996,50.9725,42.24125,9495.875175376874,43161.479166666606,33665.60399128973,4418705.288801637,65833.62500000015,118221.12499999962,19907.249999999753,50990.49999999975,99187.00000000007,36496.62499999955
2025-07-01,93.67108602364858,93.01083333333334,93.59999999999998,0.9233119012648267,97.28999999999999,91.505,92.53999999999999,92.24499999999999,91.82,92.665,7,35.543011824302084,-294.5833333333212,1845.000000000006,-1047.4999999999923,-529.9999999999941,-677.4999999999949,-889.9999999999934,-467.4999999999869,-33.158125,53.7525,86.910625,9428.317031573491,78142.64791666345,68714.33088508996,4487419.6196867265,489413.92500000156,277865.0874999979,140590.4499999984,179717.03749999864,236085.84999999823,124011.38749999652
2025-07-02,93.07038871506852,92.33916666666667,93.69999999999999,0.8804940952014217,95.83,90.465,92.545,92.18999999999998,91.065,91.94,7,-314.8056424657355,-680.4166666666589,1065.0000000000048,-1617.4999999999927,-577.4999999999934,-755.0000000000025,-1317.4999999999955,-879.9999999999955,-0.3503125000000011,43.6575,44.0078125,882.2428130102264,1906.8677083333175,1024.624895323091,4488444.24458205,2984.6625000000226,4533.043749999993,1618.4437499999865,2115.8875000000135,3692.2937499999985,2466.199999999995
2025-07-03,88.57204143116871,87.35166666666667,90.25,0.9199102610768128,89.16999999999999,83.80999999999999,87.96499999999999,88.48,86.25999999999999,88.425,7,-838.9792844156432,-1449.166666666663,-540.0000000000063,-3220.000000000006,-1142.5000000000055,-884.999999999998,-1995.0000000000045,-912.5000000000014,10.7015625,44.83,34.1284375,71827.11398703424,124066.7812499997,52239.66726296545,4540683.911845015,46230.75000000053,275672.2500000005,97812.28125000047,75767.06249999983,170796.93750000038,78121.40625000012
2025-07-04,87.84740080634751,86.50416666666666,87.95,0.8917010135066489,87.285,85.27000000000001,87.905,87.345,84.82000000000001,86.4,7,-51.299596826247296,-722.9166666666699,-332.5000000000031,-1339.9999999999964,-22.500000000000853,-302.500000000002,-1564.9999999999977,-774.9999999999986,4.518749999999997,31.23625,26.7175,1854.4804252688386,26133.437500000102,24278.957074731265,4564962.868919747,12019.875000000106,48440.99999999984,813.3750000000304,10935.375000000065,56574.74999999988,28016.249999999935
2025-07-05,85.94486777941387,85.66416666666667,86.35,1.0145976924598166,89.865,86.185,85.335,85.335,83.345,83.91999999999999,7,-202.5661102930627,-342.9166666666603,1757.5000000000002,-82.49999999999602,-507.5000000000003,-507.5000000000003,-1502.4999999999977,-1215.0000000000034,7.232187499999995,33.19125,25.9590625,11719.968726280867,19840.301041666284,8120.332315385416,4573083.201235132,101684.55624999994,4773.243749999767,29362.681249999994,29362.681249999994,86930.89374999981,70296.86250000015
2025-07-06,91.62841691811879,89.84833333333333,91.35,0.8932917206921067,93.905,89.03,89.065,90.255,87.16999999999999,89.665,7,139.20845905939672,-750.8333333333326,1277.5000000000034,-1159.9999999999966,-1142.4999999999982,-547.4999999999994,-2090.0000000000036,-842.4999999999941,5.62875,34.1575,28.52875,6268.556911444634,33810.024999999965,27541.46808855533,4600624.669323687,57525.82500000016,52234.79999999985,51446.77499999992,24653.924999999974,94112.70000000017,37937.77499999973
2025-07-07,92.19881690541904,90.10416666666666,92.60000000000001,0.8617934795496377,93.74499999999999,87.91499999999999,90.88,90.33999999999999,87.0,90.74499999999999,7,-200.591547290486,-1247.9166666666756,572.4999999999909,-2342.500000000008,-860.0000000000066,-1130.0000000000095,-2800.000000000004,-927.5000000000091,6.030312500000001,42.43375,36.4034375,9677.037720161272,60202.61979166711,50525.582071505836,4651150.251395193,27618.831249999566,113008.05625000042,41488.55000000032,54514.02500000047,135079.0000000002,44744.91875000045
2025-07-08,92.64679942727089,90.55,93.35,0.8524094266964095,94.615,88.19,90.61,91.34,86.57500000000002,91.96999999999998,7,-351.6002863645511,-1399.9999999999986,632.5000000000002,-2579.999999999998,-1369.9999999999975,-1004.9999999999955,-3387.4999999999886,-690.0000000000048,-24.4853125,42.80375,67.2890625,68872.34309380417,274235.4999999997,205363.15690619554,4856513.408301389,123895.68125000004,505376.8499999996,268359.0249999995,196861.9124999991,663551.9687499978,135158.92500000092
2025-07-09,91.10994439522426,89.31666666666666,92.6,0.8322972022164127,93.60499999999999,86.295,89.85,90.345,85.72500000000001,90.07999999999998,7,-745.0278023878667,-1641.6666666666656,502.4999999999977,-3152.4999999999964,-1375.0,-1127.4999999999977,-3437.4999999999927,-1260.000000000005,-14.553437499999994,37.94375,52.497187499999995,86741.72446251332,191135.14583333314,104393.42137081982,4960906.829672209,58504.818749999715,367037.69374999945,160087.81249999994,131272.0062499997,400219.531249999,146698.65000000052
2025-07-10,95.14789594491323,92.65083333333332,95.3,0.897689719775517,96.095,89.83,94.03,93.30499999999999,89.36999999999999,93.27499999999999,7,-76.05202754338336,-1324.5833333333367,397.50000000000085,-2734.9999999999995,-634.999999999998,-997.5000000000023,-2965.0000000000036,-1012.5000000000028,3.424375000000005,35.325,31.900625,2083.44529455099,36286.96041666681,34203.515122115816,4995110.344794325,10889.512500000039,74925.3250000001,17395.824999999968,27326.512500000103,81226.17500000022,27737.437500000116
2025-07-11,92.46140769322713,91.03333333333333,93.1,0.9038994181382233,94.265,89.34,91.86,92.355,87.495,90.88499999999999,7,-319.296153386432,-1033.3333333333314,582.5000000000032,-1879.9999999999955,-619.9999999999975,-372.49999999999517,-2802.499999999995,-1107.5000000000018,1.4334375000000037,33.15375,31.7203125,3661.5286389589187,11849.75000000001,8188.221361041091,5003298.566155366,6679.818750000054,21558.900000000005,7109.849999999989,4271.643749999956,32137.668750000026,12700.256250000053
2025-07-12,93.86186635494232,91.42500000000001,94.1,0.7533293715850355,94.26999999999998,89.89,92.16,93.32000000000001,86.255,92.655,7,-119.06682252883627,-1337.4999999999914,84.99999999999375,-2104.999999999997,-969.9999999999989,-389.99999999999346,-3922.4999999999995,-722.4999999999966,-58.73781250000001,41.29,100.0278125,55949.797573356496,628494.593749996,572544.7961766395,5575843.362332005,39941.71249999707,989144.7624999987,455805.4249999995,183261.97499999695,1843192.5562500001,339504.55624999845
2025-07-13,88.79760907491047,87.88333333333333,91.15,0.9549656142914795,91.47500000000001,85.35999999999999,88.835,88.065,85.985,87.58,7,-1176.1954625447686,-1633.3333333333399,162.50000000000142,-2895.00000000001,-1157.500000000006,-1542.500000000004,-2582.500000000003,-1785.0000000000036,-5.112499999999997,43.7175,48.83,48106.39441808101,66803.33333333356,18696.938915252555,5594540.301247258,6646.250000000055,118405.50000000035,47341.75000000022,63088.25000000013,105624.25000000007,73006.5000000001
2025-07-14,93.0325954759121,90.3275,91.75,0.7838930007380606,94.56,87.64,91.095,90.02499999999999,86.94,91.705,7,641.2977379560516,-711.2499999999998,1405.0000000000011,-2054.9999999999995,-327.50000000000057,-862.5000000000043,-2405.000000000001,-22.500000000000853,20.722812499999996,51.745,31.0221875,106315.94224269911,117912.80312499995,11596.86088230084,5606137.162129559,232924.41250000015,340683.03749999986,54293.76875000008,142987.4062500007,398706.9125000001,3730.106250000141
2025-07-15,94.86247457623482,92.53500000000001,94.60000000000001,0.7759234283713792,96.315,90.1,93.55499999999999,92.41,89.26,93.57,7,131.2372881174042,-1032.4999999999989,857.4999999999945,-2250.0000000000073,-522.500000000008,-1095.000000000006,-2670.000000000002,-515.0000000000077,10.0828125,39.91375,29.8309375,10585.927752770116,83284.0312499999,72698.10349722978,5678835.265626788,69168.09374999955,181490.62500000058,42146.15625000064,88325.43750000047,215368.87500000015,41541.18750000062
2025-07-16,95.78740500887235,94.30083333333334,95.80000000000001,0.8385295745420025,97.49000000000001,92.785,95.88,94.17999999999999,91.43,94.03999999999999,7,-6.297495563828193,-749.5833333333337,844.9999999999989,-1507.5000000000073,39.99999999999204,-810.0000000000093,-2185.0000000000023,-880.0000000000097,10.057812500000004,43.05375,32.9959375,506.7122368045262,60313.34895833339,59806.63672152886,5738641.902348317,67990.81249999994,121297.21875000064,3218.499999999361,65174.62500000078,175810.56250000026,70807.0000000008
2025-07-17,95.04792838215829,94.045,94.54999999999998,0.8575829737351481,97.88499999999998,92.275,94.96000000000001,92.185,93.24,93.725,7,248.96419107915335,-252.49999999999062,1667.4999999999968,-1137.4999999999886,205.0000000000125,-1182.4999999999905,-654.9999999999941,-412.4999999999943,18.55718749999999,46.786249999999995,28.2290625,36960.60139713339,37485.51874999859,524.9173528652027,5739166.819701183,247552.8812499994,168870.40624999822,30433.78750000184,175550.99374999848,97239.66249999907,61238.71874999913
2025-07-18,95.42270658413568,94.00416666666668,95.35,0.8018469259382869,96.81,92.295,93.92500000000001,93.91999999999999,93.16,93.91499999999999,7,36.35329206784377,-672.9166666666586,730.000000000004,-1527.4999999999964,-712.4999999999915,-715.0000000000034,-1094.9999999999989,-717.5000000000011,6.930937499999999,38.35375,31.4228125,2015.6991619317669,37311.54687499954,35295.84771306778,5774462.667414251,40476.675000000214,84696.05624999979,39506.34374999952,39644.96250000018,60715.012499999924,39783.581250000054
2025-07-19,95.79134907881419,94.43916666666668,95.6,0.8284515334487252,98.08499999999998,93.49000000000001,95.18,94.51499999999999,91.44999999999999,93.91499999999999,7,95.67453940709925,-580.4166666666574,1242.4999999999927,-1054.9999999999927,-209.99999999999375,-542.500000000004,-2075.0000000000027,-842.5000000000011,7.764062500000001,31.98375,24.2196875,5942.584828923453,36051.13020833277,30108.545379409316,5804571.21279366,77174.78124999956,65528.68749999956,13043.624999999614,33696.031250000255,128883.43750000019,52329.78125000008
2025-07-20,92.87807582279046,92.88083333333333,94.05,0.8860601949081256,97.055,91.795,92.67500000000001,92.865,91.57499999999999,91.32,7,-585.9620886047664,-584.5833333333346,1502.5000000000048,-1127.4999999999977,-687.499999999993,-592.5000000000011,-1237.5000000000043,-1365.000000000002,6.537500000000001,32.89,26.3525,30645.81723402929,30573.70833333341,-72.10890069588277,5804499.103892964,78580.75000000026,58968.24999999989,35956.249999999636,30987.750000000065,64721.25000000024,71389.50000000012
2025-07-21,96.09885394612948,95.79416666666668,96.55,0.848438881860665,99.94,94.22,95.88999999999999,95.385,95.18499999999999,94.145,7,-225.57302693525827,-377.9166666666569,1695.0000000000002,-1164.999999999999,-330.0000000000054,-582.499999999996,-682.5000000000045,-1202.5000000000005,0.3715625000000031,40.075,39.7034375,670.5158225650608,1123.3572916666471,452.8414691015863,5804951.945362066,5038.3875000000435,3462.9625000000265,980.9250000000243,1731.4812500000028,2028.7312500000305,3574.4312500000315
2025-07-22,97.16762141048908,96.48499999999999,98.14999999999999,0.8498295574542627,100.05499999999999,95.50999999999999,96.71,96.09499999999998,94.67500000000001,95.865,7,-491.1892947554577,-832.5000000000032,952.5000000000006,-1320.0000000000002,-719.9999999999989,-1027.5000000000034,-1737.49999999999,-1142.4999999999982,7.142187499999999,39.3075,32.1653125,28065.32832908996,47566.968750000175,19501.640420910215,5824453.585782976,54423.46875000002,75421.5,41138.99999999993,58708.78125000018,99276.4062499994,65279.59374999988
2025-07-23,97.73066837529339,97.39416666666665,98.24999999999999,0.8630108305344308,100.57499999999999,96.785,97.80999999999999,96.645,96.60499999999999,95.945,7,-259.66581235329755,-427.9166666666683,1162.5000000000014,-732.4999999999945,-219.99999999999886,-802.4999999999949,-822.499999999998,-1152.4999999999964,12.391874999999995,40.5975,28.205625,25741.970307644144,42421.51875000014,16679.548442355997,5841133.134225332,115244.43750000009,72616.38749999943,21809.69999999988,79555.83749999946,81538.53749999977,114253.0874999996
2025-07-24,99.01267454206943,98.50499999999998,98.9,0.8045292117162841,101.3,97.95999999999998,98.76,97.35499999999999,98.365,97.28999999999999,7,56.337271034713865,-197.50000000001222,1199.9999999999957,-470.0000000000131,-70.00000000000028,-772.500000000008,-267.5000000000054,-805.0000000000068,16.576875,55.135,38.558125,7471.167198268579,26191.462500001624,18720.295301733044,5859853.429527065,159137.99999999945,62329.050000001735,9283.050000000037,102445.08750000106,35474.51250000072,106755.07500000091
2025-07-25,93.36147201478481,93.445,94.05,0.9552954665572506,97.025,91.08000000000001,94.785,91.76,93.82499999999999,92.195,7,-344.2639926075941,-302.500000000002,1487.5000000000043,-1484.9999999999923,367.4999999999997,-1144.999999999996,-112.50000000000426,-927.500000000002,7.975937500000001,61.2025,53.2265625,21966.624708309064,19301.768750000127,-2664.8559583089373,5857188.573568756,94913.65625000028,94754.13749999952,23449.256249999984,73059.58749999975,7178.343750000273,59181.456250000134
2025-07-26,92.29915953278542,91.275,94.3,0.7869790073843155,92.75,89.81,92.35,91.88,89.005,91.855,7,-1000.4202336072865,-1512.4999999999957,-774.9999999999986,-2244.9999999999973,-975.0000000000014,-1210.000000000001,-2647.500000000001,-1222.4999999999966,7.0621875,38.9,31.8378125,56521.24214822767,85452.46874999975,28931.226601772083,5886119.800170528,43785.56249999993,126836.88749999985,55085.06250000008,68361.97500000005,149577.13125000006,69068.19374999982
2025-07-27,94.30799563229084,93.38749999999999,95.39999999999999,0.8477224990340517,96.16,91.71000000000001,94.64500000000001,93.32000000000001,91.5,92.99,7,-546.0021838545756,-1006.2500000000014,380.00000000000256,-1844.9999999999918,-377.4999999999906,-1039.999999999992,-1949.9999999999957,-1204.9999999999982,-2.66,26.64125,29.30125,11618.92647242537,21413.00000000003,9794.07352757466,5895913.873698102,8086.400000000055,39261.59999999983,8033.199999999801,22131.199999999833,41495.99999999991,25642.39999999996
2025-07-28,96.8791071399053,96.26083333333332,97.35,0.8473502613248651,99.21,95.39500000000001,96.85999999999999,95.91999999999999,95.11,95.07,7,-235.44643004734667,-544.5833333333354,929.9999999999998,-977.499999999992,-245.00000000000455,-715.0000000000034,-1119.9999999999975,-1140.0000000000005,-9.520937499999995,37.605,47.1259375,17933.36596063127,41479.551041666804,23546.185081035535,5919460.058779138,70835.77499999995,74453.73124999936,18661.037500000337,54459.76250000023,85307.59999999977,86830.95
2025-07-29,98.39696516672771,98.35916666666665,99.45,0.8251873183004278,102.11999999999999,97.78,99.11999999999999,97.095,97.315,96.725,7,-526.5174166361462,-545.4166666666752,1334.9999999999936,-835.0000000000009,-165.00000000000625,-1177.500000000002,-1067.5000000000025,-1362.5000000000043,1.6274999999999975,47.46125,45.83375,6855.256764602613,7101.3250000001,246.06823539748711,5919706.1270145355,17381.69999999989,10871.699999999995,2148.300000000078,15331.050000000003,13898.850000000011,17739.75000000003
2025-07-30,99.93423032681146,99.73666666666665,100.64999999999999,0.8208571847283925,102.96499999999999,99.215,100.07,98.03999999999999,99.93999999999998,98.19,7,-357.8848365942662,-456.66666666667055,1157.4999999999989,-717.4999999999941,-289.99999999999915,-1304.9999999999998,-355.000000000004,-1229.9999999999968,49.387812499999995,121.565,72.1771875,141401.19365048604,180430.14166666818,39028.94801618214,5958735.075030718,457331.1437499995,283486.0437499976,114579.72499999966,515608.76249999984,140261.38750000155,485976.0749999987
2025-07-31,99.01677730441094,98.7975,99.8,0.9124458009483488,101.81,97.58999999999999,100.125,97.80999999999999,97.91,97.53999999999999,7,-391.6113477945302,-501.24999999999886,1005.0000000000025,-1105.000000000004,162.50000000000142,-995.0000000000045,-945.0000000000002,-1130.0000000000025,31.67062499999999,76.23875,44.568125,99220.60913396112,126999.20624999967,27778.597116038552,5986513.672146756,254631.82500000056,279968.32500000094,41171.81250000035,252098.17500000107,239429.925,286302.45000000054
2025-08-01,98.15972826719283,96.7525,98.24999999999999,0.7851573494291436,101.5,94.71,98.115,96.05999999999999,93.13,96.99999999999999,8,-45.135866403576586,-748.7499999999941,1625.000000000007,-1769.999999999996,-67.49999999999545,-1094.9999999999989,-2559.999999999995,-625.0,-5.306562499999998,59.1875,64.4940625,1916.1303684978343,31786.30937499974,29870.179006501905,6016383.851153258,68985.31250000028,75140.9249999998,2865.543749999806,46485.48749999994,108678.39999999975,26532.812499999993
2025-08-02,94.81569400191307,93.50999999999999,95.89999999999999,0.7976035008189605,98.25500000000001,89.90499999999999,94.28,94.05000000000001,90.66999999999999,93.9,8,-542.1529990434592,-1195.0000000000002,1177.500000000009,-2997.5000000000023,-809.9999999999952,-924.99999999999,-2615.000000000002,-999.999999999993,12.611249999999998,47.114999999999995,34.50375,54697.81607349459,120563.55,65865.7339265054,6082249.585079764,118797.97500000091,302417.7750000002,81720.89999999951,93323.24999999898,263827.35000000015,100889.99999999927
2025-08-03,95.41831362585225,94.89416666666666,96.75,0.8330156638523397,98.905,93.155,95.88,94.935,92.43999999999998,94.05,8,-665.8431870738752,-927.9166666666683,1077.5000000000005,-1797.4999999999995,-435.0000000000023,-907.4999999999989,-2155.000000000008,-1350.0000000000014,9.607499999999996,46.677499999999995,37.07,51176.70735849803,71319.6750000001,20142.967641502073,6102392.552721266,82816.65000000001,138155.84999999992,33434.10000000016,69750.44999999988,165633.30000000057,103761.00000000007
2025-08-04,89.62110476652781,90.10166666666667,91.55000000000001,0.8881978347248999,93.56,88.47999999999999,91.075,89.365,89.765,88.365,8,-964.447616736102,-724.1666666666688,1004.9999999999955,-1535.000000000011,-237.50000000000426,-1092.5000000000082,-892.5000000000055,-1592.5000000000082,14.4190625,39.47875,25.0596875,111251.44370955121,83534.43541666692,-27717.00829288429,6074675.544428381,115929.26249999949,177066.08750000127,27396.218750000495,126022.60625000096,102952.10625000064,183698.85625000094
2025-08-05,95.07033544361592,93.93,95.5,0.8850651989643739,96.80499999999999,92.30000000000001,94.82499999999999,93.135,92.94,93.575,8,-214.83227819204131,-784.9999999999966,652.4999999999964,-1599.9999999999943,-337.5000000000057,-1182.4999999999975,-1280.0000000000011,-962.4999999999986,7.9609375,36.94,28.9790625,13682.13071735563,49994.68749999978,36312.556782644155,6110988.101211025,41556.09374999977,101899.99999999964,21494.531250000364,75310.46874999984,81520.00000000007,61299.21874999991
2025-08-06,96.82066410422325,95.6275,98.6,0.7512866626305085,98.685,94.35499999999999,95.87,95.035,94.065,95.755,8,-889.6679478883698,-1486.2499999999982,42.50000000000398,-2122.5000000000023,-1364.999999999995,-1782.4999999999989,-2267.499999999998,-1422.4999999999995,-1.7124999999999986,33.94375,35.65625,12188.450886070656,20361.62499999996,8173.174113929304,6119161.275324955,582.250000000054,29078.250000000007,18700.499999999916,24420.249999999964,31064.74999999995,19488.249999999978
2025-08-07,98.20001787821451,97.22166666666666,98.89999999999999,0.7811944615650321,100.53,96.65999999999998,97.21,96.445,95.82000000000001,96.665,8,-349.9910608927408,-839.1666666666638,815.0000000000048,-1120.0000000000045,-844.9999999999989,-1227.499999999999,-1539.999999999992,-1117.4999999999927,4.254062500000003,42.545,38.2909375,11911.070779832211,28558.939583333256,16647.868803501045,6135809.144128456,27736.487500000185,38116.40000000018,28757.462499999983,41774.89375,52410.04999999977,38031.31874999978
2025-08-08,98.91337258497873,97.93416666666667,99.55,0.7702691127869072,100.73999999999998,97.14999999999999,98.345,97.42500000000001,96.50999999999999,97.43499999999999,8,-318.31370751063304,-807.9166666666638,594.9999999999918,-1200.0000000000027,-602.4999999999991,-1062.499999999993,-1520.0000000000032,-1057.5000000000045,5.814062499999999,41.5975,35.7834375,14805.566320588316,37578.22395833319,22772.657637744873,6158581.801766201,27674.93749999961,55815.00000000012,28023.78124999995,49419.53124999966,70699.00000000013,49186.9687500002
2025-08-09,97.73365548292796,96.51916666666666,98.25,0.7972620674737996,99.615,94.38499999999999,96.82000000000001,96.35,95.57000000000001,96.375,8,-258.1722585360211,-865.4166666666683,682.4999999999975,-1932.5000000000045,-714.9999999999964,-950.0000000000028,-1339.9999999999964,-937.5,4.560312500000002,31.765,27.2046875,9418.769422040394,31572.563541666743,22153.79411962635,6180735.595885827,24899.30624999992,70502.4312500002,26084.98749999988,34658.37500000012,48886.54999999989,34202.343750000015
2025-08-10,96.15173974672953,95.15666666666667,96.2,0.8612000829974898,97.48,94.56,95.25999999999999,93.96499999999999,94.855,94.82,8,-24.13012663523517,-521.6666666666683,640.0000000000006,-820.0000000000002,-470.00000000000597,-1117.5000000000068,-672.4999999999994,-690.0000000000048,-7.464687499999997,33.7725,41.2371875,1440.9908373396556,31152.629166666753,29711.6383293271,6210447.234215154,38219.20000000002,48968.34999999999,28067.225000000344,66734.30625000037,40160.018749999945,41205.075000000266
2025-08-11,96.73041889111201,95.56916666666666,97.39999999999999,0.7679326692179154,98.73999999999998,94.675,95.765,94.92999999999999,93.895,95.41,8,-334.7905544439911,-915.4166666666654,669.9999999999945,-1362.4999999999973,-817.4999999999955,-1234.9999999999995,-1752.4999999999977,-994.9999999999975,24.262187499999996,68.18875,43.9265625,64982.00964119255,177680.08645833304,112698.07681714049,6323145.311032295,130045.32499999892,264457.8437499994,158674.7062499991,239710.41249999986,340155.8687499995,193127.0124999995
2025-08-12,96.01953129927315,94.51416666666665,97.2,0.7902120782230572,97.35499999999999,93.085,95.035,94.36500000000001,92.4,94.845,8,-590.2343503634243,-1342.9166666666745,77.49999999999346,-2057.5000000000045,-1082.5000000000032,-1417.4999999999968,-2399.9999999999986,-1177.500000000002,36.860937500000006,93.11875,56.2578125,174052.7319927943,396009.338541669,221956.60654887473,6545101.91758117,22853.781249998076,606731.0312500014,319215.718750001,418003.0312499991,707729.9999999997,347230.03125000064
2025-08-13,95.30912095228831,94.01166666666666,96.94999999999999,0.855160369333403,97.195,91.005,94.15,94.69,93.51499999999999,93.51500000000001,8,-820.4395238558391,-1469.1666666666663,122.50000000000227,-2972.4999999999964,-1399.9999999999914,-1129.9999999999955,-1717.5000000000011,-1717.4999999999868,19.81406249999999,67.47874999999999,47.6646875,130049.92002519863,232881.28124999983,102831.36122480119,6647933.278805971,19417.781250000353,471178.40624999924,221917.49999999854,179119.1249999992,272245.21875000006,272245.2187499978
2025-08-14,99.22247789422671,97.08666666666667,99.75,0.7165015811370312,100.33500000000001,95.53999999999999,97.775,96.945,94.32,97.605,8,-263.7610528866432,-1331.6666666666633,292.500000000004,-2105.000000000004,-987.4999999999972,-1402.5000000000034,-2715.0000000000036,-1072.499999999998,-0.3124999999999929,49.3175,49.629999999999995,659.402632216593,3329.166666666583,2669.7640344499896,6650603.042840421,731.2499999999933,5262.499999999891,2468.749999999937,3506.2499999999286,6787.4999999998545,2681.249999999934
2025-08-15,96.41121242523192,94.85499999999999,96.6,0.8123730525465803,97.41000000000001,92.91,96.14,95.48999999999998,92.405,94.775,8,-94.39378738403548,-872.5000000000023,405.00000000000824,-1844.9999999999989,-229.99999999999687,-555.0000000000068,-2097.4999999999964,-912.4999999999943,5.184375000000003,37.61625,32.431875,3914.9823317528735,36186.93750000012,32271.955168247245,6682874.998008668,16797.37500000035,76521.375,9539.249999999876,23018.625000000295,86993.8124999999,37845.93749999978
2025-08-16,95.984765030543,94.73916666666665,96.65,0.8655179814862405,98.03999999999999,93.55000000000001,94.45,95.785,91.71499999999999,94.89499999999998,8,-332.6174847285017,-955.4166666666788,694.9999999999932,-1549.9999999999973,-1100.0000000000014,-432.50000000000455,-2467.500000000008,-877.5000000000119,-2.377500000000005,40.025,42.4025,6326.384559536115,18172.025000000267,11845.64044046415,6694720.638449132,13218.899999999898,29481.000000000007,20922.00000000007,8226.150000000103,46931.85000000025,16690.05000000026
2025-08-17,98.20946049571037,97.2175,99.05,0.8279655756532283,101.39999999999998,95.96,97.7,97.385,94.24499999999999,96.61499999999998,8,-420.26975214481155,-916.249999999998,1174.99999999999,-1545.0000000000018,-674.9999999999972,-832.499999999996,-2402.5000000000036,-1217.5000000000082,-3.380624999999995,44.47375,47.854375,11366.195446756412,24779.981249999906,13413.785803243494,6708134.424252376,31777.87499999968,41784.52499999999,18255.374999999894,22514.96249999986,64975.6125,32927.28750000017
2025-08-18,100.61723846236865,98.91916666666667,100.99999999999999,0.7121162966644493,102.345,97.30499999999998,98.475,98.85000000000001,97.025,99.51499999999999,8,-191.38076881566946,-1040.4166666666583,672.5000000000066,-1847.5000000000036,-1262.4999999999957,-1074.9999999999886,-1987.49999999999,-742.4999999999998,29.655312499999994,83.56875,53.9134375,45403.65204575145,246831.05104166464,201427.3989959132,6909561.8232482895,159545.58125000153,438305.51875000075,299518.6562499989,255035.68749999724,471519.46874999756,176152.5562499999
2025-08-19,96.92144812981287,95.99416666666667,97.85,0.8335786405157509,99.03999999999999,95.38,96.25,95.615,93.89999999999999,95.78,8,-464.2759350935606,-927.9166666666612,594.9999999999989,-1234.9999999999995,-799.9999999999972,-1117.4999999999998,-1975.0000000000014,-1034.9999999999966,43.827500000000015,119.8025,75.975,162784.42836250426,325346.14166666486,162561.7133041606,7072123.53655245,208618.89999999967,433015.7,280495.9999999991,391817.85000000003,692474.5000000007,362891.6999999989
2025-08-20,96.14331316709519,94.86,98.05,0.6948207116859484,100.375,92.48500000000001,94.02000000000001,93.21,93.89,95.17999999999999,8,-953.3434164524053,-1594.9999999999989,1162.5000000000014,-2782.499999999992,-2014.9999999999934,-2420.000000000002,-2079.999999999998,-1435.0000000000023,14.167500000000004,66.265,52.0975,108051.94282071565,180777.29999999993,72725.35717928428,7144848.893731734,131757.7500000002,315368.5499999992,228380.0999999993,274282.8000000003,235747.19999999987,162642.9000000003
2025-08-21,93.97431859970094,93.2125,95.39999999999999,0.8349793340429844,97.79500000000002,90.8,93.14,93.505,91.21999999999998,92.815,8,-712.8407001495276,-1093.749999999993,1197.5000000000123,-2299.9999999999973,-1129.9999999999955,-947.499999999998,-2090.0000000000036,-1292.4999999999968,-3.9684375,45.56375,49.5321875,22630.910127997126,34723.828124999774,12092.917997002649,7156941.811728736,38017.63125000039,73019.24999999991,35874.67499999986,30080.756249999933,66352.27500000011,41033.643749999894
2025-08-22,92.1384119528532,90.58000000000001,94.4,0.8247664796622984,94.755,87.03,90.66499999999999,90.52499999999999,89.29,91.215,8,-1130.7940235734009,-1909.9999999999966,177.49999999999488,-3685.0000000000023,-1867.5000000000068,-1937.500000000007,-2554.9999999999995,-1592.5000000000011,0.7450000000000045,39.82375,39.07875,6739.5323804975105,11383.60000000005,4644.067619502539,7161585.879348239,1057.899999999976,21962.600000000148,11130.300000000108,11547.500000000113,15227.80000000009,9491.300000000065
2025-08-23,94.61948379496732,93.28666666666665,95.95,0.8401862009621989,95.86,93.28999999999999,94.36500000000001,91.7,91.47500000000001,93.02999999999999,8,-665.2581025163399,-1331.6666666666777,-45.000000000001705,-1330.0000000000055,-792.4999999999968,-2125.0,-2237.4999999999973,-1460.000000000008,-2.2362500000000054,35.36875,37.605,11901.467454017351,23823.51666666692,11922.04921264957,7173507.928560888,805.0500000000325,23793.700000000154,14177.824999999977,38016.250000000095,40028.87500000005,26119.400000000205
2025-08-24,97.82881709535916,96.35833333333333,98.7,0.7742533732812825,99.21499999999999,95.64499999999998,96.865,95.755,94.775,95.895,8,-435.5914523204234,-1170.8333333333344,257.4999999999932,-1527.5000000000105,-917.500000000004,-1472.5000000000036,-1962.4999999999986,-1402.5000000000034,-10.096249999999998,47.87625,57.9725,35182.72160392059,94568.2083333334,59385.48672941281,7232893.415290302,20798.274999999445,123376.17500000082,74106.47500000031,118933.82500000027,158511.12499999985,113279.92500000025
2025-08-25,97.65410193403561,96.03333333333333,97.64999999999998,0.7437703985334042,98.47,95.19999999999999,96.26,94.825,95.21499999999999,96.22999999999999,8,2.050967017815708,-808.3333333333229,410.0000000000108,-1224.9999999999943,-694.9999999999861,-1412.4999999999873,-1217.499999999994,-709.9999999999937,3.367812499999999,45.28125,41.9134375,55.258178877499695,21778.520833333045,21723.262654455546,7254616.677944757,11046.425000000288,33004.56249999984,18725.03749999962,38056.28124999964,32802.493749999834,19129.174999999825
2025-08-26,92.65367555896441,91.82166666666666,94.24999999999999,0.757970138356658,94.24000000000001,90.76499999999999,91.33999999999999,91.72000000000001,91.545,91.32,8,-798.1622205177885,-1214.1666666666638,-4.999999999988347,-1742.4999999999998,-1454.9999999999982,-1264.9999999999864,-1352.499999999992,-1464.9999999999964,-10.324062499999997,39.1775,49.5015625,65922.21319811542,100281.0604166664,34358.847218550975,7288975.525163308,412.96249999903745,143917.43124999994,120172.0874999998,104479.51249999883,111706.3562499993,120998.01249999966
2025-08-27,93.98290059844652,92.17166666666667,94.75,0.8014865130942491,94.28,90.87,92.745,91.14,90.75,93.245,8,-383.5497007767401,-1289.1666666666665,-234.99999999999943,-1939.9999999999977,-1002.4999999999977,-1804.9999999999998,-2000.0,-752.4999999999977,-8.510000000000005,38.01125,46.52125,26112.06362888048,87766.4666666667,61654.40303778622,7350629.928201094,15998.79999999997,132075.19999999992,68250.19999999988,122884.40000000005,136160.0000000001,51230.19999999987
2025-08-28,99.03841989080112,96.81916666666666,98.8,0.7498907897830128,99.245,96.14500000000001,96.875,97.16,93.98999999999998,97.5,8,119.20994540056284,-990.4166666666683,222.5000000000037,-1327.4999999999934,-962.4999999999986,-820.0000000000002,-2405.000000000008,-649.9999999999986,14.68875,68.25,53.56125,14008.360684020141,116383.8625000002,102375.50181598007,7453005.430017075,26145.975000000435,155994.52499999924,113103.37499999984,96358.20000000003,282611.550000001,76381.49999999984
2025-08-29,94.03929531256358,92.82166666666666,93.8,0.8312624833596572,96.315,91.74,94.085,94.07000000000001,88.44999999999999,92.27,8,119.64765628179208,-489.1666666666694,1257.5000000000002,-1030.0000000000011,142.4999999999983,135.00000000000512,-2675.000000000004,-765.0000000000006,27.679062499999993,66.85249999999999,39.1734375,26493.87964961792,108317.39791666725,81823.51826704934,7534828.948284124,278451.36874999997,228075.4750000002,31554.131249999617,29893.387500001125,592331.9375000008,169395.86250000008
2025-08-30,91.07503258347512,90.0475,92.1,0.8474512086034227,94.61500000000001,88.86499999999998,89.735,90.035,87.27999999999999,89.755,8,-512.4837082624367,-1026.2499999999975,1257.5000000000073,-1617.5000000000068,-1182.4999999999975,-1032.4999999999989,-2410.0000000000036,-1172.4999999999995,6.975624999999997,37.08,30.104375,28599.15333958527,57269.88124999984,28670.727910414567,7563499.676194538,70174.78750000038,90264.58750000034,65989.41249999983,57618.66249999991,134490.05000000016,65431.36249999995
2025-08-31,89.15602156082788,86.76416666666667,88.7,0.7900222157873591,92.125,84.33,85.52,86.44,83.64,88.53,8,228.01078041393907,-967.9166666666674,1712.4999999999986,-2185.0000000000023,-1590.0000000000034,-1130.0000000000025,-2530.000000000001,-85.00000000000085,7.303750000000001,32.9125,25.60875,13322.66989958646,56555.370833333385,43232.70093374692,7606732.377128285,100061.37499999993,127669.55000000015,92903.70000000022,66025.90000000015,147827.90000000008,4966.55000000005
2025-09-01,88.23715417822201,87.12333333333333,90.45,0.8730335721020107,89.925,85.00999999999999,87.89999999999999,87.245,85.4,87.26,9,-1106.4229108889947,-1663.333333333334,-262.50000000000284,-2720.000000000006,-1275.0000000000057,-1602.499999999999,-2524.9999999999986,-1594.9999999999989,7.233750000000001,40.72125,33.4875,64028.69385314613,96257.10000000005,32228.406146853922,7638960.7832751395,15190.875000000166,157406.40000000034,73784.25000000033,92736.67499999996,146121.74999999994,92302.64999999994
2025-09-02,94.53181652029356,92.13333333333334,94.25,0.7480618722871424,94.34,90.06,93.49000000000001,92.58500000000001,89.41999999999999,92.905,9,140.90826014678015,-1058.33333333333,45.000000000001705,-2094.999999999999,-379.99999999999545,-832.499999999996,-2415.0000000000064,-672.4999999999994,1.0524999999999949,38.17375,37.12125,1186.4475504358832,8911.166666666595,7724.719116230712,7646685.50239137,378.90000000001254,17639.899999999907,3199.5999999999462,7009.649999999932,20334.299999999956,5662.449999999968
2025-09-03,94.51495530486106,92.90499999999999,95.69999999999999,0.7469281220597893,95.36,90.89,94.105,93.53999999999999,90.41499999999999,93.11999999999999,9,-592.5223475694636,-1397.500000000001,-169.9999999999946,-2404.999999999994,-797.4999999999923,-1079.9999999999982,-2642.499999999998,-1289.999999999999,0.6043750000000045,45.713750000000005,45.109375,2864.845550498378,6756.912500000055,3892.066949501677,7650577.569340872,821.94999999998,11628.17500000006,3855.9124999999917,5221.80000000003,12776.487500000087,6237.150000000042
2025-09-04,100.4061935587724,98.42333333333332,100.35,0.7282099312049942,101.285,96.92,100.08500000000001,97.71999999999998,96.315,98.21499999999999,9,28.096779386203252,-963.3333333333383,467.50000000000114,-1714.9999999999964,-132.49999999999318,-1315.0000000000048,-2017.4999999999982,-1067.5000000000025,5.391562499999999,52.1325,46.7409375,1211.8843368754117,41550.97500000021,40339.0906631248,7690916.660003996,20164.443750000046,73972.23749999983,5715.056249999705,56719.2375000002,87019.8187499999,46043.9437500001
2025-09-05,97.36287826975186,95.82583333333334,97.4,0.7163702089402085,98.22999999999999,95.025,96.73500000000001,95.82,93.56,95.585,9,-18.560865124072734,-787.0833333333351,414.99999999999204,-1187.5,-332.499999999996,-790.0000000000063,-1920.0000000000018,-907.5000000000059,8.386249999999997,50.225,41.838750000000005,1245.2484411740393,52805.42083333343,51560.172392159395,7742476.832396156,27842.349999999456,79669.37499999997,22307.424999999726,53001.1000000004,128812.80000000008,60884.175000000374
2025-09-06,86.09159580518802,85.69583333333333,87.05,0.8531717245700062,88.845,83.92999999999999,85.965,86.91499999999999,83.03,85.49,9,-479.20209740598807,-677.0833333333358,897.5000000000009,-1560.0000000000023,-542.4999999999968,-67.50000000000256,-2009.999999999998,-780.0000000000011,3.7671874999999986,38.765,34.9978125,14441.95321057296,20405.598958333398,5963.645747760438,7748440.478143916,27048.40625000002,47014.50000000005,16349.593749999898,2034.2812500000764,60576.37499999991,23507.250000000025
2025-09-07,80.123622405529,80.82499999999999,79.6,0.8641707850891189,85.07000000000001,78.725,79.435,82.35,79.85999999999999,79.51,9,261.8112027645054,612.4999999999972,2735.0000000000064,-437.5,-82.49999999999602,1375.0,129.99999999999545,-44.9999999999946,8.176250000000003,30.88875,22.7125,17125.070772826308,40063.62499999983,22938.554227173525,7771379.03237109,178896.35000000047,28616.87500000001,5396.3249999997415,89938.75000000003,8503.299999999706,2943.449999999648
2025-09-08,86.58793926318486,85.63833333333332,86.25,0.8718415156466764,88.36,84.33,85.38,86.59,83.79499999999999,85.375,9,168.96963159243228,-305.8333333333394,1054.9999999999998,-960.0000000000009,-435.0000000000023,170.0000000000017,-1227.5000000000064,-437.5,5.236874999999998,27.735,22.498125,7078.982715564947,12812.887500000248,5733.904784435301,7777112.937155525,44199.22499999997,40219.20000000002,18224.325000000088,7122.150000000069,51426.11250000024,18329.062499999993
2025-09-09,89.20403105934462,88.30333333333334,89.19999999999999,0.7305639156018132,91.46,87.24499999999999,88.4,88.31,86.41499999999999,87.99,9,2.015529672313221,-448.3333333333235,1130.0000000000025,-977.4999999999991,-399.9999999999915,-444.9999999999932,-1392.4999999999982,-604.9999999999968,-3.2950000000000017,25.0475,28.3425,53.129362162176534,11818.066666666413,11764.937304504236,7788877.874460029,29786.800000000083,25766.89999999999,10543.99999999978,11730.199999999826,36706.299999999974,15947.799999999925
2025-09-10,93.12026911477247,91.81666666666666,92.80000000000001,0.7242211686457108,94.20500000000001,91.54499999999999,91.72,91.44,90.33000000000001,91.66,9,160.13455738622895,-491.66666666667425,702.5000000000006,-627.5000000000119,-540.0000000000063,-680.0000000000068,-1234.9999999999995,-570.0000000000074,-5.671562500000004,31.01875,36.690312500000005,7265.705205006678,22308.145833333692,15042.440628327015,7803920.315088357,31874.18125000005,28471.24375000056,24501.1500000003,30853.30000000033,56035.03750000002,25862.325000000354
2025-09-11,93.65421999136606,92.54416666666667,93.94999999999999,0.7421174291359796,95.62499999999999,90.935,92.51,93.31,90.6,92.285,9,-147.8900043169631,-702.9166666666597,837.4999999999986,-1507.4999999999932,-719.9999999999918,-319.9999999999932,-1674.9999999999973,-832.499999999996,-3.327500000000001,35.69625,39.02375,3936.8319149175586,18711.641666666488,14774.80975174893,7818695.124840106,22294.24999999997,40129.649999999834,19166.399999999787,8518.399999999821,44588.49999999994,22161.1499999999
2025-09-12,94.69645761966706,93.595,94.1,0.7883095447917685,96.05499999999999,92.87,93.93499999999999,93.39,91.875,93.44500000000001,9,298.2288098335317,-252.49999999999773,977.4999999999991,-614.9999999999949,-82.50000000000313,-354.9999999999969,-1112.4999999999973,-327.49999999999346,-0.4471875000000054,35.58625,36.033437500000005,1066.9135671794727,903.3187500000028,-163.59481717946994,7818531.530022927,3497.006250000039,2200.162500000008,295.14375000001473,1270.0125000000041,3979.968750000038,1171.6312499999908
2025-09-13,93.96621299008528,92.98666666666666,93.44999999999999,0.7279250989993987,95.77999999999999,92.195,93.05999999999999,92.8,91.38999999999999,92.695,9,258.1064950426466,-231.66666666666202,1164.999999999999,-627.4999999999977,-195.00000000000028,-324.99999999999574,-1030.0000000000011,-377.4999999999977,-13.886562499999997,33.1225,47.0090625,28673.69580052521,25736.429166666145,-2937.2666338590643,7815594.263389068,129422.76249999987,69710.54374999974,21663.037500000028,36105.06249999952,114425.2750000001,41937.418749999735
2025-09-14,94.78100524584453,93.23166666666667,94.44999999999999,0.6520541801324059,96.46499999999999,91.33999999999999,93.63000000000001,92.635,91.75999999999999,93.56,9,165.50262292226847,-609.1666666666597,1007.5000000000002,-1554.9999999999998,-409.9999999999895,-907.4999999999918,-1344.9999999999989,-444.9999999999932,13.963125000000003,44.260000000000005,30.296875,18487.470493532004,68046.96249999924,49559.49200646723,7865153.755395535,112542.78750000005,173701.27500000002,45799.04999999884,101372.2874999991,150243.22499999992,49708.72499999925
2025-09-15,93.55509878953298,92.19333333333334,93.85,0.7727228477327105,94.67499999999998,91.94500000000001,92.26,92.785,89.335,92.16,9,-147.45060523350872,-828.333333333326,412.4999999999943,-952.4999999999934,-794.9999999999945,-532.4999999999989,-2257.5000000000005,-844.9999999999989,6.721250000000005,47.63125,40.91,7928.41904340577,44539.48333333297,36611.064289927206,7901764.819685463,22180.12499999971,51215.92499999968,42747.14999999974,28632.524999999958,121385.77500000011,45435.64999999997
2025-09-16,93.86490026473999,92.9225,93.9,0.7801491467690956,95.09,92.61500000000001,93.05499999999999,92.805,91.79499999999999,92.175,9,-17.54986763000943,-488.7500000000031,594.9999999999989,-642.4999999999983,-422.50000000000654,-547.4999999999994,-1052.500000000009,-862.5000000000043,12.527812500000003,46.87125,34.3434375,1758.8916085486205,48983.746875000325,47224.855266451705,7948989.674951915,59632.3874999999,64392.95624999984,42344.00625000067,54871.818749999955,105484.18125000094,86441.90625000045
2025-09-17,94.96771882792314,93.81583333333333,95.0,0.6995143182565886,96.49,92.91000000000001,93.89,93.49,92.755,93.36,9,-16.140586038432048,-592.0833333333348,744.9999999999975,-1044.9999999999945,-554.9999999999998,-755.0000000000025,-1122.5000000000023,-820.0000000000002,-6.521562500000009,45.52625,52.047812500000006,842.0947250900972,30890.467708333454,30048.372983243356,7979038.047935158,38868.512499999924,54520.262499999786,28955.73750000003,39390.237500000185,58563.631250000195,42781.45000000007
2025-09-18,94.53911392490068,92.71666666666665,94.0,0.63899547486576,95.605,91.02499999999999,92.86,92.63499999999999,91.095,93.08,9,269.5569624503378,-641.6666666666729,802.500000000002,-1487.5000000000043,-570.0000000000002,-682.5000000000045,-1452.5000000000005,-460.00000000000085,-15.00875,43.47625,58.485,32365.704481412056,77044.91666666741,44679.212185255354,8023717.260120413,96356.17500000024,178604.1250000005,68439.90000000002,81947.77500000055,174401.67500000005,55232.2000000001
2025-09-19,93.40891535838445,91.73083333333334,93.19999999999999,0.6760595745179601,94.945,89.785,92.14,91.955,89.685,91.875,9,104.45767919222959,-734.583333333326,872.5000000000023,-1707.499999999996,-529.9999999999941,-622.4999999999952,-1757.4999999999932,-662.4999999999943,-0.4893749999999954,39.90375,40.393125,408.951814037575,2875.8937499999442,2466.9419359623694,8026184.202056375,3415.837499999977,6684.862499999921,2074.9499999999575,2437.0874999999583,6880.612499999908,2593.687499999953
2025-09-20,93.75234622597695,92.30250000000001,93.25,0.7065531721347196,94.08999999999999,91.33,92.945,92.15,90.96,92.34,9,251.1731129884751,-473.74999999999545,419.9999999999946,-960.0000000000009,-152.5000000000034,-549.9999999999972,-1145.0000000000032,-454.9999999999983,7.6090625,35.80375,28.1946875,15289.535320390953,28838.346874999723,13548.81155460877,8039733.013610984,25566.449999999673,58437.60000000006,9283.056250000209,33479.874999999825,69699.0125000002,27696.987499999897
2025-09-21,93.42246350427467,92.02583333333332,94.2,0.8293502201095438,95.26999999999998,88.955,92.85,93.32,89.58000000000001,92.17999999999999,9,-388.7682478626644,-1087.0833333333394,534.9999999999895,-2622.5000000000023,-675.0000000000043,-440.00000000000483,-2309.999999999995,-1010.0000000000051,3.2237500000000026,38.445,35.22125,10026.333112378123,28035.879166666844,18009.546054288723,8057742.559665273,13797.649999999741,67634.27500000011,17408.250000000124,11347.600000000133,59574.89999999992,26047.900000000154
2025-09-22,94.6604480655988,92.57833333333333,94.9,0.6456331440134063,96.05000000000001,90.775,93.97500000000001,93.44,88.095,93.135,9,-119.7759672006029,-1160.8333333333362,575.0000000000028,-2062.5,-462.4999999999986,-730.000000000004,-3402.5000000000036,-882.5000000000002,6.849687500000002,47.3725,40.5228125,6563.42356267504,63610.764583333505,57047.34102065847,8114789.900685932,31508.562500000164,113019.84375000003,25343.843749999927,40002.17500000023,186448.49375000026,48358.793750000026
2025-09-23,96.61789549549421,94.40583333333333,96.05,0.6991547266456289,97.16499999999999,93.295,95.00999999999999,95.05,90.89999999999999,95.015,9,283.9477477471064,-822.0833333333317,557.4999999999975,-1377.4999999999977,-520.0000000000032,-500.0,-2575.0000000000027,-517.4999999999983,6.566250000000004,51.09125,44.525,14915.775189155507,43184.03749999994,28268.26231084443,8143058.162996776,29285.474999999886,72360.07499999992,27315.600000000184,26265.000000000015,135264.75000000023,27184.274999999925
2025-09-24,90.09953592479229,88.42249999999999,91.44999999999999,0.7497518979424103,92.185,84.94999999999999,89.16499999999999,88.985,85.46,89.78999999999999,9,-675.2320376038483,-1513.7500000000018,367.5000000000068,-3250.0,-1142.4999999999982,-1232.4999999999945,-2994.9999999999973,-829.9999999999983,-1.1078125000000014,37.26,38.3678125,5984.243933264113,13415.609375000033,7431.365441735919,8150489.528438512,3256.9687500000646,28803.125000000036,10125.406249999996,10923.031249999965,26543.18750000001,7355.8749999999945
2025-09-25,89.67299670596917,87.99083333333333,89.85000000000001,0.7531318034066578,90.215,87.30499999999999,89.495,87.63,84.60499999999999,88.695,9,-88.50164701541985,-929.5833333333405,182.49999999999744,-1272.500000000008,-177.500000000002,-1110.0000000000066,-2622.5000000000095,-577.5000000000077,-4.418124999999996,40.72625,45.144375,3128.090713760012,32856.12291666689,29728.03220290688,8180217.560641419,6450.462499999904,44976.512500000244,6273.737500000065,39232.9500000002,92692.26250000026,20411.737500000258
2025-09-26,90.29721315542858,88.79416666666667,90.35,0.6551091571798128,90.415,88.02000000000001,89.155,89.235,87.29,88.64999999999999,9,-26.393422285707402,-777.9166666666626,32.50000000000597,-1164.999999999992,-597.4999999999966,-557.4999999999975,-1529.999999999994,-850.0000000000014,-1.9412499999999968,40.5,42.44125,409.88984809703527,12081.045833333252,11671.155985236217,8191888.716626655,504.7250000000919,18092.449999999848,9279.174999999932,8657.974999999948,23760.89999999987,13200.5
2025-09-27,90.52995404362677,89.19749999999999,90.5,0.7220157475758574,90.69500000000001,87.99,89.62,89.785,87.97999999999999,89.115,9,14.97702181338667,-651.2500000000045,97.5000000000037,-1255.0000000000025,-439.9999999999977,-357.5000000000017,-1260.000000000005,-692.5000000000025,0.5915624999999949,34.56375,33.972187500000004,70.87875573185181,3082.040624999995,3011.161869268143,8194899.878495923,461.4187500000135,5939.28749999996,2082.299999999971,1691.8687499999935,5962.9499999999725,3277.2562499999835
2025-09-28,89.90489818414052,88.44333333333333,89.89999999999999,0.6944487405776544,89.49000000000001,88.03,88.52,88.53,87.43499999999999,88.65499999999999,9,2.449092070264669,-728.3333333333317,-204.9999999999912,-934.9999999999952,-689.9999999999977,-684.9999999999952,-1232.5000000000018,-622.5000000000023,-0.0153125000000002,34.6725,34.6878125,0.30001377860742584,89.22083333333428,88.92081955472686,8194988.799315478,25.112499999999248,114.5375000000009,84.52500000000082,83.9125000000005,150.98125000000218,76.25625000000127
2025-09-29,89.80052389820418,88.44083333333334,89.19999999999999,0.7221805782390823,89.64999999999999,88.48500000000001,88.305,88.66,87.28,88.26499999999999,9,300.2619491020937,-379.58333333332206,225.00000000000142,-357.4999999999875,-447.4999999999909,-269.999999999996,-959.9999999999937,-467.50000000000114,-5.875937499999999,42.7175,48.5934375,14114.563572416668,17843.263541666132,3728.6999692494646,8198717.4992847275,10576.687500000065,16805.18124999941,21035.856249999568,12692.02499999981,45127.1999999997,21976.00625000005
2025-09-30,92.66855653762816,91.26499999999999,92.55000000000001,0.7030028941834578,93.165,91.835,91.16999999999999,91.61,88.99,90.82,9,59.27826881407583,-642.5000000000125,307.49999999999744,-357.5000000000088,-690.0000000000119,-470.00000000000597,-1780.0000000000082,-865.0000000000091,2.657187499999999,42.95,40.2928125,1260.1077993152167,13657.943750000262,12397.835950685047,8211115.335235412,6536.681249999943,7599.556250000185,14667.675000000248,9991.025000000123,37838.35000000016,18387.73750000019
2025-10-01,93.54312394281229,92.19083333333333,93.55000000000001,0.6908188332112323,93.55,92.39500000000001,92.2,92.255,90.68,92.065,10,-3.438028593862441,-679.5833333333405,-7.105427357601002e-12,-577.5000000000006,-675.0000000000043,-647.500000000008,-1435.0000000000023,-742.5000000000068,5.585000000000001,51.0675,45.4825,153.6111175737739,30363.78333333366,30210.172215759885,8241325.507451172,3.174704943376128e-10,25802.70000000003,30159.000000000196,28930.30000000036,64115.80000000011,33174.90000000031
2025-10-02,93.78351009925207,92.54833333333335,93.19999999999999,0.6880012512067434,93.925,92.845,92.425,92.695,91.08500000000001,92.315,10,291.7550496260404,-325.8333333333212,362.50000000000426,-177.49999999999488,-387.49999999999574,-252.49999999999773,-1057.4999999999905,-442.49999999999545,-0.4262500000000031,49.06875,49.495000000000005,994.8847192248049,1111.0916666666335,116.20694744182856,8241441.714398614,1236.1250000000236,605.274999999987,1321.3749999999952,861.0249999999986,3606.074999999994,1508.9249999999956
2025-10-03,92.17074480652809,91.075,92.29999999999998,0.721942743615404,93.365,90.965,91.255,91.34,88.58,90.945,10,-64.62759673594576,-612.49999999999,532.5000000000059,-667.4999999999898,-522.4999999999937,-479.99999999998977,-1859.9999999999923,-677.4999999999949,3.4762500000000003,43.96375,40.4875,1797.2934652266517,17033.624999999724,15236.331534773071,8256678.045933387,14808.825000000166,18563.174999999716,14530.724999999828,13348.799999999717,51726.59999999979,18841.27499999986
2025-10-04,89.74704347550869,88.8125,89.85,0.7147825708943703,90.465,88.735,89.55,88.345,87.21499999999999,88.565,10,-51.47826224565222,-518.7499999999972,307.50000000000455,-557.4999999999975,-149.99999999999858,-752.4999999999977,-1317.5000000000025,-642.4999999999983,2.3340625000000017,36.44625,34.1121875,961.2278517819417,9686.359374999955,8725.131523218013,8265403.177456605,5741.793750000089,10409.91874999996,2800.8749999999754,14051.056249999969,24601.018750000065,11997.081249999977
2025-10-05,91.13545022209486,89.79583333333335,91.2,0.6258329251083163,91.56,89.785,89.66,90.01499999999999,87.73499999999999,90.02,10,-32.274888952571246,-702.0833333333271,179.99999999999972,-707.5000000000032,-770.0000000000032,-592.5000000000082,-1732.5000000000089,-590.0000000000034,8.8009375,39.8125,31.0115625,2272.39424392816,49431.93229166623,47159.53804773807,8312562.715504344,12673.34999999998,49813.30625000022,54213.77500000022,41716.44375000057,121980.99375000062,41540.42500000024
2025-10-06,92.33512249112128,90.5325,92.8,0.6442156535741986,92.575,89.465,91.285,90.57499999999999,88.31999999999998,90.975,10,-232.43875443935735,-1133.749999999999,-112.49999999999716,-1667.4999999999968,-757.5000000000002,-1112.5000000000043,-2240.000000000009,-912.5000000000014,6.377187500000005,59.95625,53.5790625,11858.444154609922,57841.090625,45982.64647039007,8358545.361974734,5739.46874999986,85071.6812499999,38645.75625000004,56756.96875000027,114279.20000000055,46553.46875000011
2025-10-07,93.10570152799288,91.45416666666667,93.54999999999998,0.6922348029978278,93.89500000000001,90.605,92.27,92.285,88.4,91.27,10,-222.14923600355263,-1047.9166666666586,172.50000000001364,-1472.4999999999895,-639.9999999999934,-632.4999999999932,-2574.9999999999886,-1139.9999999999934,-0.2515625000000057,60.22125,60.4728125,447.0753374571598,2108.932291666698,1661.8569542095381,8360207.218928943,347.1562500000353,2963.406250000046,1288.000000000016,1272.906250000015,5182.187500000095,2294.2500000000387
2025-10-08,92.25177820761999,90.63583333333334,92.64999999999999,0.7414160093704258,91.97999999999999,90.50999999999999,91.695,91.895,86.63,91.10499999999999,10,-199.11089618999966,-1007.0833333333269,-335.00000000000085,-1070.0000000000002,-477.49999999999915,-377.4999999999977,-3009.999999999998,-772.5000000000009,-12.649374999999992,57.1225,69.771875,20149.027139947004,101911.79791666595,81762.77077671894,8441969.989705663,33900.32500000006,108278.64999999995,48320.61249999989,38201.11249999975,304596.9499999996,78173.13750000004
2025-10-09,90.92658810257913,89.61500000000001,90.79999999999998,0.7188255811425914,91.685,89.425,90.32999999999998,90.11,86.85,89.28999999999999,10,63.29405128957433,-592.4999999999869,442.50000000000966,-687.499999999993,-234.99999999999943,-344.99999999999176,-1974.9999999999943,-754.9999999999955,-2.764687500000001,50.76875,53.5334375,1399.9061793971607,13104.618749999714,11704.712570602553,8453674.702276265,9786.993750000216,15205.781249999849,5197.612499999989,7630.53749999982,43682.06249999989,16698.712499999903
2025-10-10,89.872393262585,89.01583333333335,90.8,0.7052646102923328,90.215,89.51500000000001,89.84,89.345,86.84,88.34,10,-463.80336870749517,-892.0833333333248,-292.4999999999969,-642.4999999999911,-479.9999999999969,-727.4999999999991,-1979.9999999999968,-1229.9999999999968,-20.5103125,47.98125,68.4915625,76102.01624594758,146375.26354166528,70273.2472957177,8523947.949571982,47994.13124999949,105423.00624999855,78759.5999999995,119370.01874999986,324883.3499999995,201821.47499999948
2025-10-11,90.77341093719005,89.47500000000001,90.5,0.6663961931880741,90.71000000000001,89.76499999999999,90.2,89.715,87.23,89.22999999999999,10,136.70546859502508,-512.4999999999957,105.00000000000398,-367.5000000000068,-149.99999999999858,-392.4999999999983,-1634.999999999998,-635.0000000000051,-15.406875,32.0375,47.444375,16849.632531679817,63168.18749999946,46318.554968319644,8570266.504540302,12941.77500000049,45296.21250000084,18488.249999999825,48377.58749999979,201521.92499999973,78266.92500000063
2025-10-12,90.0572906390826,89.07666666666665,89.9,0.697057626725849,90.235,89.27999999999999,89.33,89.77,87.45999999999998,88.38499999999999,10,78.64531954129461,-411.66666666667595,167.49999999999687,-310.0000000000094,-285.0000000000037,-65.00000000000483,-1220.0000000000132,-757.5000000000074,-26.233125,40.08,66.313125,16504.899985533793,86394.42500000195,69889.52501446816,8640156.02955477,35152.38749999934,65058.15000000197,59811.52500000078,13641.225000001015,256035.30000000278,158972.73750000156
2025-10-13,89.20595659772556,88.16416666666666,89.15,0.6936941872948138,89.475,88.125,88.865,88.67,85.94,87.91,10,27.97829886277725,-492.9166666666731,162.49999999999432,-512.5000000000028,-142.5000000000054,-240.000000000002,-1605.000000000004,-620.0000000000045,11.104375000000005,57.13625,46.031875,2485.452179474818,43788.25208333392,41302.79990385911,8681458.829458628,14435.687499999502,45527.93750000027,12658.987500000485,21320.400000000187,142580.17500000042,55077.70000000043
2025-10-14,89.2153583651781,88.50999999999999,89.15,0.7514156332875798,89.91499999999999,88.21000000000001,88.985,89.075,87.28,87.595,10,32.67918258904956,-320.0000000000074,382.4999999999932,-469.99999999999886,-82.50000000000313,-37.50000000000142,-935.0000000000023,-777.5000000000034,5.407187499999999,53.525,48.1178125,1413.619740845811,13842.400000000318,12428.780259154508,8693887.609717783,16545.993749999703,20331.024999999947,3568.7437500001347,1622.1562500000612,40445.76250000009,33632.70625000014
2025-10-15,88.81182253956794,88.08749999999999,89.39999999999999,0.7582076145768333,89.43499999999999,88.33500000000001,88.92999999999999,88.42,86.07999999999998,87.32499999999999,10,-294.0887302160249,-656.25,17.499999999998295,-532.4999999999918,-234.99999999999943,-489.9999999999949,-1660.0000000000036,-1037.5000000000014,10.816249999999997,47.865,37.048750000000005,25447.497825592625,56785.312499999985,31337.81467440736,8725225.42439219,1514.274999999852,46077.22499999928,20334.549999999945,42399.699999999546,143639.80000000028,89774.87500000009
2025-10-16,86.26210877994697,85.51666666666665,87.55000000000001,0.6708866326016755,86.13499999999999,85.9,85.745,86.11,84.16999999999999,85.03999999999999,10,-643.9456100265204,-1016.6666666666799,-707.5000000000102,-825.0000000000028,-902.5000000000034,-720.0000000000059,-1690.0000000000118,-1255.0000000000095,8.566249999999997,32.3625,23.79625,44129.59265511743,69672.16666666754,25542.574011550118,8750767.99840374,48484.97500000068,56537.250000000175,61848.32500000021,49341.600000000384,115815.70000000077,86005.15000000062
2025-10-17,90.24534508506457,88.41166666666666,90.35,0.5695437575171727,89.125,89.48,88.915,89.15,85.21,88.59,10,-52.327457467711724,-969.1666666666663,-612.4999999999972,-434.99999999999517,-717.4999999999941,-599.9999999999943,-2570.0000000000005,-879.9999999999955,5.057499999999997,51.51,46.4525,2117.1689291436155,39212.4833333333,37095.31440418969,8787863.312807929,24781.749999999873,17600.099999999795,29030.049999999745,24275.999999999756,103982.19999999997,35604.7999999998
2025-10-18,90.44714892625808,88.795,89.75,0.6465992460737676,91.91,88.965,89.69,88.435,84.97,88.79999999999998,10,348.57446312904017,-477.49999999999915,1079.9999999999982,-392.4999999999983,-30.000000000001137,-657.4999999999989,-2390.0000000000005,-475.0000000000085,21.115,46.588750000000005,25.473750000000003,58881.198311757464,80659.29999999984,21778.10168824238,8809641.41449617,182433.5999999997,66301.0999999997,5067.600000000191,111064.8999999998,403718.80000000005,80237.00000000144
2025-10-19,83.42865286151567,83.05916666666666,84.80000000000001,0.7990057671718359,84.855,82.99,84.64,82.33,80.98499999999999,82.55499999999999,10,-685.6735692421694,-870.4166666666779,27.499999999996305,-905.0000000000082,-80.0000000000054,-1235.0000000000066,-1907.5000000000132,-1122.5000000000093,-1.6465625000000017,25.16375,26.8103125,9032.035090842486,11465.563541666826,2433.5284508243403,8812074.942946995,362.2437499999517,11921.11250000012,1053.8000000000723,16268.037500000104,25126.5437500002,14786.131250000139
2025-10-20,91.38539004623888,89.94999999999999,91.15,0.7366533808666275,91.78,89.4,90.725,91.8,86.46,89.535,10,117.69502311943825,-600.0000000000085,314.9999999999977,-875.0,-212.50000000000568,324.99999999999574,-2345.000000000006,-807.5000000000045,2.2050000000000054,40.46,38.254999999999995,2076.1402078268957,10584.000000000176,8507.85979217328,8820582.802739168,5556.599999999973,15435.000000000038,3748.5000000001096,5732.999999999939,41365.80000000021,14244.300000000116
2025-10-21,88.01788727760315,86.63250000000001,88.55,0.694531619240284,88.78,85.12499999999999,87.44,88.26499999999999,82.805,87.38,10,-266.056361198423,-958.7499999999949,115.00000000000199,-1712.5000000000057,-554.9999999999998,-142.5000000000054,-2872.499999999995,-585.0000000000009,-21.730937499999996,64.43625,86.1671875,46253.233253442835,166676.2906249991,120423.05737155626,8941005.860110724,19992.462500000343,297713.84375000093,96485.36249999994,24773.268750000934,499376.94374999905,101700.78750000014
2025-10-22,83.02443635145823,82.87166666666667,84.85,0.8029481504781675,84.27,83.09,83.63499999999999,84.13499999999999,80.07000000000001,82.03,10,-912.7818242708798,-989.1666666666623,-289.99999999999915,-879.9999999999955,-607.5000000000017,-357.5000000000017,-2389.9999999999936,-1409.9999999999966,-12.2953125,33.5625,45.8578125,89783.50218984441,97296.90624999956,7513.404060155153,8948519.26417088,28525.124999999916,86558.99999999955,59755.21875000017,35164.59375000017,235086.37499999936,138691.12499999965
2025-10-23,86.15604728182157,84.66583333333332,87.8,0.6621544951422356,86.88499999999999,83.67,84.88,85.035,82.255,85.27000000000001,10,-821.9763590892128,-1567.0833333333362,-457.5000000000031,-2064.9999999999977,-1460.000000000001,-1382.5000000000002,-2772.500000000001,-1264.9999999999934,-1.8440624999999995,43.45125,45.2953125,12126.206237463608,23118.396875000035,10992.190637536427,8959511.454808416,6749.268750000044,30463.91249999996,21538.65000000001,20395.33125,40901.30625,18661.912499999897
2025-10-24,84.6242016049226,83.97833333333332,85.35,0.7439209765567271,85.00999999999999,83.65,83.935,86.575,81.285,83.41499999999999,10,-362.89919753869526,-685.8333333333348,-170.0000000000017,-849.9999999999943,-707.499999999996,612.5000000000043,-2032.4999999999989,-967.5000000000011,1.7753124999999983,41.7075,39.9321875,5154.075853043314,9740.54791666668,4586.472063623365,8964097.92687204,2414.425000000022,12072.124999999907,10048.268749999934,8699.031250000053,28866.581249999956,13740.918750000003
2025-10-25,78.43490407288073,78.08249999999998,78.45,0.7892368743392298,81.13999999999999,75.255,77.995,78.705,77.44,77.96,10,-7.547963559638049,-183.75000000001052,1344.9999999999918,-1597.5000000000036,-227.49999999999915,127.49999999999773,-505.00000000000256,-245.00000000000455,3.285937500000003,46.25625,42.9703125,198.41709207398537,4830.328125000281,4631.911032926296,8968729.837904966,35356.68749999982,41994.28125000013,5980.406249999983,3351.656249999943,13275.187500000078,6440.4375000001255
2025-10-26,79.87904123942057,78.87166666666667,80.60000000000001,0.7812365032937563,81.57,78.24499999999999,80.23,76.33,78.005,78.85,10,-360.4793802897177,-864.1666666666695,484.9999999999923,-1177.500000000009,-185.00000000000227,-2135.000000000005,-1297.5000000000066,-875.000000000007,-3.110624999999999,51.955,55.065625,8970.529378509622,21504.78750000006,12534.258121490438,8981264.096026456,12069.224999999804,29302.087500000216,4603.725000000055,53129.47500000011,32288.28750000015,21774.375000000167
2025-10-27,85.47897835413615,83.36916666666666,85.5,0.6015077170903971,85.49,82.52,84.72,83.64,79.915,83.93,10,-10.510822931927066,-1065.416666666671,-5.000000000002558,-1490.000000000002,-390.00000000000057,-929.9999999999998,-2792.499999999997,-784.9999999999966,-24.73593749999999,52.08,76.81593749999999,2079.9604729417165,210832.6406250008,208752.68015205907,9190016.776178515,989.4375000005058,294852.3750000003,77176.12500000009,184035.37499999988,552600.8437499992,155341.68749999927
2025-10-28,84.8423062769572,83.37166666666667,85.8,0.7122480260614776,84.85499999999999,81.33,84.595,85.965,80.045,83.44,10,-478.8468615213972,-1214.1666666666638,-472.5000000000037,-2234.9999999999995,-602.4999999999991,82.50000000000313,-2877.4999999999977,-1179.9999999999998,5.455312500000005,45.225,39.7696875,20898.074153947597,52989.26874999992,32091.194596052326,9222107.970774567,20621.08125000018,97540.98750000008,26294.606249999986,3600.50625000014,125581.29375000001,51498.15000000004
2025-10-29,65.31361754218739,65.64666666666666,68.1,0.8632994246835204,67.35499999999999,65.185,67.025,65.395,63.129999999999995,65.78999999999999,10,-1393.1912289063034,-1226.6666666666665,-372.5000000000023,-1457.499999999996,-537.4999999999943,-1352.499999999999,-2484.9999999999995,-1155.0000000000011,11.3553125,15.73375,4.3784374999999995,126560.97421192087,111433.46666666666,-15127.507545254208,9206980.463229312,33838.83125000021,132402.94374999963,48827.84374999948,122864.48124999992,225743.61249999996,104923.08750000011
2025-10-30,69.20517283757528,68.38833333333332,70.65,0.4982998082283737,69.91,66.815,69.19,69.66,65.49499999999999,69.25999999999999,10,-722.4135812123649,-1130.8333333333421,-370.00000000000455,-1917.500000000004,-730.000000000004,-495.00000000000455,-2577.5000000000077,-695.0000000000074,-1.8468749999999972,29.91375,31.760624999999997,10673.660662412674,16708.062500000106,6034.401837587431,9213014.865066899,5466.750000000059,28331.06250000002,10785.750000000042,7313.6250000000555,38082.56250000006,10268.625000000093
2025-10-31,73.12913490047059,72.33083333333333,73.55,0.49994852084151725,73.675,71.25,73.275,73.92,69.11,72.755,10,-210.43254976470394,-609.5833333333331,62.5,-1149.9999999999986,-137.49999999999574,185.00000000000227,-2219.999999999999,-397.50000000000085,13.005937499999998,23.91625,10.9103125,21894.98072164303,63425.62187499997,41530.64115335693,9254545.506220255,6502.968749999999,119654.62499999984,14306.531249999554,19248.787500000235,230985.44999999987,41358.881250000086
2025-11-01,72.65241094311078,72.21333333333332,73.9,0.6752061061200543,73.96,70.86,71.735,74.78,70.085,71.86,11,-623.7945284446128,-843.3333333333408,29.99999999999403,-1520.0000000000032,-1082.5000000000032,439.9999999999977,-1907.500000000006,-1020.0000000000032,-13.744687500000005,36.5575,50.3021875,68590.88686144853,92730.82500000086,24139.93813855233,9278685.444358807,3298.724999999345,167135.4000000004,119028.99375000039,48381.29999999977,209743.93125000072,112156.65000000039
2025-11-02,72.51220918138822,71.77333333333334,72.8,0.665757375413091,72.96,70.885,72.575,72.94,69.51,71.76999999999998,11,-143.89540930589106,-513.3333333333283,79.9999999999983,-957.499999999996,-112.49999999999716,70.00000000000028,-1644.999999999996,-515.0000000000077,8.5471875,32.04625,23.4990625,9839.208349813565,35100.449999999655,25261.24165018609,9303946.686008994,5470.199999999883,65471.45624999973,7692.468749999805,4786.425000000019,112480.98749999971,35214.41250000053
2025-11-03,76.79547407627106,75.9,77.25,0.6098536840192224,77.33,74.94,77.12499999999999,77.195,72.96000000000001,75.85,11,-227.2629618644686,-674.9999999999972,39.99999999999915,-1155.0000000000011,-62.500000000007105,-27.50000000000341,-2144.999999999996,-700.0000000000028,8.785312500000003,38.41125,29.6259375,15972.60911723952,47440.68749999982,31468.078382760297,9335414.764391754,2811.299999999941,81176.28750000011,4392.656250000501,1932.7687500002405,150755.96249999976,49197.75000000022
2025-11-04,78.24269028147063,77.38583333333334,78.35,0.6492317044633151,78.905,76.05,78.335,79.23499999999999,74.48999999999998,77.30000000000001,11,-53.654859264682386,-482.0833333333283,277.5000000000034,-1149.9999999999986,-7.500000000000284,442.49999999999545,-1930.0000000000068,-524.9999999999915,13.399375,34.75125,21.351875,5751.532638877628,51676.922916666124,45925.390277788494,9381340.154669542,29746.612500000363,123274.24999999984,803.9625000000304,47433.78749999951,206886.3500000007,56277.37499999908
2025-11-05,82.88415968179703,81.33499999999998,82.54999999999998,0.5717385912369096,82.595,80.925,82.69999999999999,83.07,77.135,81.58500000000001,11,167.07984089852346,-607.5000000000017,22.500000000007958,-812.499999999993,75.00000000000284,260.0000000000051,-2707.499999999989,-482.4999999999875,12.9778125,63.7775,50.799687500000005,17346.64678168695,63072.16875000018,45725.52196831323,9427065.676637854,2336.006250000826,84355.78124999927,7786.687500000296,26993.850000000533,281099.4187499989,50094.3562499987
2025-11-06,83.20847656428813,81.85000000000002,83.1,0.599030769584368,83.215,81.415,82.735,83.72,77.85,82.16499999999999,11,54.23828214406967,-624.9999999999858,57.50000000000455,-842.4999999999941,-182.49999999999744,310.0000000000023,-2625.0,-467.50000000000114,11.048437500000006,45.94875,34.9003125,4793.986163008961,55242.18749999877,50448.20133698981,9477513.877974844,5082.281250000405,74466.46874999952,16130.718749999782,27400.125000000215,232017.18750000012,41321.156250000124
2025-11-07,85.67666731794677,84.05333333333333,85.85,0.6485301948843545,85.97,83.95499999999998,85.19500000000001,85.17499999999998,79.51499999999999,84.50999999999999,11,-86.66634102661419,-898.3333333333335,60.000000000002274,-947.5000000000051,-327.49999999999346,-337.5000000000057,-3167.500000000004,-670.0000000000017,-0.7828125000000057,96.26625,97.0490625,542.7479606791753,5625.812500000042,5083.064539320867,9482596.942514164,375.750000000017,5933.7187500000755,2050.968749999974,2113.593750000051,19836.46875000017,4195.875000000041
2025-11-08,84.90261484265326,83.6925,85.05,0.55898047791728,85.28,84.195,85.13999999999999,84.74,79.395,83.405,11,-73.69257867336643,-678.7500000000009,115.00000000000199,-427.500000000002,44.9999999999946,-155.00000000000114,-2827.5000000000005,-822.499999999998,5.354999999999997,46.46125,41.10625,3156.990070367016,29077.650000000023,25920.659929633006,9508517.602443798,4926.600000000082,18314.100000000075,1927.7999999997676,6640.200000000044,121130.09999999995,35235.89999999989
2025-11-09,70.09015951047341,69.98166666666667,69.3,0.7211756852902353,71.92999999999999,69.30499999999999,70.115,68.765,69.48,70.29499999999999,11,395.0797552367078,340.833333333336,1314.9999999999977,2.4999999999977263,407.49999999999886,-267.4999999999983,90.00000000000341,497.49999999999517,2.5778125000000003,22.17125,19.5934375,8147.532252369007,7028.835416666722,-1118.6968357022852,9507398.905608095,27118.587499999958,51.55624999995312,8403.668749999977,5516.518749999966,1856.0250000000706,10259.693749999902
2025-11-10,58.2791303986311,58.589999999999996,60.15,0.5616936384909602,59.84,58.419999999999995,59.385,59.10499999999999,56.349999999999994,58.44,11,0.0,0.0,0.0,0.0,0.0,0.0,0.0,0.0,12.322812499999998,29.6975,17.3746875,0.0,0.0,0.0,9507398.905608095,0.0,0.0,0.0,0.0,0.0,0.0
2025-11-11,71.4109107875824,71.04,73.0,0.5060365728848536,72.74499999999999,70.655,72.10999999999999,72.19999999999999,67.61,70.92,11,-794.5446062088024,-979.9999999999968,-127.50000000000483,-1172.4999999999995,-445.0000000000074,-400.0000000000057,-2695.0000000000005,-1039.999999999999,6.172187499999998,15.595,9.4228125,39232.626293075125,48389.94999999983,9157.323706924704,9516556.22931502,6295.631250000237,57895.11874999996,21972.987500000356,19751.000000000273,133072.3625,51352.59999999994
2025-11-12,80.57779786944388,79.57249999999999,81.0,0.6081666390335454,80.655,79.145,80.58999999999999,82.37,75.41999999999999,79.255,11,-211.10106527805783,-713.7500000000045,-172.49999999999943,-927.500000000002,-205.0000000000054,685.0000000000023,-2790.0000000000064,-872.5000000000023,13.1175,49.38375,36.26625,22152.945790279387,74900.92500000047,52747.97920972108,9569304.208524741,18102.14999999994,97331.85000000021,21512.700000000565,71883.90000000024,292782.6000000007,91560.15000000024
2025-11-13,82.81818229635557,81.77583333333334,83.35,0.5766518902165997,82.73499999999999,81.45,82.47,84.26,78.105,81.635,11,-265.9088518222106,-787.083333333328,-307.50000000000455,-949.9999999999957,-439.9999999999977,455.0000000000054,-2622.499999999995,-857.4999999999945,-0.3149999999999977,38.322500000000005,38.6375,670.0903065919658,1983.4499999999723,1313.3596934080065,9570617.56821815,774.9000000000059,2393.999999999972,1108.7999999999863,1146.6000000000054,6608.69999999994,2160.8999999999705
2025-11-14,83.44371040264765,82.36666666666667,83.55,0.6602421781381006,83.84,82.1,83.085,84.49499999999999,78.58,82.1,11,-53.144798676171945,-591.6666666666615,145.00000000000313,-725.0000000000014,-232.5000000000017,472.4999999999966,-2484.9999999999995,-725.0000000000014,14.609062499999997,43.16625,28.5571875,6211.1654832809045,69149.56249999939,62938.39701671848,9633555.965234868,16946.51250000036,84732.56250000015,27172.856250000194,55222.25624999959,290428.16249999986,84732.56250000015
2025-11-15,84.95135487824678,83.5225,85.64999999999999,0.6343671632620917,85.33500000000001,83.94,84.43,84.74,78.875,83.81500000000001,11,-349.3225608766082,-1063.7499999999989,-157.49999999999176,-854.9999999999968,-609.9999999999923,-454.9999999999983,-3387.499999999996,-917.4999999999898,16.907187500000003,44.295,27.3878125,47248.49627776784,143880.16562499988,96631.66934723203,9730187.6345821,21303.05624999889,115645.16249999958,82507.07499999896,61542.16249999978,458184.78124999953,124098.75624999864
2025-11-16,84.24983297109604,82.795,84.14999999999999,0.6129303500525808,84.32000000000001,83.21,83.82500000000002,84.815,77.545,83.055,11,49.916485548024525,-677.4999999999949,85.00000000000796,-469.99999999999886,-162.4999999999872,332.5000000000031,-3302.499999999995,-547.4999999999923,20.233437500000008,74.35125000000001,54.1178125,8079.856724444863,109665.23124999921,101585.37452555435,9831773.009107655,13758.737500001294,76077.72499999985,26303.46874999794,53820.94375000053,534567.4187499994,88622.45624999878
2025-11-17,85.23219975173473,83.9275,86.1,0.6422325139384532,85.215,84.02,84.305,86.25,79.735,84.04,11,-433.90012413263435,-1086.2499999999998,-442.49999999999545,-1039.999999999999,-897.4999999999937,75.00000000000284,-3182.4999999999973,-1029.999999999994,5.634374999999999,44.9675,39.333125,19558.04809527849,48962.71874999998,29404.67065472149,9861177.679762376,19945.68749999979,46877.99999999995,40454.81249999971,3380.6250000001273,143451.18749999985,46427.24999999972
2025-11-18,85.8630630215009,84.35833333333332,85.4,0.6812005808167829,84.91,84.41,84.55999999999999,86.375,81.14999999999999,84.745,11,231.5315107504503,-520.8333333333428,-245.00000000000455,-495.00000000000455,-420.0000000000088,487.49999999999716,-2125.0000000000073,-327.50000000000057,-5.743437499999999,77.25,82.9934375,10638.294090206313,23930.989583333765,13292.695493127452,9874470.375255505,11257.137500000206,22744.012500000204,19297.9500000004,22399.406249999865,97638.43750000032,15047.806250000023
2025-11-19,84.45209080477555,83.03333333333333,84.69999999999999,0.7171493401691327,83.53999999999999,82.92999999999999,83.56,85.685,78.71,83.775,11,-123.95459761221872,-833.3333333333286,-579.9999999999983,-884.999999999998,-569.9999999999932,492.5000000000068,-2994.9999999999973,-462.4999999999915,-11.611874999999998,69.84,81.451875,11514.762345187055,77412.49999999955,65897.73765481249,9940368.112910317,53879.09999999983,82212.0749999998,52950.149999999354,45750.787500000624,278220.5249999997,42963.9374999992
2025-11-20,81.36170559565227,80.03166666666667,82.85,0.7691299772905938,81.66,79.05,79.94,81.89499999999998,76.595,81.05,11,-744.1472021738633,-1409.166666666664,-594.9999999999989,-1899.9999999999986,-1454.9999999999982,-477.50000000000625,-3127.4999999999977,-899.9999999999986,17.637500000000003,50.42,32.7825,104999.17022673214,198833.41666666634,93834.2464399342,10034202.359350251,83954.49999999985,268089.9999999998,205300.49999999977,67375.25000000089,441290.24999999977,126989.99999999983
2025-11-21,80.81563990950583,79.3025,81.25,0.7009287864918985,80.44,79.16,79.285,79.955,77.65499999999999,79.32000000000001,11,-217.18004524708334,-973.7500000000025,-405.00000000000114,-1045.0000000000018,-982.5000000000017,-647.5000000000009,-1797.5000000000066,-964.9999999999964,6.618437499999999,57.68625,51.0678125,11499.140445719944,51557.62812500013,40058.48767928018,10074260.847029531,21443.737500000057,55330.137500000084,52020.918750000084,34283.50625000004,95173.13125000033,51094.3374999998
2025-11-22,74.71884608685971,73.345,75.25,0.7378656161963836,75.365,72.69,73.13499999999999,74.04999999999998,70.53,74.3,11,-265.57695657014335,-952.5000000000006,57.49999999999744,-1280.0000000000011,-1057.5000000000045,-600.0000000000085,-2359.9999999999995,-475.0000000000014,-18.5490625,43.205,61.7540625,39409.628527835004,141343.8562500001,101934.22772216509,10176195.074751696,8532.568749999622,189942.4000000002,156925.06875000068,89035.50000000127,350206.3,70486.43750000022
2025-11-23,70.5566850228111,70.07166666666667,71.05000000000001,0.6883398704376185,73.235,68.545,69.99,71.05,67.805,69.805,11,-246.65748859445813,-489.1666666666694,1092.499999999994,-1252.5000000000048,-530.0000000000082,-7.105427357601002e-12,-1622.5000000000023,-622.5000000000023,10.254687500000005,38.49625,28.2415625,20235.163720567867,40130.01041666691,19894.846696099044,10196089.921447795,89625.96874999955,102751.96875000044,43479.87500000069,5.829114968491925e-10,133105.84375000023,51068.34375000021
2025-11-24,75.28635102113087,74.93333333333332,74.75,0.79199042831583,76.49000000000001,73.32000000000001,76.55,76.58,73.22,73.44,11,268.17551056543465,91.66666666666146,870.0000000000045,-714.9999999999964,899.9999999999986,914.9999999999991,-765.0000000000006,-655.0000000000011,-9.521875,46.85375,56.375625,20428.269517321984,6982.7083333329365,-13445.561183989048,10182644.360263806,66272.25000000035,54465.12499999972,68557.4999999999,69700.12499999993,58273.875000000044,49894.62500000009
2025-11-25,78.41818085273107,76.23083333333334,79.3,0.6985203509293008,77.795,76.145,78.035,74.31,73.755,77.345,11,-440.9095736344639,-1534.5833333333303,-752.4999999999977,-1577.5000000000005,-632.5000000000002,-2494.9999999999973,-2772.500000000001,-977.4999999999991,-40.857499999999995,39.745,80.60249999999999,144115.70323816087,501593.9083333323,357478.2050951714,10540122.565358978,245962.14999999924,515621.6500000001,206738.95000000004,815515.699999999,906219.3500000002,319505.6499999997
2025-11-26,65.36733291943868,64.68333333333334,65.9,0.7164439385920242,66.21000000000001,63.51,65.225,64.99000000000001,63.2,64.965,11,-266.33354028066236,-608.3333333333343,155.00000000000114,-1195.0000000000039,-337.5000000000057,-454.9999999999983,-1350.0000000000014,-467.50000000000114,3.525624999999998,37.6575,34.131875,7511.937503616077,17158.041666666682,9646.104163050604,10549768.669522028,4371.77500000003,33704.97500000009,9519.187500000155,12833.274999999945,38076.750000000015,13185.837500000025
2025-11-27,62.733477147718276,62.67583333333334,64.2,0.6550642192913736,64.26,61.14,63.77499999999999,64.66499999999999,59.709999999999994,62.504999999999995,11,0.0,0.0,0.0,0.0,0.0,0.0,0.0,0.0,0.6724999999999994,28.0675,27.395,0.0,0.0,0.0,10549768.669522028,0.0,0.0,0.0,0.0,0.0,0.0
2025-11-28,64.64710295995077,63.733333333333334,65.8,0.5782959441745701,64.27499999999999,63.05,64.43,65.35000000000001,60.644999999999996,64.65,11,-576.4485200246128,-1033.3333333333314,-762.5000000000028,-1375.0,-684.9999999999952,-224.99999999999432,-2577.5000000000005,-574.9999999999957,3.3268749999999994,16.37875,13.051875,15342.177360455065,27502.16666666661,12159.989306211544,10561928.65882824,20293.937500000073,36595.62499999999,18231.27499999987,5988.374999999847,68600.1625,15303.624999999882
2025-11-29,74.26415740946929,72.67916666666666,74.75,0.6419415982341857,73.27,73.13499999999999,73.58,74.72,68.58,72.78999999999999,11,-242.92129526535433,-1035.41666666667,-740.000000000002,-807.5000000000045,-585.0000000000009,-15.000000000000568,-3085.000000000001,-980.000000000004,5.288125000000001,28.92125,23.633125,10276.785396200816,43803.30208333348,33526.516687132666,10595455.175515372,31305.70000000009,34161.287500000195,24748.425000000043,634.5750000000241,130510.92500000006,41458.900000000176
2025-11-30,61.070085434913636,60.34250000000001,58.5,0.761893053114739,61.045,58.84,60.885,59.614999999999995,59.905,61.765,11,0.0,0.0,0.0,0.0,0.0,0.0,0.0,0.0,7.499375000000001,44.93375,37.434375,0.0,0.0,0.0,10595455.175515372,0.0,0.0,0.0,0.0,0.0,0.0
2025-12-01,46.40761262208223,46.9175,45.2,0.7220462205874836,49.205,46.195,46.165,47.12,47.005,45.815,12,0.0,0.0,0.0,0.0,0.0,0.0,0.0,0.0,16.0928125,60.89375,44.8009375,0.0,0.0,0.0,10595455.175515372,0.0,0.0,0.0,0.0,0.0,0.0
2025-12-02,53.2816173517704,52.040000000000006,53.7,0.5356222587969329,53.34,51.515,52.32,52.085,49.9,53.08,12,0.0,0.0,0.0,0.0,0.0,0.0,0.0,0.0,11.0659375,29.91375,18.8478125,0.0,0.0,0.0,10595455.175515372,0.0,0.0,0.0,0.0,0.0,0.0
2025-12-03,58.79601457993189,58.60916666666667,57.85,0.5679436152063793,58.42499999999999,58.115,57.589999999999996,61.23499999999999,58.88999999999999,57.4,12,0.0,0.0,0.0,0.0,0.0,0.0,0.0,0.0,-17.02375,35.75625,52.78,0.0,0.0,0.0,10595455.175515372,0.0,0.0,0.0,0.0,0.0,0.0
2025-12-04,54.19205661376317,54.75583333333333,52.349999999999994,0.8087886348779428,54.675,53.085,54.415,56.715,56.574999999999996,53.06999999999999,12,0.0,0.0,0.0,0.0,0.0,0.0,0.0,0.0,8.048437499999999,54.7575,46.7090625,0.0,0.0,0.0,10595455.175515372,0.0,0.0,0.0,0.0,0.0,0.0
2025-12-05,53.65560716539622,52.6,52.849999999999994,0.5655272014646067,53.72,52.21,52.28,52.99499999999999,51.084999999999994,53.31,12,0.0,0.0,0.0,0.0,0.0,0.0,0.0,0.0,-0.8815625000000011,45.13625,46.0178125,0.0,0.0,0.0,10595455.175515372,0.0,0.0,0.0,0.0,0.0,0.0
2025-12-06,66.96821517546971,65.24583333333334,66.75,0.633858947192564,67.41499999999999,64.545,64.805,66.92500000000001,62.34,65.44500000000001,12,109.1075877348544,-752.0833333333314,332.499999999996,-1102.499999999999,-972.4999999999966,87.50000000000568,-2204.999999999998,-652.4999999999964,-12.0571875,20.94875,33.0059375,10524.245143934719,72544.07812499981,62019.83298106509,10657475.008496437,32072.118749999616,106344.3937499999,93804.91874999966,8440.031250000548,212688.7874999998,62938.51874999965
2025-12-07,68.56576490839322,66.98583333333332,69.05,0.6550232563458287,68.05499999999999,65.8,67.22,68.205,65.07,67.565,12,-242.11754580338862,-1032.0833333333396,-497.5000000000023,-1625.0,-914.9999999999991,-422.49999999999943,-1990.000000000002,-742.4999999999998,-22.968750000000004,25.01125,47.98,44489.09904137267,189645.3125000012,145156.2134586285,10802631.221955067,91415.62500000044,298593.75000000006,168131.24999999985,77634.37499999991,365662.5000000004,136434.37499999997
2025-12-08,58.052145587205885,57.10499999999999,59.400000000000006,0.5806582735750173,58.74,56.485,57.370000000000005,58.26499999999999,53.75999999999999,58.01,12,0.0,0.0,0.0,0.0,0.0,0.0,0.0,0.0,1.1028124999999989,27.91375,26.8109375,0.0,0.0,0.0,10802631.221955067,0.0,0.0,0.0,0.0,0.0,0.0
2025-12-09,65.64622126142184,63.936666666666675,66.65,0.4827795316803988,65.39,62.795,65.02,65.345,59.695,65.375,12,-501.88936928908134,-1356.6666666666656,-630.0000000000025,-1927.500000000002,-815.0000000000048,-652.5000000000034,-3477.5000000000027,-637.5000000000028,2.0465625000000003,24.3025,22.2559375,8217.183698685485,22212.024999999987,13994.841301314502,10816626.063256381,10314.675000000043,31557.993750000038,13343.58750000008,10683.056250000058,56935.36875000005,10437.468750000047
2025-12-10,72.1599915377299,70.06166666666667,71.65,0.5361693125600613,70.16,69.365,71.575,71.42999999999999,66.38499999999999,71.455,12,254.99576886494424,-794.1666666666691,-745.0000000000045,-1142.5000000000055,-37.50000000000142,-110.00000000000654,-2632.5000000000073,-97.5000000000037,2.945312500000007,34.323750000000004,31.378437499999997,6008.337803880263,18712.552083333438,12704.214279453176,10829330.277535833,17554.06250000015,26920.156250000193,883.5937500000356,2591.87500000016,62028.28125000032,2297.3437500000928
2025-12-11,68.09463002721468,66.89416666666666,68.6,0.5143966627889733,67.56,65.86500000000001,68.17,69.445,62.934999999999995,67.39,12,-252.68498639265857,-852.9166666666654,-519.999999999996,-1367.4999999999927,-214.9999999999963,422.49999999999943,-2832.4999999999995,-604.9999999999968,-9.012187500000003,23.00875,32.0209375,18217.95580644471,61493.15937499993,43275.203568555226,10872605.481104389,37490.69999999973,98593.33124999951,15500.96249999974,30461.19374999997,204216.16875000004,43618.987499999785
2025-12-12,75.3258920141061,73.46333333333334,75.5,0.5312957211061691,74.625,71.24499999999999,75.505,77.815,67.64,73.94999999999999,12,-87.05399294694871,-1018.3333333333309,-437.5,-2127.500000000005,2.4999999999977263,1157.4999999999989,-3929.9999999999995,-775.0000000000057,-1.7981249999999989,33.24375,35.041875,1252.2716885418565,14648.724999999955,13396.453311458099,10886001.934415847,6293.437499999996,30604.087500000052,35.96249999996727,16650.63749999997,56533.04999999996,11148.375000000075
2025-12-13,73.30638900518417,72.545,72.65,0.6561262922399625,74.595,71.01,72.91,75.11999999999999,69.275,72.36,12,328.1945025920834,-52.50000000000199,972.4999999999966,-820.0000000000002,129.99999999999545,1234.9999999999923,-1687.5,-145.00000000000313,11.1,38.36,27.26,29143.671830177,4662.000000000176,-24481.671830176827,10861520.26258567,86357.9999999997,72816.00000000001,11543.999999999596,109667.99999999932,149850.0,12876.000000000276
2025-12-14,61.76696494489908,61.2075,60.4,0.7842609622780158,61.435,60.4,61.42499999999999,61.169999999999995,61.004999999999995,61.81,12,0.0,0.0,0.0,0.0,0.0,0.0,0.0,0.0,-0.7303124999999966,40.07875,40.8090625,0.0,0.0,0.0,10861520.26258567,0.0,0.0,0.0,0.0,0.0,0.0
2025-12-15,52.800073103258995,52.39416666666666,54.65,0.5297561678360834,53.86,51.294999999999995,52.17,53.105000000000004,50.809999999999995,53.125,12,0.0,0.0,0.0,0.0,0.0,0.0,0.0,0.0,0.8518749999999997,29.38375,28.531875,0.0,0.0,0.0,10861520.26258567,0.0,0.0,0.0,0.0,0.0,0.0
2025-12-16,60.98811199784279,60.0325,61.75,0.5313076523744893,59.339999999999996,58.945,59.51,62.71,59.30499999999999,60.385000000000005,12,0.0,0.0,0.0,0.0,0.0,0.0,0.0,0.0,11.0040625,30.17625,19.1721875,0.0,0.0,0.0,10861520.26258567,0.0,0.0,0.0,0.0,0.0,0.0
2025-12-17,66.1137835741043,65.1375,64.7,0.6537688262446065,64.925,65.21000000000001,64.78,65.845,64.955,65.11,12,706.8917870521502,218.75,0.0,255.00000000000256,0.0,572.499999999998,0.0,204.9999999999983,6.607812499999998,32.18125,25.5734375,37368.06709304428,11563.671874999996,-25804.395218044283,10835715.867367625,0.0,13479.937500000131,0.0,30263.781249999884,0.0,10836.812499999907
2025-12-18,76.5504642089208,73.19583333333334,76.15,0.5955844333159575,74.82999999999998,73.21,74.00999999999999,72.44500000000001,69.42999999999999,75.25,12,200.2321044603974,-1477.0833333333328,-660.0000000000108,-1470.000000000006,-1070.0000000000073,-1852.499999999999,-3360.0000000000064,-450.00000000000284,5.872812500000002,22.6825,16.8096875,9407.404847810625,69397.06770833333,59989.6628605227,10895705.530228147,31008.450000000517,69064.2750000003,50271.27500000036,87035.08124999999,157861.20000000036,21142.125000000142
2025-12-19,66.34380030870437,65.0525,67.45,0.6280220144215083,66.505,64.15,66.465,65.80499999999999,61.215,66.175,12,-553.0998456478144,-1198.750000000004,-472.5000000000037,-1649.9999999999986,-492.4999999999997,-822.5000000000051,-3117.4999999999995,-637.5000000000028,2.664999999999999,14.8475,12.1825,11792.088709211399,25557.35000000008,13765.26129078868,10909470.791518936,10073.700000000075,35177.999999999956,10500.099999999991,17535.700000000103,66465.09999999996,13591.500000000056
2025-12-20,78.39611891925335,76.66999999999999,78.45,0.6465817309599114,77.89999999999999,76.66499999999999,78.17999999999999,80.285,70.59,76.4,12,-26.940540373324495,-890.0000000000077,-275.0000000000057,-892.5000000000055,-135.00000000000512,917.4999999999968,-3929.9999999999995,-1024.9999999999986,7.457812499999999,20.015,12.5571875,1607.3399900234726,53099.62500000046,51492.285009976986,10960963.076528912,16407.18750000034,53248.78125000032,8054.437500000305,54740.3437499998,234473.62499999994,61154.06249999991
2025-12-21,72.86156410257021,71.89666666666666,73.94999999999999,0.8582170279570009,70.98500000000001,72.0,73.38,74.78999999999999,67.14499999999998,73.08000000000001,12,-544.2179487148877,-1026.6666666666638,-1482.4999999999875,-974.9999999999943,-284.9999999999966,420.0000000000017,-3402.5000000000036,-434.99999999998806,7.372812500000002,37.02125,29.6484375,32099.335160075872,60555.366666666516,28456.031506590643,10989419.108035503,87441.55624999928,57507.93749999968,16810.012499999804,24772.650000000107,200687.95625000028,25657.387499999302
2025-12-22,79.23266626795133,77.10833333333333,78.55,0.6304484403097196,78.275,75.58,78.045,80.86,71.955,77.935,12,341.33313397566667,-720.8333333333314,-137.49999999999574,-1484.9999999999995,-252.49999999999773,1155.0000000000011,-3297.4999999999995,-307.49999999999744,-7.4453124999999964,22.6,30.0453125,20330.654792425637,42934.63541666653,22603.980624240896,11012023.088659745,8189.843749999743,88450.31249999993,15039.531249999858,68794.68750000003,196407.34374999988,18315.46874999984
2025-12-23,80.61047168970109,78.8125,81.1,0.6706912871145345,79.39,78.82,80.315,80.855,74.13,79.365,12,-244.76415514945415,-1143.7499999999973,-854.9999999999968,-1140.0000000000005,-392.4999999999983,-122.49999999999517,-3484.9999999999995,-867.4999999999998,-18.031875000000003,26.68375,44.715625,35308.453201084514,164991.65624999962,129683.20304891511,11141706.29170866,123338.02499999956,164450.7000000001,56620.08749999976,17671.237499999304,502728.67500000005,125141.2125
2025-12-24,79.49896120945613,77.58666666666666,79.6,0.6547991741594374,78.59,77.74,78.5,80.19,71.985,78.515,12,-50.51939527193383,-1006.6666666666677,-504.99999999999545,-929.9999999999998,-549.9999999999972,295.0000000000017,-3807.4999999999973,-542.4999999999968,-1.0706249999999995,24.33875,25.409375,432.6986205041131,8622.100000000004,8189.401379495891,11149895.693088155,4325.324999999959,7965.449999999994,4710.749999999974,2526.6750000000134,32611.237499999963,4646.512499999971
2025-12-25,79.41375811080137,77.62166666666667,79.85,0.6411208032194369,79.32499999999999,77.88499999999999,77.785,80.08999999999999,72.42,78.225,12,-218.1209445993133,-1114.1666666666624,-262.50000000000284,-982.5000000000017,-1032.4999999999989,119.99999999999744,-3714.9999999999964,-812.5,3.9868749999999977,22.7675,18.780625,6956.967527995094,35536.34583333318,28579.378305338087,11178475.071393494,8372.437500000085,31336.837500000038,32931.58749999994,3827.3999999999164,118489.92499999981,25914.687499999985
2025-12-26,83.11929082552592,80.90916666666666,83.64999999999999,0.5943055413703587,81.79500000000002,81.4,81.85,83.495,74.765,82.15,12,-265.3545872370344,-1370.4166666666638,-927.4999999999877,-1124.999999999993,-899.9999999999986,-77.49999999999346,-4442.499999999995,-749.999999999993,11.3071875,33.225,21.9178125,24003.31257499404,123964.46562499974,99961.1530500057,11278436.224443499,83899.33124999888,101764.68749999936,81411.74999999987,7010.456249999408,401857.44374999957,67843.12499999936
2025-12-27,81.40132403016091,79.7775,81.94999999999999,0.6493095320706196,81.285,80.035,80.75,82.57,74.31,79.715,12,-274.33798491954065,-1086.2499999999927,-332.499999999996,-957.499999999996,-599.9999999999943,310.0000000000023,-3819.999999999993,-1117.4999999999927,6.811875000000001,15.365,8.553125,14950.048488190369,59195.193749999606,44245.14526180924,11322681.369705308,18119.587499999783,52178.96249999979,32696.999999999694,16893.450000000124,208170.89999999964,60898.162499999606
2025-12-28,81.95464322169622,80.28333333333333,82.15,0.6786501503487734,81.345,80.59499999999998,81.60499999999999,81.50999999999999,76.50999999999999,80.135,12,-97.67838915189486,-933.3333333333371,-402.5000000000034,-777.5000000000105,-272.50000000000796,-320.0000000000074,-2820.0000000000073,-1007.5000000000002,0.1156250000000014,15.285,15.169375,90.35250996550384,863.3333333333472,772.9808233678434,11323454.350528676,372.3125000000076,719.1875000000183,252.0625000000104,296.0000000000104,2608.500000000038,931.9375000000115
2025-12-29,57.798219296733535,57.51916666666665,55.0,0.8502193066335108,57.44,56.005,58.925000000000004,58.04,54.964999999999996,59.739999999999995,12,0.0,0.0,0.0,0.0,0.0,0.0,0.0,0.0,-17.858125,30.7175,48.575625,0.0,0.0,0.0,11323454.350528676,0.0,0.0,0.0,0.0,0.0,0.0
2025-12-30,55.46659226655961,54.477500000000006,56.7,0.550265464738497,55.455,54.41,54.695,55.275,51.55499999999999,55.474999999999994,12,0.0,0.0,0.0,0.0,0.0,0.0,0.0,0.0,-0.9449999999999968,24.40375,25.34875,0.0,0.0,0.0,11323454.350528676,0.0,0.0,0.0,0.0,0.0,0.0
2025-12-31,67.7398356016477,66.15583333333333,68.0,0.49582744208877794,66.44,66.11000000000001,67.265,68.44500000000001,60.894999999999996,67.78,12,-130.08219917615094,-922.0833333333331,-780.0000000000011,-944.9999999999932,-367.4999999999997,222.5000000000037,-3552.500000000002,-109.99999999999943,-8.1171875,24.9675,33.0846875,8447.212809001301,59877.78645833332,51430.57364933202,11374884.924178008,50651.25000000007,61365.937499999556,23864.53124999998,14448.59375000024,230690.46875000012,7143.124999999963
2026-01-01,72.61591299533843,70.9975,73.1,0.5389517514172582,71.55499999999999,71.97500000000001,72.21499999999999,73.45499999999998,65.44999999999999,71.33500000000001,1,-242.0435023307803,-1051.249999999996,-772.5000000000009,-562.499999999993,-442.50000000000256,177.49999999999488,-3825.0000000000027,-882.4999999999932,1.1024999999999991,17.99125,16.88875,2134.823690557481,9272.024999999956,7137.201309442475,11382022.12548745,6813.450000000003,4961.249999999934,3902.8500000000195,1565.5499999999536,33736.5,7783.649999999934
2026-01-02,82.58672597050668,80.5775,83.35,0.6401888756123207,81.095,82.25,82.49999999999999,83.475,73.83,80.315,1,-381.63701474665856,-1386.2499999999968,-1127.4999999999977,-549.9999999999972,-425.00000000000426,62.5,-4759.999999999998,-1517.4999999999982,9.5896875,18.71875,9.1290625,29278.23767882678,106349.63437499976,77071.39669617297,11459093.522183623,86498.98124999982,42194.62499999978,32604.937500000327,4794.84375,365175.2999999999,116418.80624999986
2026-01-03,73.19287339707216,72.08083333333335,73.3,0.7828959420555307,72.575,72.795,72.82,74.22,68.105,71.97,1,-53.56330146391741,-609.583333333326,-362.49999999999716,-252.49999999999773,-240.000000000002,460.00000000000085,-2597.4999999999964,-664.9999999999991,4.564374999999998,26.0825,21.518125,1955.8639529549437,22258.93541666639,20303.071463711447,11479396.593647335,13236.68749999989,9220.037499999913,8763.60000000007,16796.900000000023,94847.71249999983,24282.47499999996
2026-01-04,66.87131518880526,65.67666666666666,68.3,0.5245586403396021,67.29499999999999,65.77,65.66499999999999,67.905,60.875,66.55,1,-714.342405597371,-1311.6666666666674,-502.50000000000483,-1265.0000000000005,-1317.5000000000025,-197.499999999998,-3712.4999999999986,-875.0,-9.10625,9.5975,18.70375,52039.84424776847,95554.91666666672,43515.07241889824,11522911.666066233,36607.12500000035,92155.25000000003,95979.87500000017,14387.874999999854,270455.6249999999,63743.74999999999
2026-01-05,75.2459584693114,73.90416666666667,75.6,0.6707164649769827,74.58500000000001,73.845,74.88,76.795,69.69,73.63,1,-177.02076534429523,-847.9166666666629,-507.4999999999932,-877.4999999999977,-359.99999999999943,597.5000000000036,-2954.999999999998,-984.9999999999994,-7.825937499999998,16.04625,23.8721875,11082.827566292961,53085.94270833309,42003.11514204013,11564914.781208273,31773.306249999565,54938.08124999985,22538.69999999996,37407.98125000022,185005.16249999986,61668.38749999995
2026-01-06,80.97722167611121,78.69,81.30000000000001,0.6275667891445561,79.315,79.145,79.4,81.08,73.315,79.88499999999999,1,-161.389161944399,-1305.0000000000068,-992.5000000000068,-1077.5000000000077,-950.0000000000028,-110.00000000000654,-3992.500000000007,-707.5000000000102,-0.7018749999999976,28.0425,28.744375,906.2001443177973,7327.5750000000135,6421.374855682217,11571336.156063955,5572.887500000019,6050.162500000022,5334.249999999997,617.6500000000345,22417.88749999996,3972.612500000044
2026-01-07,80.8838409268856,78.715,80.55,0.6190543745837305,79.12,79.35499999999999,79.13,82.38,72.61,79.695,1,166.92046344279987,-917.4999999999968,-714.9999999999964,-597.5000000000036,-710.0000000000009,914.9999999999991,-3969.999999999999,-427.500000000002,-5.703437499999996,17.13125,22.8346875,7616.163445736346,41863.23124999983,34247.06780426348,11605583.22386822,32623.662499999813,27262.431250000147,32395.52500000002,41749.16249999993,181141.17499999984,19505.75625000008
2026-01-08,79.62241795420647,78.2725,79.2,0.7552917444709912,78.195,78.39500000000001,79.025,81.07,75.015,77.935,1,211.20897710323305,-463.75000000000455,-502.50000000000483,-402.4999999999963,-87.49999999999858,934.9999999999952,-2092.500000000001,-632.5000000000002,-3.1175000000000033,18.3325,21.450000000000003,5267.551888954637,11565.925000000125,6298.373111045487,11611881.596979264,12532.350000000133,10038.349999999919,2182.249999999967,23318.899999999907,52186.95000000008,15774.550000000023
2026-01-09,74.48695680658021,73.25166666666667,72.94999999999999,0.802316544098456,74.22,73.28,72.94,75.16499999999999,70.275,73.63,1,768.4784032901107,150.83333333333826,635.0000000000051,165.00000000000625,-4.9999999999954525,1107.5000000000018,-1337.4999999999914,340.0000000000034,-0.6600000000000001,23.2,23.86,4057.5659693717853,796.4000000000262,-3261.1659693717593,11608620.431009892,3352.800000000028,871.2000000000332,26.399999999975996,5847.600000000011,7061.999999999956,1795.2000000000185
2026-01-10,63.72867382248242,63.85083333333333,61.39999999999999,0.8375472539409796,65.05499999999999,63.785,63.15499999999999,62.38,64.57499999999999,64.155,1,0.0,0.0,1827.5000000000005,0.0,0.0,0.0,0.0,0.0,9.4325,15.565,6.1325,0.0,0.0,0.0,11608620.431009892,137903.15000000002,0.0,0.0,0.0,0.0,0.0
2026-01-11,62.27282260775565,61.20749999999999,62.949999999999996,0.5468344809644043,62.12,60.98,61.625,63.035,57.48,62.005,1,0.0,0.0,0.0,0.0,0.0,0.0,0.0,0.0,-1.1412499999999994,23.18,24.32125,0.0,0.0,0.0,11608620.431009892,0.0,0.0,0.0,0.0,0.0,0.0
2026-01-12,62.84644192258517,61.52916666666667,63.3,0.5861526569793851,61.975,60.98,61.485,63.66,58.455,62.62,1,0.0,0.0,0.0,0.0,0.0,0.0,0.0,0.0,5.287187500000002,25.42125,20.1340625,0.0,0.0,0.0,11608620.431009892,0.0,0.0,0.0,0.0,0.0,0.0
2026-01-13,61.95632238924503,60.8275,61.24999999999999,0.629786348038615,62.47999999999999,58.989999999999995,60.535000000000004,62.56999999999999,59.25999999999999,61.129999999999995,1,0.0,0.0,0.0,0.0,0.0,0.0,0.0,0.0,3.755937499999998,24.22375,20.4678125,0.0,0.0,0.0,11608620.431009892,0.0,0.0,0.0,0.0,0.0,0.0
2026-01-14,66.95069584767023,65.22416666666666,67.35,0.6400926690327388,65.6,65.22,65.96000000000001,66.72500000000001,62.129999999999995,65.71000000000001,1,-199.652076164881,-1062.9166666666663,-875.0,-1064.9999999999977,-694.9999999999932,-312.4999999999929,-2609.9999999999995,-819.9999999999932,0.4759374999999988,9.50875,9.0328125,760.1752799977825,4047.055208333322,3286.8799283355393,11611907.310938228,3331.5624999999914,4054.987499999981,2646.2124999999673,1189.84374999997,9937.574999999973,3122.149999999966
2026-01-15,61.953125623861936,60.54166666666666,62.15,0.5717605223490168,62.18000000000001,59.355,61.074999999999996,61.61999999999999,57.805,61.214999999999996,1,0.0,0.0,0.0,0.0,0.0,0.0,0.0,0.0,2.075312499999999,12.56,10.4846875,0.0,0.0,0.0,11611907.310938228,0.0,0.0,0.0,0.0,0.0,0.0
2026-01-16,70.38506552855173,68.23416666666665,70.5,0.5504480499838819,68.77,68.305,69.275,70.565,63.28999999999999,69.2,1,-57.46723572413259,-1132.9166666666738,-865.000000000002,-1097.4999999999966,-612.4999999999972,32.49999999999886,-3605.000000000004,-649.9999999999986,0.4906249999999996,11.59375,11.103125,225.55890021722024,4446.697916666691,4221.139016449471,11616128.449954677,3395.125000000005,4307.687499999983,2404.062499999987,127.56249999999542,14149.625000000004,2551.2499999999927
2026-01-17,53.655571880340574,53.415000000000006,53.3,0.8357521386388767,55.544999999999995,53.67,53.345,53.214999999999996,51.56999999999999,53.145,1,0.0,0.0,0.0,0.0,0.0,0.0,0.0,0.0,-2.2731250000000003,15.845,18.118125,0.0,0.0,0.0,11616128.449954677,0.0,0.0,0.0,0.0,0.0,0.0
2026-01-18,60.23503255883852,58.74416666666666,60.85,0.5901234316115171,59.779999999999994,57.955,59.879999999999995,60.155,55.16,59.535,1,0.0,0.0,0.0,0.0,0.0,0.0,0.0,0.0,-3.5040625000000016,14.34625,17.8503125,0.0,0.0,0.0,11616128.449954677,0.0,0.0,0.0,0.0,0.0,0.0
2026-01-19,63.47956893960635,62.174166666666665,63.49999999999999,0.5456766840291349,63.01,61.669999999999995,63.635000000000005,64.33999999999999,57.61,62.78,1,0.0,0.0,0.0,0.0,0.0,0.0,0.0,0.0,8.0540625,14.07,6.0159375,0.0,0.0,0.0,11616128.449954677,0.0,0.0,0.0,0.0,0.0,0.0
2026-01-20,60.921815352042515,60.01083333333334,60.349999999999994,0.6495836699005522,59.474999999999994,59.55,59.485,62.65,58.48,60.425,1,0.0,0.0,0.0,0.0,0.0,0.0,0.0,0.0,-3.719687499999999,21.6575,25.3771875,0.0,0.0,0.0,11616128.449954677,0.0,0.0,0.0,0.0,0.0,0.0
2026-01-21,69.76571527759234,68.03166666666667,68.85000000000001,0.6409256443655059,68.14500000000001,66.61,68.015,70.45499999999998,66.19999999999999,68.765,1,457.85763879616326,-409.1666666666711,-352.49999999999915,-1120.0000000000045,-417.500000000004,802.4999999999877,-1325.00000000001,-42.50000000000398,3.3621874999999974,29.65875,26.2965625,12315.225839519791,11005.560416666778,-1309.6654228530133,11614818.784531824,9481.36874999997,30125.2000000001,11229.7062500001,21585.243749999652,35639.18750000024,1143.1437500001061
2026-01-22,64.90491911590098,64.9075,63.05,0.7637759664089078,66.815,62.644999999999996,65.205,69.53,61.775,63.474999999999994,1,0.0,0.0,1882.5000000000002,0.0,1077.5000000000005,3240.000000000002,0.0,0.0,-13.511250000000004,28.97,42.48125,0.0,0.0,0.0,11614818.784531824,203479.42500000008,0.0,116466.97500000008,350211.6000000003,0.0,0.0
2026-01-23,63.97485045264165,63.34916666666667,62.1,0.826848646869949,64.04,62.559999999999995,63.315,64.42,63.07999999999999,62.68000000000001,1,0.0,0.0,0.0,0.0,0.0,0.0,0.0,0.0,24.059375000000003,34.2175,10.158125,0.0,0.0,0.0,11614818.784531824,0.0,0.0,0.0,0.0,0.0,0.0
2026-01-24,52.63086172948282,52.55166666666667,49.25,0.7509224781656336,52.785000000000004,50.535,52.925000000000004,52.805,54.05499999999999,52.205,1,0.0,0.0,0.0,0.0,0.0,0.0,0.0,0.0,-13.164687500000014,169.22625,182.3909375,0.0,0.0,0.0,11614818.784531824,0.0,0.0,0.0,0.0,0.0,0.0
2026-01-25,30.112941731711228,29.99083333333333,29.299999999999997,0.635110312908611,31.094999999999995,31.29,30.49,27.615,29.669999999999995,29.784999999999997,1,0.0,0.0,0.0,0.0,0.0,0.0,0.0,0.0,304.09124999999995,495.4825,191.39125,0.0,0.0,0.0,11614818.784531824,0.0,0.0,0.0,0.0,0.0,0.0
2026-01-26,37.14741038362185,35.49666666666667,37.099999999999994,0.5066596682755613,36.74,36.06,35.93,32.855,34.235,37.16,1,0.0,0.0,0.0,0.0,0.0,0.0,0.0,0.0,106.9278125,170.52875,63.6009375,0.0,0.0,0.0,11614818.784531824,0.0,0.0,0.0,0.0,0.0,0.0
2026-01-27,46.89770848830541,45.225833333333334,47.400000000000006,0.5735500646180283,46.089999999999996,44.305,45.095,43.760000000000005,44.645,47.459999999999994,1,0.0,0.0,0.0,0.0,0.0,0.0,0.0,0.0,-30.457812500000003,74.98375,105.4415625,0.0,0.0,0.0,11614818.784531824,0.0,0.0,0.0,0.0,0.0,0.0
2026-01-28,57.38264864762623,54.388333333333335,57.0,0.7535789117097738,54.584999999999994,52.489999999999995,55.175,53.54,53.78,56.760000000000005,1,0.0,0.0,0.0,0.0,0.0,0.0,0.0,0.0,-1.6621875000000017,45.72,47.3821875,0.0,0.0,0.0,11614818.784531824,0.0,0.0,0.0,0.0,0.0,0.0
2026-01-29,67.04291078885396,64.43583333333333,66.8,0.6852822036847861,64.93,63.495000000000005,65.565,65.58,60.894999999999996,66.15,1,121.45539442698094,-1182.0833333333312,-934.9999999999952,-1652.4999999999964,-617.4999999999998,-609.9999999999994,-2952.5000000000005,-324.99999999999574,11.7146875,24.3675,12.6528125,11382.495927210586,110781.89479166646,99399.39886445587,11714218.18339628,87625.86249999955,154868.16874999966,57870.55624999998,57167.674999999945,276700.91875000007,30458.1874999996
2026-01-30,53.708147453268374,52.72083333333333,53.24999999999999,0.823526287901888,53.419999999999995,51.86999999999999,52.585,53.125,51.54,53.785,1,0.0,0.0,0.0,0.0,0.0,0.0,0.0,0.0,-14.693125000000002,35.207499999999996,49.900625,0.0,0.0,0.0,11714218.18339628,0.0,0.0,0.0,0.0,0.0,0.0
2026-01-31,44.553108208378156,43.983333333333334,43.95,0.6082086382783235,45.635,43.03,43.879999999999995,43.83,43.55,43.974999999999994,1,0.0,0.0,0.0,0.0,0.0,0.0,0.0,0.0,2.850937500000001,38.86375,36.012812499999995,0.0,0.0,0.0,11714218.18339628,0.0,0.0,0.0,0.0,0.0,0.0
2026-02-01,53.52941526015599,52.56083333333333,53.699999999999996,0.5474291337322619,53.34499999999999,49.64,52.614999999999995,54.87,51.205,53.69,2,0.0,0.0,0.0,0.0,0.0,0.0,0.0,0.0,-2.325312499999999,22.75625,25.0815625,0.0,0.0,0.0,11714218.18339628,0.0,0.0,0.0,0.0,0.0,0.0
2026-02-02,69.8905721449852,67.91499999999999,70.7,0.6527818474208733,67.615,66.97999999999999,69.065,71.13499999999999,63.94,68.755,2,-404.71392750740165,-1392.5000000000055,-1542.500000000004,-1860.0000000000066,-817.5000000000025,217.49999999999403,-3380.0000000000027,-972.5000000000036,-3.124375000000001,9.19375,12.318125,10115.824618047507,34805.537500000144,24689.712881952637,11738907.896278232,38554.787500000115,46490.70000000018,20433.412500000068,5436.412499999853,84483.1000000001,24307.6375000001
2026-02-03,70.49266896883647,68.74416666666667,70.64999999999999,0.8311373440690267,68.37,67.63,68.715,71.725,65.75,70.275,2,-78.66551558176127,-952.9166666666597,-1139.9999999999934,-1509.999999999998,-967.4999999999941,537.5000000000014,-2449.999999999996,-187.4999999999929,7.100625000000001,22.9175,15.816875,4468.59461262195,54130.43124999961,49661.83663737766,11788569.73291561,64757.69999999963,85775.5499999999,54958.837499999674,30532.68750000008,139172.2499999998,10650.937499999598
2026-02-04,62.39867479284604,61.31333333333333,63.099999999999994,0.8332316297617205,61.85499999999999,60.88,61.084999999999994,62.08,59.885000000000005,62.095000000000006,2,0.0,0.0,0.0,0.0,0.0,0.0,0.0,0.0,0.9134374999999988,13.142499999999998,12.2290625,0.0,0.0,0.0,11788569.73291561,0.0,0.0,0.0,0.0,0.0,0.0
2026-02-05,67.76247353553771,66.025,69.19999999999999,0.572396453120064,66.655,64.57499999999999,66.71,67.37,63.43,67.41,2,-718.7632322311401,-1587.4999999999914,-1272.4999999999936,-2312.5,-1244.9999999999975,-914.999999999992,-2884.9999999999945,-894.999999999996,-3.0668749999999996,13.64875,16.715625,17634.85590279102,38949.31249999978,21314.456597208762,11809884.189512819,31220.78749999984,56737.18749999999,30546.074999999935,22449.5249999998,70783.47499999986,21958.8249999999
2026-02-06,80.70045920848847,78.2025,81.75,0.5766101192048533,78.07999999999998,76.53,80.505,81.88,72.21,80.01,2,-524.7703957557661,-1773.7499999999998,-1835.000000000008,-2609.9999999999995,-622.5000000000023,64.99999999999773,-4770.000000000003,-869.9999999999975,-5.989062499999999,21.6625,27.6515625,25143.061586648142,84984.79687499999,59841.73528835185,11869725.92480117,87919.43750000036,125051.62499999996,29825.531250000106,3114.312499999891,228542.62500000012,41683.874999999876
2026-02-07,77.29115925391514,75.78083333333333,78.35,0.6515853503906441,76.175,74.78,77.78,78.345,71.035,76.57,2,-529.4203730424272,-1284.5833333333303,-1087.4999999999986,-1784.9999999999966,-284.9999999999966,-2.4999999999977263,-3657.499999999999,-890.0000000000006,-0.169687500000002,11.40375,11.5734375,718.6881564051033,1743.8218750000162,1025.1337185949128,11870751.058519766,1476.2812500000155,2423.137500000024,386.88749999999993,3.3937499999969534,4965.056250000057,1208.175000000015
2026-02-08,78.57298622926075,76.69583333333333,78.95,0.586645983184961,77.16,75.865,76.865,80.08,72.31,77.895,2,-188.5068853696268,-1127.0833333333385,-895.0000000000032,-1542.500000000004,-1042.500000000004,564.9999999999977,-3320.0000000000005,-527.5000000000034,1.1890624999999986,24.13125,22.942187500000003,1793.1717470785727,10721.38020833337,8928.208461254797,11879679.26698102,8513.68750000002,14673.031250000022,9916.781250000027,5374.562499999972,31581.499999999967,5017.843750000026
2026-02-09,82.66783990621566,80.3725,82.55000000000001,0.5898689222964462,80.41,80.24,81.83000000000001,83.205,74.845,81.70500000000001,2,58.91995310782505,-1088.7500000000045,-1070.0000000000073,-1155.0000000000082,-359.99999999999943,327.49999999999346,-3852.5000000000064,-422.49999999999943,-9.8515625,21.59,31.4415625,4643.628804310462,85807.10937500036,81163.4805706899,11960842.747551711,84329.37500000057,91028.43750000064,28372.499999999956,25811.093749999483,303625.1562500005,33298.281249999956
2026-02-10,74.12326825241249,73.80916666666667,73.75,0.8113887497902414,74.025,73.0,74.5,76.05,72.425,72.855,2,186.63412620624342,29.58333333333485,137.50000000000284,-375.0,375.0,1149.9999999999986,-662.5000000000014,-447.499999999998,3.8406249999999993,26.42875,22.588125,5734.333527686828,908.9479166667131,-4825.385611020115,11956017.361940691,4224.687500000086,11521.874999999998,11521.874999999998,35333.74999999995,20355.312500000036,13749.437499999936
2026-02-11,73.36991345286368,71.65,74.2,0.6932255289616187,72.67,71.34,71.38,74.205,67.565,72.74,2,-415.04327356815907,-1274.9999999999986,-765.0000000000006,-1429.9999999999998,-1410.0000000000036,2.4999999999977263,-3317.5000000000027,-730.000000000004,3.941875000000003,26.1225,22.180625,13088.389631971906,40207.124999999985,27118.73536802808,11983136.09730872,24124.275000000038,45095.05000000003,44464.35000000015,78.83749999992835,104617.36250000016,23020.550000000145
2026-02-12,78.57346749703089,76.92916666666666,78.25,0.6207310278390311,77.485,75.985,77.565,79.97,73.355,77.215,2,161.7337485154451,-660.4166666666699,-382.5000000000003,-1132.5000000000002,-342.50000000000114,859.9999999999994,-2447.499999999998,-517.4999999999983,-9.757499999999997,23.1275,32.885,12624.936409115639,51552.12500000024,38927.1885908846,12022063.285899604,29857.95000000001,88402.94999999998,26735.55000000008,67131.59999999993,191051.8499999998,40396.04999999985
2026-02-13,78.88424734075863,77.37083333333332,79.14999999999999,0.6149967376498401,78.25,76.10499999999999,77.94500000000001,81.16,73.045,77.72,2,-132.87632962067875,-889.5833333333343,-449.99999999999574,-1522.500000000001,-602.499999999992,1005.0000000000025,-3052.499999999995,-714.9999999999964,0.8662499999999973,20.22875,19.3625,920.8329642713009,6164.812499999987,5243.979535728687,12027307.265435332,3118.499999999961,10550.924999999974,4175.324999999932,6964.649999999996,21153.8249999999,4954.949999999959
2026-02-14,73.08190772404274,72.37833333333333,73.95,0.7704327607438068,73.38,72.07000000000001,71.16999999999999,75.245,70.11,72.29499999999999,2,-434.04613797863334,-785.8333333333362,-285.0000000000037,-939.9999999999977,-1390.0000000000077,647.5000000000009,-1920.0000000000018,-827.5000000000077,1.2225,18.455,17.232499999999998,4244.971229431034,7685.450000000028,3440.478770568994,12030747.744205901,2787.300000000036,9193.199999999977,13594.200000000075,6332.550000000008,18777.600000000017,8092.950000000075
2026-02-15,71.63569183746974,69.45416666666668,72.0,0.6889880449374867,70.845,68.96,69.74000000000001,66.975,68.66999999999999,71.535,2,-182.1540812651321,-1272.9166666666601,-577.5000000000006,-1520.0000000000032,-1129.9999999999955,-2512.5000000000027,-1665.0000000000064,-232.5000000000017,4.589062499999999,19.2825,14.6934375,6687.3317084461605,46731.95312499975,40044.62141655359,12070792.365622455,21201.468750000015,55803.0000000001,41485.124999999825,92240.15625000007,61126.31250000022,8535.65625000006
2026-02-16,74.31198183576265,72.27166666666666,74.4,0.5657534093941613,73.785,70.38,72.675,73.13,70.3,73.36,2,-44.009082118677156,-1064.1666666666722,-307.50000000000455,-2010.000000000005,-862.5000000000043,-635.0000000000051,-2050.000000000004,-520.0000000000032,1.8900000000000008,14.46875,12.57875,665.4173216343988,16090.20000000009,15424.782678365691,12086217.148300821,4649.400000000071,30391.200000000088,13041.000000000071,9601.20000000008,30996.000000000076,7862.4000000000515
2026-02-17,80.4684628299872,78.33666666666666,80.65,0.6388276764638473,79.275,77.2,79.93,80.665,73.955,78.99499999999999,2,-90.76858500640128,-1156.6666666666733,-687.5,-1725.0000000000014,-359.99999999999943,7.500000000000284,-3347.5000000000036,-827.5000000000077,-2.375624999999999,13.24625,15.621875,1725.0569580466556,21982.450000000117,20257.393041953463,12106474.541342774,13065.937499999995,32783.625000000015,6841.7999999999865,142.53750000000534,63619.23750000004,15726.63750000014
2026-02-18,78.84145768920581,77.63166666666666,78.14999999999999,0.7144454252767735,78.41,76.32499999999999,78.895,80.17499999999998,74.58500000000001,77.4,2,345.72884460290965,-259.16666666666544,130.00000000000256,-912.5000000000014,372.5000000000023,1012.4999999999957,-1782.4999999999918,-374.9999999999929,-9.2578125,18.78875,28.0465625,25605.542553402996,19194.53124999991,-6411.011303403087,12100063.530039372,9628.12500000019,67582.0312500001,27588.281250000167,74988.28124999968,132016.4062499994,27773.437499999472
2026-02-19,81.88318032463393,79.74833333333333,81.75,0.6195812058481744,80.6,79.135,80.94500000000001,81.24499999999999,75.83999999999999,80.725,2,66.59016231696313,-1000.8333333333326,-575.0000000000028,-1307.4999999999975,-402.4999999999963,-252.50000000000483,-2955.0000000000055,-512.5000000000028,-15.5009375,24.79,40.2909375,8257.679553520806,124110.83958333323,115853.16002981242,12215916.690069184,71304.31250000035,162139.80624999967,49913.01874999954,31311.893750000596,366442.1625000007,63553.84375000035
2026-02-20,71.73484806100527,71.27166666666668,72.3,0.7852600283384685,71.6,70.06,72.045,74.74,68.60499999999999,70.58,2,-282.5759694973655,-514.1666666666608,-350.0000000000014,-1119.9999999999975,-127.49999999999773,1219.9999999999989,-1847.5000000000036,-859.9999999999994,-5.845937499999998,27.78125,33.6271875,13215.371653468037,24046.28958333305,10830.917929865014,12226747.60799905,16368.62500000006,52379.59999999987,5962.856249999892,57056.349999999926,86402.95625000013,40220.04999999996
2026-02-21,71.7335370361805,70.39999999999999,72.89999999999999,0.6623274747212715,71.525,70.33,70.88,71.57499999999999,67.115,70.97500000000001,2,-583.231481909749,-1250.0,-687.499999999993,-1284.9999999999966,-1009.999999999998,-662.5000000000014,-2892.499999999998,-962.4999999999915,-4.363125000000004,17.43125,21.794375,20357.694876059806,43631.25000000004,23273.55512394023,12250021.16312299,23997.187499999774,44852.924999999916,35254.04999999996,23124.562500000065,100962.71250000002,33596.06249999973
2026-02-22,61.58929535269737,60.732499999999995,62.5,0.6048683893974142,61.39000000000001,60.33999999999999,61.559999999999995,62.019999999999996,57.855000000000004,61.230000000000004,2,0.0,0.0,0.0,0.0,0.0,0.0,0.0,0.0,3.5678124999999987,14.23875,10.6709375,0.0,0.0,0.0,12250021.16312299,0.0,0.0,0.0,0.0,0.0,0.0
2026-02-23,63.585869625608126,62.594166666666666,64.0,0.5321472832665061,63.46999999999999,61.355000000000004,63.205,64.19,60.015,63.32999999999999,2,0.0,0.0,0.0,0.0,0.0,0.0,0.0,0.0,7.7009375,15.385,7.6840625,0.0,0.0,0.0,12250021.16312299,0.0,0.0,0.0,0.0,0.0,0.0
2026-02-24,72.24300704459348,71.42666666666666,73.0,0.570017518090122,71.88,70.80499999999999,72.9,73.91,67.795,71.27,2,-378.49647770325845,-786.6666666666688,-560.0000000000023,-1097.5000000000036,-49.99999999999716,454.9999999999983,-2602.499999999999,-865.000000000002,17.2334375,14.71,-2.5234375,52182.36313975399,108455.76666666697,56273.40352691298,12306294.566649903,77205.80000000032,151309.5812500005,6893.374999999609,62729.71249999977,358800.1687499999,119255.38750000029
2026-02-25,82.81423748135566,81.3875,83.2,0.6274261907372798,81.91,80.575,83.185,84.66999999999999,77.145,80.84,2,-192.8812593221707,-906.25,-645.0000000000032,-1312.5,-7.500000000000284,734.9999999999923,-3027.5000000000036,-1179.9999999999998,4.1953124999999964,23.47125,19.2759375,6473.577266000349,30416.015624999975,23942.438358999625,12330237.005008902,21647.812500000087,44050.78124999996,251.71875000000932,24668.43749999972,101610.46875000003,39603.749999999956
2026-02-26,84.30139404664438,83.05916666666667,85.39999999999999,0.6549213856555668,81.855,83.395,85.24999999999999,85.845,78.45,83.55999999999999,2,-549.3029766778079,-1170.4166666666608,-1772.4999999999936,-1002.4999999999977,-75.00000000000284,222.5000000000037,-3474.9999999999945,-920.0000000000017,-4.856249999999999,28.7,33.55625,21340.420643932834,45470.68749999977,24130.266856066934,12354367.27186497,68861.62499999974,38947.124999999905,2913.75000000011,8644.125000000142,135003.74999999977,35742.00000000006
2026-02-27,84.7368371605873,83.11250000000001,84.65,0.6569053798087433,83.94500000000001,82.965,84.47,83.96499999999999,79.225,84.10499999999999,2,43.41858029364687,-768.7499999999972,-352.49999999999915,-842.5000000000011,-90.00000000000341,-342.50000000000824,-2712.5000000000055,-272.50000000000796,3.4587499999999984,28.5525,25.09375,1201.3921167252083,21271.312499999913,20069.920383274704,12374437.192248244,9753.674999999972,23311.97500000002,2490.3000000000934,9476.975000000224,75054.87500000012,7540.075000000217
2026-02-28,83.63548570473989,82.19583333333333,83.95,0.6904027053546211,82.8,82.77499999999999,83.245,85.035,76.71000000000001,82.61,2,-157.25714763005527,-877.0833333333385,-575.0000000000028,-587.5000000000057,-352.49999999999915,542.4999999999968,-3619.9999999999973,-670.0000000000017,2.1565625000000033,21.975,19.8184375,2713.078939487533,15131.880208333445,12418.801268845913,12386855.99351709,9920.187500000064,10135.843750000113,6081.506249999995,9359.481249999959,62454.05000000005,11559.175000000047
2026-03-01,82.56942462960878,81.03166666666667,82.4,0.5842897593960996,82.41999999999999,80.76,81.675,83.69500000000001,75.545,82.095,3,84.7123148043849,-684.1666666666697,9.999999999990905,-820.0000000000002,-362.50000000000426,647.5000000000009,-3427.500000000002,-152.5000000000034,1.1821875000000013,18.8025,17.6203125,801.1667172624711,6470.506250000036,5669.339532737565,12392525.333049826,94.57499999991408,7755.150000000011,3428.343750000044,6123.731250000015,32415.581250000054,1442.2687500000338
2026-03-02,83.3205120340983,81.75166666666667,83.45,0.599136293649033,82.615,81.555,82.72,84.475,76.525,82.61999999999999,3,-64.74398295085138,-849.1666666666688,-417.500000000004,-947.499999999998,-365.000000000002,512.4999999999957,-3462.4999999999986,-415.00000000000625,-5.405000000000001,24.445,29.85,2799.529822794814,36717.96666666677,33918.436843871954,12426443.769893698,18052.700000000175,40969.89999999992,15782.60000000009,22160.499999999818,149718.49999999997,17944.600000000275
2026-03-03,85.00357434550921,83.24166666666667,85.7,0.6184629788482451,84.25,82.44,84.75999999999999,86.29499999999999,77.5,84.20499999999998,3,-348.2128272453977,-1229.1666666666642,-725.0000000000014,-1630.0000000000025,-470.00000000000597,297.4999999999923,-4100.000000000002,-747.5000000000093,-2.2606249999999974,30.32875,32.589375,6297.428980733011,22229.4791666666,15932.05018593359,12442375.820079632,13111.62500000001,29478.55000000001,8499.950000000099,5380.287499999855,74148.49999999994,13518.537500000153
2026-03-04,83.12485485116642,81.06916666666667,84.15,0.6552850509046501,81.075,79.875,81.92499999999998,84.58500000000001,75.80999999999999,83.145,3,-512.5725744167937,-1540.4166666666654,-1537.5000000000014,-2137.5000000000027,-1112.5000000000114,217.50000000000114,-4170.000000000009,-502.50000000000483,5.106874999999995,39.317499999999995,34.210625,20941.152527798087,62933.72291666656,41992.570388868466,12484368.3904685,62814.56249999999,87327.56250000003,45451.18750000042,8885.962500000038,170365.3500000002,20529.63750000018
2026-03-05,83.16539044340452,81.48083333333332,84.25,0.6902310108476313,82.095,81.62,82.89499999999998,84.06,76.41499999999999,81.8,3,-542.3047782977405,-1384.583333333339,-1077.5000000000005,-1314.9999999999977,-677.5000000000091,-94.99999999999886,-3917.500000000004,-1225.0000000000014,8.5275,24.90375,16.37625,36996.03197547186,94456.27500000039,57460.24302452853,12541828.633493029,73507.05000000003,89709.29999999984,46219.05000000062,6480.899999999922,267251.85000000027,83569.50000000009
2026-03-06,83.98128408670425,81.8425,84.8,0.628548126613188,82.465,82.375,83.14,84.11,76.22,82.745,3,-409.3579566478738,-1478.749999999998,-1167.4999999999968,-1212.4999999999986,-829.9999999999983,-344.99999999999886,-4289.999999999999,-1027.4999999999964,4.742812499999999,27.4775,22.7346875,15532.064270111949,56107.471874999916,40575.407604887965,12582404.041097917,44297.86874999987,46005.28124999994,31492.274999999932,13090.162499999955,162773.32499999995,38985.91874999986
2026-03-07,79.89111187497775,78.36916666666667,79.94999999999999,0.7612342768800824,77.845,77.89500000000001,78.725,81.925,74.57,79.255,3,-29.444062511117863,-790.4166666666583,-1052.499999999995,-1027.499999999989,-612.4999999999972,987.5000000000043,-2689.9999999999977,-347.4999999999966,-11.7740625,26.28125,38.0553125,2773.4098580784694,74451.32187499921,71677.91201692075,12654081.953114837,99137.60624999952,96782.79374999896,57692.90624999973,93015.09375000041,253377.82499999978,32731.893749999675
2026-03-08,69.99455780506133,69.295,69.69999999999999,0.7793056193078661,71.24000000000001,69.23,68.99,68.32000000000001,69.26499999999999,68.72500000000001,3,147.27890253067244,-202.49999999999346,770.0000000000102,-234.99999999999233,-354.9999999999969,-689.9999999999907,-217.50000000000114,-487.49999999999005,8.3628125,23.87375,15.5109375,9853.326776558313,13547.756249999564,3694.4294734412506,12657776.382588279,51514.92500000069,15722.087499999487,23750.387499999793,46162.72499999938,14551.293750000077,32614.968749999338
2026-03-09,81.59389534235001,79.94,83.19999999999999,0.6912441503301411,81.405,80.61,80.645,79.28,77.635,80.065,3,-803.0523288249896,-1629.9999999999955,-897.4999999999937,-1294.9999999999945,-1277.4999999999964,-1959.9999999999936,-2782.499999999992,-1567.4999999999955,-2.8099999999999987,29.1625,31.972499999999997,18052.61635198576,36642.39999999988,18589.78364801412,12676366.166236293,20175.79999999985,29111.599999999864,28718.199999999906,44060.799999999836,62550.59999999979,35237.399999999885
2026-03-10,83.17232864936193,81.42333333333333,84.24999999999999,0.7312458388707374,84.49000000000001,80.225,82.865,81.28,77.965,81.715,3,-538.835675319028,-1413.333333333327,120.00000000001165,-2012.4999999999957,-692.4999999999955,-1484.9999999999923,-3142.4999999999914,-1267.4999999999911,-1.1587500000000013,27.7425,28.90125,4995.006710207395,13101.599999999955,8106.5932897925595,12684472.759526085,1112.4000000001092,18655.87499999998,6419.474999999965,13765.949999999944,29130.97499999995,11749.724999999931
2026-03-11,79.403504387935,77.63583333333334,81.0,0.7568138711973447,79.50999999999999,75.855,79.075,76.605,75.96,78.81,3,-798.2478060324993,-1682.0833333333312,-745.0000000000045,-2572.499999999998,-962.4999999999986,-2197.499999999998,-2520.000000000003,-1094.9999999999989,2.985312499999999,23.32,20.3346875,19064.153227571158,40172.35520833327,21108.20198076211,12705580.961506847,17792.462500000103,61437.73124999994,22986.90624999996,52481.79374999994,60183.90000000006,26151.337499999965
2026-03-12,66.84160219748816,65.42833333333333,66.25,0.6356918315017895,66.88999999999999,63.574999999999996,65.89999999999999,65.55,63.955,66.7,3,295.8010987440787,-410.83333333333627,319.9999999999932,-1337.500000000002,-175.00000000000426,-350.0000000000014,-1147.500000000001,225.00000000000142,4.653437499999999,13.2075,8.5540625,11011.935403495187,15294.297916666772,4282.362513171585,12709863.324020019,11912.799999999743,49791.781250000065,6514.812500000157,13029.625000000051,42718.55625000002,8376.187500000051
2026-03-13,77.69953211228052,76.19666666666666,78.7,0.5708121228947256,77.29499999999999,73.46000000000001,77.39,78.885,72.515,77.635,3,-500.2339438597403,-1251.6666666666722,-702.5000000000077,-2619.9999999999973,-655.0000000000011,92.50000000000114,-3092.500000000001,-532.4999999999989,-8.395,19.42375,27.81875,33595.711669620156,84061.9333333337,50466.22166371354,12760329.545683732,47179.90000000052,175959.1999999998,43989.800000000076,6212.300000000076,207692.30000000005,35762.699999999924
2026-03-14,82.4264242084821,80.80333333333334,83.15,0.6022831071144029,81.495,79.435,81.955,84.005,75.965,81.965,3,-361.7878957589511,-1173.3333333333321,-827.5000000000006,-1857.5000000000018,-597.5000000000036,427.4999999999949,-3592.500000000001,-592.5000000000011,-7.315624999999997,17.2175,24.533125,21173.636599292604,68669.33333333324,47495.69673404064,12807825.242417773,48429.437500000015,108710.18750000006,34968.6875000002,25019.43749999969,210251.06249999997,34676.06250000005
2026-03-15,88.30120654960471,86.58083333333333,89.79999999999998,0.6474651339986139,87.90499999999999,85.785,87.98,88.715,81.365,87.735,3,-749.3967251976344,-1609.583333333326,-947.499999999998,-2007.4999999999932,-909.9999999999895,-542.4999999999898,-4217.499999999994,-1032.4999999999918,-6.587812500000002,27.4025,33.9903125,39495.080909728335,84829.06562499964,45333.984715271305,12853159.227133045,49935.61874999991,105800.26874999967,47959.27499999946,28591.10624999947,222272.79374999972,54415.33124999958
2026-03-16,54.22698830862839,54.55833333333332,55.25,0.8935430253732219,54.425,54.879999999999995,55.57,54.480000000000004,53.629999999999995,54.364999999999995,3,0.0,0.0,0.0,0.0,0.0,0.0,0.0,0.0,-8.618125,35.12625,43.744375,0.0,0.0,0.0,12853159.227133045,0.0,0.0,0.0,0.0,0.0,0.0
2026-03-17,63.17770408550898,61.98916666666666,63.45,0.5783460533393863,63.005,61.32,62.30499999999999,62.445,59.775000000000006,63.084999999999994,3,0.0,0.0,0.0,0.0,0.0,0.0,0.0,0.0,13.6753125,17.69,4.0146875,0.0,0.0,0.0,12853159.227133045,0.0,0.0,0.0,0.0,0.0,0.0
2026-03-18,74.93084430297216,74.05833333333334,75.75,0.6340324818427471,74.63999999999999,73.30499999999999,74.49499999999999,76.59,70.67500000000001,74.645,3,-409.5778485139192,-845.8333333333314,-555.0000000000068,-1222.5000000000036,-627.5000000000048,420.0000000000017,-2537.4999999999945,-552.500000000002,7.458750000000002,23.56875,16.11,24439.510220825567,50470.8749999999,26031.36477917433,12879190.59191222,33116.85000000041,72946.57500000023,37442.925000000294,25061.400000000107,151412.6249999997,32967.675000000134
2026-03-19,82.72785472730794,81.78916666666666,83.85,0.6159404609605135,82.38000000000001,81.685,82.085,83.72,78.34,82.525,3,-561.0726363460259,-1030.4166666666674,-734.9999999999923,-1082.499999999996,-882.5000000000002,-64.99999999999773,-2754.9999999999955,-662.4999999999943,22.926874999999995,33.78375,10.856875,102909.13759540631,188993.87291666676,86084.73532126045,12965275.32723348,134810.02499999857,198546.7374999992,161863.73750000002,11921.97499999958,505308.3249999991,121512.43749999894
2026-03-20,86.76422322233518,85.89833333333334,87.6,0.5998708300329326,86.63499999999999,85.965,86.865,87.67,82.025,86.22999999999999,3,-417.8883888324094,-850.8333333333269,-482.5000000000017,-817.4999999999955,-367.4999999999997,35.000000000003695,-2787.4999999999945,-685.0000000000023,20.01,35.99,15.98,66895.5732842921,136201.39999999898,69305.82671570688,13034581.153949188,77238.60000000028,130865.39999999928,58829.39999999996,5602.800000000592,446222.9999999992,109654.80000000037
2026-03-21,89.56103414614995,88.41583333333334,90.65,0.5391507467655553,89.39500000000001,88.56,90.15,89.825,83.62,88.94500000000001,3,-544.4829269250278,-1117.0833333333335,-627.4999999999977,-1045.0000000000018,-250.0,-412.5000000000014,-3515.0000000000005,-852.4999999999991,8.399687499999999,36.7575,28.3578125,36587.89148204455,75065.20729166667,38477.315809622116,13073058.46975881,42166.43124999984,70221.38750000011,16799.374999999996,27718.96875000009,236199.2125,57285.86874999993
2026-03-22,89.68397121429442,88.31249999999999,90.95,0.5466268492769233,89.19999999999999,88.60999999999999,89.64500000000001,89.17999999999999,83.755,89.48499999999999,3,-633.0143928527932,-1318.7500000000086,-875.000000000007,-1170.0000000000089,-652.4999999999964,-885.0000000000051,-3597.5000000000036,-732.5000000000089,-15.57875,34.88375,50.4625,78892.58378124361,164355.81250000108,85463.22871875747,13158521.698477568,109051.25000000087,145817.1000000011,81321.07499999955,110297.55000000063,448356.42500000045,91291.4750000011
2026-03-23,83.92032014648119,82.76166666666666,83.8,0.6159711727390598,84.49,83.5,83.4,84.16999999999999,78.0,83.00999999999999,3,60.16007324059558,-519.1666666666706,344.99999999999886,-149.99999999999858,-199.99999999999574,184.99999999999517,-2899.9999999999986,-395.0000000000031,-13.839375000000004,53.82875,67.668125,6660.622508832542,57479.53750000045,50818.914991167905,13209340.613468736,38196.67499999989,16607.249999999847,22142.999999999534,20482.27499999947,321073.49999999994,43732.42500000036
2026-03-24,84.58146191636723,83.55416666666667,85.4,0.6560974496690333,84.42,83.85499999999999,83.96,85.17999999999999,80.085,83.825,3,-409.2690418163869,-922.9166666666657,-490.000000000002,-772.500000000008,-720.0000000000059,-110.00000000000654,-2657.500000000006,-787.5000000000014,2.255312499999995,54.10125,51.845937500000005,7384.2366869721445,16651.72395833328,9267.487271361137,13218608.100740097,8840.825000000017,13937.831250000114,12990.600000000079,1984.6750000001136,47947.943750000006,14208.468749999995
2026-03-25,86.2013239232699,84.73416666666665,86.4,0.6499446131189247,86.185,84.86,85.665,86.61500000000001,79.925,85.155,3,-99.33803836505462,-832.9166666666765,-107.5000000000017,-770.0000000000032,-367.4999999999997,107.5000000000017,-3237.500000000004,-622.5000000000023,0.5978125000000034,52.81875,52.2209375,475.08416848087643,3983.4239583334033,3508.339789852527,13222116.44052995,514.1187500000111,3682.525000000036,1757.5687500000088,514.1187500000111,15483.343750000107,2977.106250000028
2026-03-26,85.98639114876588,84.81333333333333,86.64999999999999,0.6730069538836986,86.5,84.76,85.705,86.64999999999999,80.375,84.89,3,-331.80442561705803,-918.3333333333294,-74.99999999999574,-944.9999999999932,-472.4999999999966,0.0,-3137.499999999996,-879.9999999999955,10.982187500000002,48.45,37.4678125,29151.50732365068,80682.470833333,51530.963509682326,13273647.404039633,6589.312499999626,83025.33749999941,41512.668749999706,0.0,275652.9062499997,77314.59999999961
2026-03-27,83.88763528704642,82.815,83.3,0.6733093083285734,84.82,82.35,83.185,85.57000000000001,78.41,82.55499999999999,3,293.81764352321227,-242.49999999999972,759.999999999998,-475.0000000000014,-57.49999999999744,1135.000000000005,-2445.0000000000005,-372.5000000000023,21.6728125,52.5575,30.8846875,50942.83757816335,42045.25624999995,-8897.581328163404,13264749.82271147,131770.69999999963,82356.68750000025,9969.493749999556,196789.13750000086,423920.2125000001,64584.98125000039
2026-03-28,69.8688451719284,69.72,69.75,0.7492279050186136,70.405,69.505,68.835,71.67500000000001,68.69999999999999,69.19999999999999,3,59.42258596419947,-15.000000000000568,327.50000000000057,-122.50000000000227,-457.5000000000031,962.5000000000057,-525.0000000000057,-275.0000000000057,7.421250000000001,26.835,19.41375,3527.918928694523,890.5500000000338,-2637.368928694489,13262112.453782775,19443.675000000036,7272.825000000135,27161.775000000187,57143.62500000034,31169.25000000034,16326.750000000338
2026-03-29,83.46591950813931,81.76416666666667,83.49999999999999,0.589870768553505,82.995,80.94,82.535,83.18499999999999,78.145,82.785,3,-17.040245930338926,-867.9166666666589,-252.49999999999062,-1279.999999999994,-482.4999999999946,-157.49999999999886,-2677.499999999995,-357.4999999999946,5.42375,16.7225,11.29875,739.376270917406,37658.90416666633,36919.52789574893,13299031.981678523,10955.974999999593,55539.19999999974,20935.674999999766,6833.924999999951,116176.72499999979,15511.924999999766
2026-03-30,85.67435240983963,84.29,86.05,0.5936192702380149,86.72,84.1,85.32999999999998,85.315,79.41,84.865,3,-187.82379508018465,-879.9999999999955,335.00000000000085,-975.0000000000014,-360.00000000000654,-367.4999999999997,-3320.0000000000005,-592.5000000000011,-3.2609375000000007,24.815,28.0759375,4899.853254154318,22956.999999999887,18057.14674584557,13317089.128424369,8739.312500000024,25435.31250000004,9391.500000000173,9587.156249999995,86610.50000000003,15456.843750000033
2026-03-31,85.99189811984697,84.76916666666666,86.85,0.6376310376289204,86.49000000000001,84.625,85.015,86.61999999999999,80.66,85.20499999999998,3,-429.05094007651456,-1040.4166666666654,-179.9999999999926,-1112.4999999999973,-917.4999999999968,-115.00000000000199,-3094.999999999999,-822.5000000000051,4.494687500000001,28.4175,23.9228125,15427.599177801278,37410.782291666634,21983.183113865358,13339072.311538234,6472.349999999736,40002.71874999991,32991.0062499999,4135.112500000073,111288.4625,29575.043750000194
2026-04-01,87.04432663400968,85.32583333333334,87.14999999999999,0.5962918316164265,87.38,85.5,86.28,87.455,79.415,85.925,4,-52.836682995156536,-912.083333333328,115.00000000000199,-824.9999999999957,-434.99999999999517,152.5000000000034,-3867.4999999999927,-612.4999999999972,6.135937500000001,32.03875,25.9028125,2593.6206765247466,44771.890624999745,42178.269948475,13381250.58148671,5645.062500000098,40497.18749999979,21353.062499999764,7485.843750000168,189845.90624999965,30066.093749999865
2026-04-02,83.71265947302183,82.06333333333333,84.35000000000001,0.697443389458176,84.87,81.285,83.955,82.32999999999998,77.38499999999999,82.555,4,-318.6702634890892,-1143.333333333338,259.999999999998,-1532.500000000006,-197.50000000000512,-1010.0000000000123,-3482.5000000000086,-897.5000000000009,7.4021875,31.12625,23.7240625,18870.85632816514,67705.34166666695,48834.48533850181,13430085.066825211,15396.549999999883,90750.81875000036,11695.456250000303,59809.67500000073,206224.94375000053,53147.706250000054
2026-04-03,84.03464124679564,82.25500000000001,84.19999999999999,0.6480914297762694,84.06,81.005,83.11500000000001,84.705,77.865,82.78,4,-82.67937660217228,-972.4999999999895,-69.99999999999318,-1597.4999999999966,-542.4999999999898,252.50000000000483,-3167.499999999997,-709.9999999999937,11.485,37.455,25.97,7596.581122207589,89353.29999999903,81756.71887779144,13511841.785703003,6431.599999999373,146778.29999999967,49844.899999999056,23199.700000000445,291029.8999999997,65234.79999999942
2026-04-04,78.31497536063195,76.7975,78.39999999999999,0.7584560465735686,78.445,75.22999999999999,76.56,78.91499999999999,74.04499999999999,77.59,4,-42.512319684021804,-801.249999999996,22.500000000000853,-1585.000000000001,-919.9999999999945,257.5000000000003,-2177.500000000002,-404.99999999999403,8.702187499999997,28.04375,19.3415625,2959.601415602387,55781.02187499971,52821.42045939732,13564663.2061624,1566.3937500000588,110343.73750000003,64048.0999999996,17926.506250000013,151592.10625000007,28195.087499999576
2026-04-05,67.34314412415027,66.6275,67.05,0.7392350346269878,67.72,66.27,67.27999999999999,65.535,66.38499999999999,66.575,4,146.57206207513696,-211.24999999999972,335.00000000000085,-390.00000000000057,114.99999999999488,-757.5000000000002,-332.5000000000031,-237.49999999999716,7.047812500000001,19.74875,12.7009375,8264.099289951411,11910.803124999986,3646.7038350485745,13568309.909997448,18888.13750000005,21989.175000000036,6483.987499999713,42709.743750000016,18747.18125000018,13390.843749999842
2026-04-06,73.31366383105515,72.3325,74.55,0.7411393069911261,73.415,71.16999999999999,72.98500000000001,73.05,70.92,72.455,4,-618.1680844724226,-1108.7500000000005,-567.4999999999955,-1690.0000000000048,-782.4999999999918,-750.0,-1814.9999999999977,-1047.4999999999995,7.214375,21.02375,13.809375,35677.57099532587,63991.50625000003,28313.935254674157,13596623.845252123,32753.26249999974,97538.35000000028,45161.98749999953,43286.25,104752.72499999987,60456.46249999998
2026-04-07,74.49192300717037,73.84666666666666,76.0,0.6521557771236016,75.36,72.55,74.25,74.795,72.02,74.10499999999999,4,-754.0384964148145,-1076.6666666666679,-320.0000000000003,-1725.0000000000014,-875.0,-602.4999999999991,-1990.000000000002,-947.5000000000051,-2.0778125000000003,20.83125,22.9090625,12534.004906655256,17896.89166666669,5362.886760011432,13601986.732012134,5319.200000000005,28673.812500000025,14544.687500000002,10015.056249999987,33078.77500000004,15749.818750000088
2026-04-08,79.72585365563631,78.74000000000001,80.25,0.6349241029539057,79.88,77.99000000000001,79.25500000000001,80.76000000000002,75.65,78.905,4,-262.073172181843,-754.9999999999955,-185.00000000000227,-1129.9999999999955,-497.49999999999517,255.00000000000966,-2299.9999999999973,-672.4999999999994,-7.241249999999997,26.04375,33.285,15181.89886449416,43737.14999999972,28555.251135505558,13630541.98314764,10717.050000000128,65460.89999999971,28820.17499999971,14772.150000000554,133238.9999999998,38957.92499999995
2026-04-09,80.68074356675147,79.685,82.0,0.6283683820128985,80.785,79.625,79.39,81.955,76.265,80.09,4,-659.6282166242631,-1157.4999999999989,-607.5000000000017,-1187.5,-1304.9999999999998,-22.500000000000853,-2867.4999999999995,-954.9999999999983,-22.94625,28.67125,51.6175,121087.95172571598,212482.2749999998,91394.32327428382,13721936.306421924,111518.77500000031,217989.375,239558.84999999995,4130.325000000156,526386.9749999999,175309.3499999997
2026-04-10,80.59663794726134,79.35249999999999,80.2,0.6967700246254079,82.395,78.67,79.235,79.955,76.305,79.55499999999999,4,198.31897363066986,-423.7500000000054,1097.4999999999966,-765.0000000000006,-482.5000000000017,-122.50000000000227,-1947.499999999998,-322.5000000000051,-8.752187499999998,26.50875,35.2609375,13885.798736185423,29669.915625000373,15784.11688881495,13737720.42331074,76844.20624999974,53563.387500000026,33783.443750000115,8577.143750000158,136359.0812499998,22580.643750000352
2026-04-11,80.61024510979652,79.3575,81.75,0.7169258941204509,81.59,77.395,80.265,80.055,76.98,79.85999999999999,4,-569.8774451017385,-1196.249999999999,-79.9999999999983,-2177.500000000002,-742.4999999999998,-847.4999999999966,-2384.999999999998,-945.0000000000074,1.2824999999999989,28.36625,27.08375,5846.942586743832,12273.52499999998,6426.582413256147,13744147.005723996,820.7999999999818,22341.149999999998,7618.049999999991,8695.349999999957,24470.09999999996,9695.700000000068
2026-04-12,77.24431241432826,76.55916666666667,77.19999999999999,0.732909460912447,78.28999999999999,74.91499999999999,75.95500000000001,77.095,76.455,76.645,4,22.156207164137243,-320.41666666665947,545.0000000000017,-1142.4999999999982,-622.4999999999881,-52.499999999994884,-372.49999999999517,-277.4999999999963,-0.0828125000000028,27.85375,27.9365625,14.678487246241419,212.27604166666907,197.59755442042766,13744344.603278417,361.06250000001336,756.9062500000244,412.406250000006,34.78124999999779,246.78125000000514,183.84375000000378
2026-04-13,85.53227822780609,82.58749999999999,85.2,0.7128778449180193,83.535,81.635,84.27,82.71499999999999,79.00999999999999,84.35999999999999,4,166.1391139030428,-1306.2500000000057,-832.5000000000032,-1782.4999999999989,-465.0000000000034,-1242.5000000000068,-3095.000000000006,-420.0000000000088,-18.140625,35.73375,53.874375,24110.93890517909,189569.53125000081,165458.59234482172,13909803.19562324,120816.56250000047,258685.31249999983,67483.1250000005,180317.812500001,449161.8750000009,60952.50000000128
2026-04-14,83.29201002269983,81.96249999999998,83.9,0.7649467135941314,81.85,81.24999999999999,83.125,83.38999999999999,79.255,82.905,4,-303.9949886500892,-968.7500000000142,-1025.0000000000057,-1325.00000000001,-387.50000000000284,-255.00000000000966,-2322.500000000005,-497.5000000000023,-4.047499999999999,32.5225,36.57,9843.357732489887,31368.125000000455,21524.767267510568,13931327.96289075,33189.50000000018,42903.50000000032,12547.250000000091,8256.900000000313,75202.55000000015,16109.050000000072
2026-04-15,82.95964872082075,81.76083333333332,83.2,0.7534987705337123,84.16,80.16499999999999,81.46499999999999,84.375,78.8,81.6,4,-120.1756395896254,-719.5833333333396,479.9999999999969,-1517.5000000000055,-867.5000000000068,587.4999999999986,-2200.0000000000027,-800.0000000000043,5.5190625,36.55375,31.0346875,5306.054926980936,31771.40312500028,26465.348198019346,13957793.311088769,21193.199999999862,67001.41875000024,38302.2937500003,25939.59374999994,97135.50000000013,35322.0000000002
2026-04-16,85.8892733079195,84.3575,86.85,0.6865419611595577,84.66,82.66499999999999,85.935,86.835,80.915,85.13499999999999,4,-480.36334604024944,-1246.2499999999964,-1094.9999999999989,-2092.500000000001,-457.499999999996,-7.500000000000284,-2967.499999999994,-857.5000000000017,1.3193750000000009,32.78,31.460625,5070.235117454836,13154.16874999997,8083.933632545134,13965877.244721314,11557.724999999995,22086.337500000023,4828.912499999961,79.16250000000305,31321.962499999958,9050.912500000024
