date,series_ticker,event_ticker,market_ticker,strike_type,threshold,floor_strike,cap_strike,last_price,yes_bid,yes_ask,no_bid,no_ask,volume,open_interest,result,settlement_value,expiration_value,status,ticker,mu,sigma,model_prob,market_prob,edge,settlement,direction,entry_price,entry_edge,exit_type,exit_price,fee_per_contract,pnl_per_contract_gross,pnl_per_contract,fee_dollars,pnl_dollars
2025-04-17,KXHIGHAUS,KXHIGHAUS-25APR17,KXHIGHAUS-25APR17-T88,less,88.0,,88.0,0.01,0.0,0.01,0.99,1.0,40368.0,0.0,no,0.0,89.0,finalized,KXHIGHAUS,86.9523856639862,1.0847027,0.8329298126750497,0.01,0.8229298126750497,0.0,YES,1.0,0.8229298126750497,stop_loss,0.0,6.930000000000001,-1.0,-7.930000000000001,17.325000000000003,-19.825000000000003
2025-04-17,KXHIGHAUS,KXHIGHAUS-25APR17,KXHIGHAUS-25APR17-B88.5,between,88.5,88.0,89.0,0.99,0.99,1.0,0.0,0.01,17509.0,0.0,yes,1.0,89.0,finalized,KXHIGHAUS,86.9523856639862,1.0847027,0.13753836890245708,0.99,-0.8524616310975429,1.0,NO,1.0000000000000009,0.8524616310975429,stop_loss,0.0,6.930000000000001,-1.0000000000000009,-7.9300000000000015,17.325000000000003,-19.825000000000003
2025-04-18,KXHIGHAUS,KXHIGHAUS-25APR18,KXHIGHAUS-25APR18-B92.5,between,92.5,92.0,93.0,0.01,0.0,0.01,0.99,1.0,13748.0,0.0,no,0.0,91.0,finalized,KXHIGHAUS,90.97594365278879,0.91269696,0.1176399747729776,0.01,0.10763997477297761,0.0,YES,1.0,0.10763997477297761,stop_loss,0.0,6.930000000000001,-1.0,-7.930000000000001,17.325000000000003,-19.825000000000003
2025-04-18,KXHIGHAUS,KXHIGHAUS-25APR18,KXHIGHAUS-25APR18-B90.5,between,90.5,90.0,91.0,0.99,0.99,1.0,0.0,0.01,22868.0,0.0,yes,1.0,91.0,finalized,KXHIGHAUS,90.97594365278879,0.91269696,0.3680458303511479,0.99,-0.6219541696488521,1.0,NO,1.0000000000000009,0.6219541696488521,stop_loss,0.0,6.930000000000001,-1.0000000000000009,-7.9300000000000015,17.325000000000003,-19.825000000000003
2025-04-19,KXHIGHAUS,KXHIGHAUS-25APR19,KXHIGHAUS-25APR19-T83,less,83.0,,83.0,0.01,0.0,0.01,0.99,1.0,11064.0,0.0,no,0.0,85.0,finalized,KXHIGHAUS,84.15692358016967,1.5072073,0.2213641510634597,0.01,0.21136415106345968,0.0,YES,1.0,0.21136415106345968,stop_loss,0.0,6.930000000000001,-1.0,-7.930000000000001,17.325000000000003,-19.825000000000003
2025-04-19,KXHIGHAUS,KXHIGHAUS-25APR19,KXHIGHAUS-25APR19-B85.5,between,85.5,85.0,86.0,0.99,0.99,1.0,0.0,0.01,14751.0,0.0,yes,1.0,85.0,finalized,KXHIGHAUS,84.15692358016967,1.5072073,0.17726222325170848,0.99,-0.8127377767482915,1.0,NO,1.0000000000000009,0.8127377767482915,stop_loss,0.0,6.930000000000001,-1.0000000000000009,-7.9300000000000015,17.325000000000003,-19.825000000000003
2025-04-19,KXHIGHAUS,KXHIGHAUS-25APR19,KXHIGHAUS-25APR19-B83.5,between,83.5,83.0,84.0,0.01,0.0,0.01,0.99,1.0,26302.0,0.0,no,0.0,85.0,finalized,KXHIGHAUS,84.15692358016967,1.5072073,0.23717470966325688,0.01,0.22717470966325687,0.0,YES,1.0,0.22717470966325687,stop_loss,0.0,6.930000000000001,-1.0,-7.930000000000001,17.325000000000003,-19.825000000000003
2025-04-21,KXHIGHAUS,KXHIGHAUS-25APR21,KXHIGHAUS-25APR21-B88.5,between,88.5,88.0,89.0,0.99,0.99,1.0,0.0,0.01,11906.0,0.0,yes,1.0,89.0,finalized,KXHIGHAUS,87.53294242223103,0.9646209,0.2499793961019836,0.99,-0.7400206038980164,1.0,NO,1.0000000000000009,0.7400206038980164,stop_loss,0.0,6.930000000000001,-1.0000000000000009,-7.9300000000000015,17.325000000000003,-19.825000000000003
2025-04-21,KXHIGHAUS,KXHIGHAUS-25APR21,KXHIGHAUS-25APR21-B86.5,between,86.5,86.0,87.0,0.01,0.0,0.01,0.99,1.0,14487.0,0.0,no,0.0,89.0,finalized,KXHIGHAUS,87.53294242223103,0.9646209,0.2342951923118304,0.01,0.2242951923118304,0.0,YES,1.0,0.2242951923118304,stop_loss,0.0,6.930000000000001,-1.0,-7.930000000000001,17.325000000000003,-19.825000000000003
2025-04-22,KXHIGHAUS,KXHIGHAUS-25APR22,KXHIGHAUS-25APR22-B87.5,between,87.5,87.0,88.0,0.99,0.99,1.0,0.0,0.01,14936.0,0.0,yes,1.0,88.0,finalized,KXHIGHAUS,87.33328059116998,1.0451181,0.36333870755900244,0.99,-0.6266612924409976,1.0,NO,1.0000000000000009,0.6266612924409976,stop_loss,0.0,6.930000000000001,-1.0000000000000009,-7.9300000000000015,17.325000000000003,-19.825000000000003
2025-04-23,KXHIGHAUS,KXHIGHAUS-25APR23,KXHIGHAUS-25APR23-B85.5,between,85.5,85.0,86.0,0.99,0.99,1.0,0.0,0.01,13068.0,0.0,yes,1.0,86.0,finalized,KXHIGHAUS,84.58966572284699,1.3679284,0.23083052109232038,0.99,-0.7591694789076796,1.0,NO,1.0000000000000009,0.7591694789076796,stop_loss,0.0,6.930000000000001,-1.0000000000000009,-7.9300000000000015,17.325000000000003,-19.825000000000003
2025-04-23,KXHIGHAUS,KXHIGHAUS-25APR23,KXHIGHAUS-25APR23-B83.5,between,83.5,83.0,84.0,0.01,0.0,0.01,0.99,1.0,23383.0,0.0,no,0.0,86.0,finalized,KXHIGHAUS,84.58966572284699,1.3679284,0.21061264530391038,0.01,0.20061264530391038,0.0,YES,1.0,0.20061264530391038,stop_loss,0.0,6.930000000000001,-1.0,-7.930000000000001,17.325000000000003,-19.825000000000003
2025-04-24,KXHIGHAUS,KXHIGHAUS-25APR24,KXHIGHAUS-25APR24-B87.5,between,87.5,87.0,88.0,0.99,0.99,1.0,0.0,0.01,7417.0,0.0,yes,1.0,87.0,finalized,KXHIGHAUS,85.67785005569458,1.1929446,0.10807126809749856,0.99,-0.8819287319025014,1.0,NO,1.0000000000000009,0.8819287319025014,stop_loss,0.0,6.930000000000001,-1.0000000000000009,-7.9300000000000015,17.325000000000003,-19.825000000000003
2025-04-24,KXHIGHAUS,KXHIGHAUS-25APR24,KXHIGHAUS-25APR24-B85.5,between,85.5,85.0,86.0,0.01,0.0,0.01,0.99,1.0,22540.0,0.0,no,0.0,87.0,finalized,KXHIGHAUS,85.67785005569458,1.1929446,0.32149336702842435,0.01,0.31149336702842434,0.0,YES,1.0,0.31149336702842434,stop_loss,0.0,6.930000000000001,-1.0,-7.930000000000001,17.325000000000003,-19.825000000000003
2025-04-25,KXHIGHAUS,KXHIGHAUS-25APR25,KXHIGHAUS-25APR25-B86.5,between,86.5,86.0,87.0,0.99,0.99,1.0,0.0,0.01,14286.0,0.0,yes,1.0,87.0,finalized,KXHIGHAUS,85.23495973745982,1.0573255,0.187142836427999,0.99,-0.802857163572001,1.0,NO,1.0000000000000009,0.802857163572001,stop_loss,0.0,6.930000000000001,-1.0000000000000009,-7.9300000000000015,17.325000000000003,-19.825000000000003
2025-04-25,KXHIGHAUS,KXHIGHAUS-25APR25,KXHIGHAUS-25APR25-T84,less,84.0,,84.0,0.01,0.0,0.01,0.99,1.0,11962.0,0.0,no,0.0,87.0,finalized,KXHIGHAUS,85.23495973745982,1.0573255,0.1214027006965761,0.01,0.11140270069657611,0.0,YES,1.0,0.11140270069657611,stop_loss,0.0,6.930000000000001,-1.0,-7.930000000000001,17.325000000000003,-19.825000000000003
2025-04-25,KXHIGHAUS,KXHIGHAUS-25APR25,KXHIGHAUS-25APR25-B84.5,between,84.5,84.0,85.0,0.01,0.0,0.01,0.99,1.0,8608.0,0.0,no,0.0,87.0,finalized,KXHIGHAUS,85.23495973745982,1.0573255,0.2906682922885821,0.01,0.2806682922885821,0.0,YES,1.0,0.2806682922885821,stop_loss,0.0,6.930000000000001,-1.0,-7.930000000000001,17.325000000000003,-19.825000000000003
2025-04-26,KXHIGHAUS,KXHIGHAUS-25APR26,KXHIGHAUS-25APR26-B86.5,between,86.5,86.0,87.0,0.01,0.0,0.01,0.99,1.0,7643.0,0.0,no,0.0,85.0,finalized,KXHIGHAUS,85.7699870109558,1.0444454,0.2933840544746228,0.01,0.2833840544746228,0.0,YES,1.0,0.2833840544746228,stop_loss,0.0,6.930000000000001,-1.0,-7.930000000000001,17.325000000000003,-19.825000000000003
2025-04-26,KXHIGHAUS,KXHIGHAUS-25APR26,KXHIGHAUS-25APR26-B84.5,between,84.5,84.0,85.0,0.99,0.99,1.0,0.0,0.01,10710.0,0.0,yes,1.0,85.0,finalized,KXHIGHAUS,85.7699870109558,1.0444454,0.18542468541220447,0.99,-0.8045753145877955,1.0,NO,1.0000000000000009,0.8045753145877955,stop_loss,0.0,6.930000000000001,-1.0000000000000009,-7.9300000000000015,17.325000000000003,-19.825000000000003
2025-04-27,KXHIGHAUS,KXHIGHAUS-25APR27,KXHIGHAUS-25APR27-T87,less,87.0,,87.0,0.99,0.0,1.0,0.0,1.0,10059.0,0.0,yes,1.0,85.0,finalized,KXHIGHAUS,86.18482601642609,1.4319233,0.7154189936519784,0.99,-0.27458100634802163,1.0,NO,1.0000000000000009,0.27458100634802163,stop_loss,0.0,6.930000000000001,-1.0000000000000009,-7.9300000000000015,17.325000000000003,-19.825000000000003
2025-04-27,KXHIGHAUS,KXHIGHAUS-25APR27,KXHIGHAUS-25APR27-B91.5,between,91.5,91.0,92.0,0.15,0.0,1.0,0.0,1.0,4408.0,0.0,no,0.0,85.0,finalized,KXHIGHAUS,86.18482601642609,1.4319233,0.0003614547253705247,0.15,-0.14963854527462947,0.0,NO,85.0,0.14963854527462947,convergence,93.97831271647776,1.05,8.97831271647776,7.92831271647776,2.625,19.8207817911944
2025-04-27,KXHIGHAUS,KXHIGHAUS-25APR27,KXHIGHAUS-25APR27-B87.5,between,87.5,87.0,88.0,0.01,0.0,1.0,0.0,1.0,9666.0,0.0,no,0.0,85.0,finalized,KXHIGHAUS,86.18482601642609,1.4319233,0.18211907958111673,0.01,0.17211907958111672,0.0,YES,1.0,0.17211907958111672,stop_loss,0.0,6.930000000000001,-1.0,-7.930000000000001,17.325000000000003,-19.825000000000003
2025-04-28,KXHIGHAUS,KXHIGHAUS-25APR28,KXHIGHAUS-25APR28-T86,less,86.0,,86.0,0.01,0.0,1.0,0.0,1.0,40778.0,0.0,no,0.0,86.0,finalized,KXHIGHAUS,86.80434720516205,1.2181222,0.25452511155756896,0.01,0.24452511155756895,0.0,YES,1.0,0.24452511155756895,stop_loss,0.0,6.930000000000001,-1.0,-7.930000000000001,17.325000000000003,-19.825000000000003
2025-04-28,KXHIGHAUS,KXHIGHAUS-25APR28,KXHIGHAUS-25APR28-B88.5,between,88.5,88.0,89.0,0.01,0.0,1.0,0.0,1.0,10311.0,0.0,no,0.0,86.0,finalized,KXHIGHAUS,86.80434720516205,1.2181222,0.1274256054938504,0.01,0.11742560549385041,0.0,YES,1.0,0.11742560549385041,stop_loss,0.0,6.930000000000001,-1.0,-7.930000000000001,17.325000000000003,-19.825000000000003
2025-04-28,KXHIGHAUS,KXHIGHAUS-25APR28,KXHIGHAUS-25APR28-B86.5,between,86.5,86.0,87.0,0.99,0.0,1.0,0.0,1.0,18788.0,0.0,yes,1.0,86.0,finalized,KXHIGHAUS,86.80434720516205,1.2181222,0.3092778909818913,0.99,-0.6807221090181087,1.0,NO,1.0000000000000009,0.6807221090181087,stop_loss,0.0,6.930000000000001,-1.0000000000000009,-7.9300000000000015,17.325000000000003,-19.825000000000003
2025-04-29,KXHIGHAUS,KXHIGHAUS-25APR29,KXHIGHAUS-25APR29-B89.5,between,89.5,89.0,90.0,0.01,0.0,1.0,0.0,1.0,13561.0,0.0,no,0.0,87.0,finalized,KXHIGHAUS,88.01086084842682,1.2893989,0.1600481733165109,0.01,0.15004817331651088,0.0,YES,1.0,0.15004817331651088,stop_loss,0.0,6.930000000000001,-1.0,-7.930000000000001,17.325000000000003,-19.825000000000003
2025-04-29,KXHIGHAUS,KXHIGHAUS-25APR29,KXHIGHAUS-25APR29-B87.5,between,87.5,87.0,88.0,0.99,0.0,1.0,0.0,1.0,13552.0,0.0,yes,1.0,87.0,finalized,KXHIGHAUS,88.01086084842682,1.2893989,0.28011327165125705,0.99,-0.7098867283487429,1.0,NO,1.0000000000000009,0.7098867283487429,stop_loss,0.0,6.930000000000001,-1.0000000000000009,-7.9300000000000015,17.325000000000003,-19.825000000000003
2025-04-30,KXHIGHAUS,KXHIGHAUS-25APR30,KXHIGHAUS-25APR30-B88.5,between,88.5,88.0,89.0,0.99,0.0,1.0,0.0,1.0,20110.0,0.0,yes,1.0,88.0,finalized,KXHIGHAUS,86.2698029200236,1.1918299,0.062301837083149514,0.99,-0.9276981629168505,1.0,NO,1.0000000000000009,0.9276981629168505,stop_loss,0.0,6.930000000000001,-1.0000000000000009,-7.9300000000000015,17.325000000000003,-19.825000000000003
2025-04-30,KXHIGHAUS,KXHIGHAUS-25APR30,KXHIGHAUS-25APR30-B86.5,between,86.5,86.0,87.0,0.01,0.0,1.0,0.0,1.0,12895.0,0.0,no,0.0,88.0,finalized,KXHIGHAUS,86.2698029200236,1.1918299,0.3194982470840106,0.01,0.3094982470840106,0.0,YES,1.0,0.3094982470840106,stop_loss,0.0,6.930000000000001,-1.0,-7.930000000000001,17.325000000000003,-19.825000000000003
2025-04-30,KXHIGHAUS,KXHIGHAUS-25APR30,KXHIGHAUS-25APR30-B84.5,between,84.5,84.0,85.0,0.01,0.0,1.0,0.0,1.0,9159.0,0.0,no,0.0,88.0,finalized,KXHIGHAUS,86.2698029200236,1.1918299,0.11491771649932801,0.01,0.10491771649932802,0.0,YES,1.0,0.10491771649932802,stop_loss,0.0,6.930000000000001,-1.0,-7.930000000000001,17.325000000000003,-19.825000000000003
2025-05-01,KXHIGHAUS,KXHIGHAUS-25MAY01,KXHIGHAUS-25MAY01-B92.5,between,92.5,92.0,93.0,0.99,0.0,1.0,0.0,1.0,13770.0,0.0,yes,1.0,92.0,finalized,KXHIGHAUS,91.4044022242228,1.0279473,0.22085287882464066,0.99,-0.7691471211753593,1.0,NO,1.0000000000000009,0.7691471211753593,stop_loss,0.0,6.930000000000001,-1.0000000000000009,-7.9300000000000015,17.325000000000003,-19.825000000000003
2025-05-01,KXHIGHAUS,KXHIGHAUS-25MAY01,KXHIGHAUS-25MAY01-B90.5,between,90.5,90.0,91.0,0.01,0.0,1.0,0.0,1.0,14570.0,0.0,no,0.0,92.0,finalized,KXHIGHAUS,91.4044022242228,1.0279473,0.2610742971418428,0.01,0.2510742971418428,0.0,YES,1.0,0.2510742971418428,stop_loss,0.0,6.930000000000001,-1.0,-7.930000000000001,17.325000000000003,-19.825000000000003
2025-05-02,KXHIGHAUS,KXHIGHAUS-25MAY02,KXHIGHAUS-25MAY02-B87.5,between,87.5,87.0,88.0,0.99,0.0,1.0,0.0,1.0,18753.0,0.0,yes,1.0,88.0,finalized,KXHIGHAUS,84.23633728027345,1.6871465,0.03785597669597707,0.99,-0.9521440233040229,1.0,NO,1.0000000000000009,0.9521440233040229,stop_loss,0.0,6.930000000000001,-1.0000000000000009,-7.9300000000000015,17.325000000000003,-19.825000000000003
2025-05-02,KXHIGHAUS,KXHIGHAUS-25MAY02,KXHIGHAUS-25MAY02-B85.5,between,85.5,85.0,86.0,0.01,0.0,1.0,0.0,1.0,30071.0,0.0,no,0.0,88.0,finalized,KXHIGHAUS,84.23633728027345,1.6871465,0.1774754920295406,0.01,0.1674754920295406,0.0,YES,1.0,0.1674754920295406,stop_loss,0.0,6.930000000000001,-1.0,-7.930000000000001,17.325000000000003,-19.825000000000003
2025-05-02,KXHIGHAUS,KXHIGHAUS-25MAY02,KXHIGHAUS-25MAY02-B83.5,between,83.5,83.0,84.0,0.01,0.0,1.0,0.0,1.0,15368.0,0.0,no,0.0,88.0,finalized,KXHIGHAUS,84.23633728027345,1.6871465,0.2124570906568507,0.01,0.2024570906568507,0.0,YES,1.0,0.2024570906568507,stop_loss,0.0,6.930000000000001,-1.0,-7.930000000000001,17.325000000000003,-19.825000000000003
2025-05-03,KXHIGHAUS,KXHIGHAUS-25MAY03,KXHIGHAUS-25MAY03-B83.5,between,83.5,83.0,84.0,0.01,0.0,1.0,0.0,1.0,19222.0,0.0,no,0.0,81.0,finalized,KXHIGHAUS,82.0165161450704,1.2167598,0.15792802563617292,0.01,0.1479280256361729,0.0,YES,1.0,0.1479280256361729,stop_loss,0.0,6.930000000000001,-1.0,-7.930000000000001,17.325000000000003,-19.825000000000003
2025-05-03,KXHIGHAUS,KXHIGHAUS-25MAY03,KXHIGHAUS-25MAY03-B81.5,between,81.5,81.0,82.0,0.99,0.0,1.0,0.0,1.0,6461.0,0.0,yes,1.0,81.0,finalized,KXHIGHAUS,82.0165161450704,1.2167598,0.29284680566348087,0.99,-0.6971531943365191,1.0,NO,1.0000000000000009,0.6971531943365191,stop_loss,0.0,6.930000000000001,-1.0000000000000009,-7.9300000000000015,17.325000000000003,-19.825000000000003
2025-05-04,KXHIGHAUS,KXHIGHAUS-25MAY04,KXHIGHAUS-25MAY04-B84.5,between,84.5,84.0,85.0,0.99,0.0,1.0,0.0,1.0,17939.0,0.0,yes,1.0,85.0,finalized,KXHIGHAUS,83.3985485712687,1.0098132,0.21933675560034627,0.99,-0.7706632443996537,1.0,NO,1.0000000000000009,0.7706632443996537,stop_loss,0.0,6.930000000000001,-1.0000000000000009,-7.9300000000000015,17.325000000000003,-19.825000000000003
2025-05-04,KXHIGHAUS,KXHIGHAUS-25MAY04,KXHIGHAUS-25MAY04-B82.5,between,82.5,82.0,83.0,0.01,0.0,1.0,0.0,1.0,17316.0,0.0,no,0.0,85.0,finalized,KXHIGHAUS,83.3985485712687,1.0098132,0.2635084781692337,0.01,0.25350847816923366,0.0,YES,1.0,0.25350847816923366,stop_loss,0.0,6.930000000000001,-1.0,-7.930000000000001,17.325000000000003,-19.825000000000003
2025-05-05,KXHIGHAUS,KXHIGHAUS-25MAY05,KXHIGHAUS-25MAY05-B75.5,between,75.5,75.0,76.0,0.99,0.0,1.0,0.0,1.0,7904.0,0.0,yes,1.0,76.0,finalized,KXHIGHAUS,74.82291825612386,1.2953799,0.26387259733700286,0.99,-0.7261274026629971,1.0,NO,1.0000000000000009,0.7261274026629971,stop_loss,0.0,6.930000000000001,-1.0000000000000009,-7.9300000000000015,17.325000000000003,-19.825000000000003
2025-05-05,KXHIGHAUS,KXHIGHAUS-25MAY05,KXHIGHAUS-25MAY05-B73.5,between,73.5,73.0,74.0,0.01,0.0,1.0,0.0,1.0,20058.0,0.0,no,0.0,76.0,finalized,KXHIGHAUS,74.82291825612386,1.2953799,0.18294837800576563,0.01,0.17294837800576562,0.0,YES,1.0,0.17294837800576562,stop_loss,0.0,6.930000000000001,-1.0,-7.930000000000001,17.325000000000003,-19.825000000000003
2025-05-06,KXHIGHAUS,KXHIGHAUS-25MAY06,KXHIGHAUS-25MAY06-T89,greater,89.0,89.0,,0.01,0.0,1.0,0.0,1.0,22438.0,0.0,no,0.0,89.0,finalized,KXHIGHAUS,87.51056305567423,1.4289916,0.14863646100344113,0.01,0.13863646100344112,0.0,YES,1.0,0.13863646100344112,stop_loss,0.0,6.930000000000001,-1.0,-7.930000000000001,17.325000000000003,-19.825000000000003
2025-05-06,KXHIGHAUS,KXHIGHAUS-25MAY06,KXHIGHAUS-25MAY06-B88.5,between,88.5,88.0,89.0,0.99,0.0,1.0,0.0,1.0,24916.0,0.0,yes,1.0,89.0,finalized,KXHIGHAUS,87.51056305567423,1.4289916,0.21734892952916396,0.99,-0.772651070470836,1.0,NO,1.0000000000000009,0.772651070470836,stop_loss,0.0,6.930000000000001,-1.0000000000000009,-7.9300000000000015,17.325000000000003,-19.825000000000003
2025-05-06,KXHIGHAUS,KXHIGHAUS-25MAY06,KXHIGHAUS-25MAY06-B86.5,between,86.5,86.0,87.0,0.01,0.0,1.0,0.0,1.0,9162.0,0.0,no,0.0,89.0,finalized,KXHIGHAUS,87.51056305567423,1.4289916,0.21520091330127344,0.01,0.20520091330127344,0.0,YES,1.0,0.20520091330127344,stop_loss,0.0,6.930000000000001,-1.0,-7.930000000000001,17.325000000000003,-19.825000000000003
2025-05-08,KXHIGHAUS,KXHIGHAUS-25MAY08,KXHIGHAUS-25MAY08-B85.5,between,85.5,85.0,86.0,0.99,0.0,1.0,0.0,1.0,8370.0,0.0,yes,1.0,85.0,finalized,KXHIGHAUS,84.1162737528483,1.1403506,0.16990244961890866,0.99,-0.8200975503810913,1.0,NO,1.0000000000000009,0.8200975503810913,stop_loss,0.0,6.930000000000001,-1.0000000000000009,-7.9300000000000015,17.325000000000003,-19.825000000000003
2025-05-08,KXHIGHAUS,KXHIGHAUS-25MAY08,KXHIGHAUS-25MAY08-B83.5,between,83.5,83.0,84.0,0.01,0.0,1.0,0.0,1.0,12196.0,0.0,no,0.0,85.0,finalized,KXHIGHAUS,84.1162737528483,1.1403506,0.2955749175840257,0.01,0.2855749175840257,0.0,YES,1.0,0.2855749175840257,stop_loss,0.0,6.930000000000001,-1.0,-7.930000000000001,17.325000000000003,-19.825000000000003
2025-05-08,KXHIGHAUS,KXHIGHAUS-25MAY08,KXHIGHAUS-25MAY08-T83,less,83.0,,83.0,0.01,0.0,1.0,0.0,1.0,8899.0,0.0,no,0.0,85.0,finalized,KXHIGHAUS,84.1162737528483,1.1403506,0.16381803930867084,0.01,0.15381803930867083,0.0,YES,1.0,0.15381803930867083,stop_loss,0.0,6.930000000000001,-1.0,-7.930000000000001,17.325000000000003,-19.825000000000003
2025-05-09,KXHIGHAUS,KXHIGHAUS-25MAY09,KXHIGHAUS-25MAY09-B84.5,between,84.5,84.0,85.0,0.01,0.0,1.0,0.0,1.0,3230.0,0.0,no,0.0,83.0,finalized,KXHIGHAUS,83.0321015993754,1.131566,0.15516621727629032,0.01,0.1451662172762903,0.0,YES,1.0,0.1451662172762903,stop_loss,0.0,6.930000000000001,-1.0,-7.930000000000001,17.325000000000003,-19.825000000000003
2025-05-09,KXHIGHAUS,KXHIGHAUS-25MAY09,KXHIGHAUS-25MAY09-B82.5,between,82.5,82.0,83.0,0.99,0.0,1.0,0.0,1.0,11217.0,0.0,yes,1.0,83.0,finalized,KXHIGHAUS,83.0321015993754,1.131566,0.3078258621211125,0.99,-0.6821741378788875,1.0,NO,1.0000000000000009,0.6821741378788875,stop_loss,0.0,6.930000000000001,-1.0000000000000009,-7.9300000000000015,17.325000000000003,-19.825000000000003
2025-05-10,KXHIGHAUS,KXHIGHAUS-25MAY10,KXHIGHAUS-25MAY10-B81.5,between,81.5,81.0,82.0,0.99,0.0,1.0,0.0,1.0,14027.0,0.0,yes,1.0,81.0,finalized,KXHIGHAUS,80.59219729105631,1.2315302,0.2437795672808698,0.99,-0.7462204327191302,1.0,NO,1.0000000000000009,0.7462204327191302,stop_loss,0.0,6.930000000000001,-1.0000000000000009,-7.9300000000000015,17.325000000000003,-19.825000000000003
2025-05-10,KXHIGHAUS,KXHIGHAUS-25MAY10,KXHIGHAUS-25MAY10-B79.5,between,79.5,79.0,80.0,0.01,0.0,1.0,0.0,1.0,5080.0,0.0,no,0.0,81.0,finalized,KXHIGHAUS,80.59219729105631,1.2315302,0.21727736082595994,0.01,0.20727736082595993,0.0,YES,1.0,0.20727736082595993,stop_loss,0.0,6.930000000000001,-1.0,-7.930000000000001,17.325000000000003,-19.825000000000003
2025-05-11,KXHIGHAUS,KXHIGHAUS-25MAY11,KXHIGHAUS-25MAY11-B85.5,between,85.5,85.0,86.0,0.01,0.0,1.0,0.0,1.0,7399.0,0.0,no,0.0,84.0,finalized,KXHIGHAUS,84.00591220855713,1.0499344,0.1431021321496071,0.01,0.1331021321496071,0.0,YES,1.0,0.1331021321496071,stop_loss,0.0,6.930000000000001,-1.0,-7.930000000000001,17.325000000000003,-19.825000000000003
2025-05-11,KXHIGHAUS,KXHIGHAUS-25MAY11,KXHIGHAUS-25MAY11-B83.5,between,83.5,83.0,84.0,0.99,0.0,1.0,0.0,1.0,11308.0,0.0,yes,1.0,84.0,finalized,KXHIGHAUS,84.00591220855713,1.0499344,0.3287402033319083,0.99,-0.6612597966680918,1.0,NO,1.0000000000000009,0.6612597966680918,stop_loss,0.0,6.930000000000001,-1.0000000000000009,-7.9300000000000015,17.325000000000003,-19.825000000000003
2025-05-12,KXHIGHAUS,KXHIGHAUS-25MAY12,KXHIGHAUS-25MAY12-B93.5,between,93.5,93.0,94.0,0.99,0.0,1.0,0.0,1.0,16401.0,0.0,yes,1.0,93.0,finalized,KXHIGHAUS,91.51431622505187,0.92701256,0.05083929692558575,0.99,-0.9391607030744142,1.0,NO,1.0000000000000009,0.9391607030744142,stop_loss,0.0,6.930000000000001,-1.0000000000000009,-7.9300000000000015,17.325000000000003,-19.825000000000003
2025-05-12,KXHIGHAUS,KXHIGHAUS-25MAY12,KXHIGHAUS-25MAY12-B91.5,between,91.5,91.0,92.0,0.01,0.0,1.0,0.0,1.0,19537.0,0.0,no,0.0,93.0,finalized,KXHIGHAUS,91.51431622505187,0.92701256,0.41032199504628963,0.01,0.4003219950462896,0.0,YES,1.0,0.4003219950462896,stop_loss,0.0,6.930000000000001,-1.0,-7.930000000000001,17.325000000000003,-19.825000000000003
2025-05-13,KXHIGHAUS,KXHIGHAUS-25MAY13,KXHIGHAUS-25MAY13-B100.5,between,100.5,100.0,101.0,0.99,0.0,1.0,0.0,1.0,12618.0,0.0,yes,1.0,100.0,finalized,KXHIGHAUS,99.80298216342925,0.96347857,0.31194085638705593,0.99,-0.6780591436129441,1.0,NO,1.0000000000000009,0.6780591436129441,stop_loss,0.0,6.930000000000001,-1.0000000000000009,-7.9300000000000015,17.325000000000003,-19.825000000000003
2025-05-13,KXHIGHAUS,KXHIGHAUS-25MAY13,KXHIGHAUS-25MAY13-T100,less,100.0,,100.0,0.01,0.0,1.0,0.0,1.0,29301.0,0.0,no,0.0,100.0,finalized,KXHIGHAUS,99.80298216342925,0.96347857,0.5810131176243228,0.01,0.5710131176243228,0.0,YES,1.0,0.5710131176243228,stop_loss,0.0,6.930000000000001,-1.0,-7.930000000000001,17.325000000000003,-19.825000000000003
2025-05-15,KXHIGHAUS,KXHIGHAUS-25MAY15,KXHIGHAUS-25MAY15-T99,less,99.0,,99.0,0.01,0.0,1.0,0.0,1.0,26356.0,0.0,no,0.0,99.0,finalized,KXHIGHAUS,98.03430468241373,1.159058,0.7976262963504015,0.01,0.7876262963504015,0.0,YES,1.0,0.7876262963504015,stop_loss,0.0,6.930000000000001,-1.0,-7.930000000000001,17.325000000000003,-19.825000000000003
2025-05-15,KXHIGHAUS,KXHIGHAUS-25MAY15,KXHIGHAUS-25MAY15-B99.5,between,99.5,99.0,100.0,0.99,0.0,1.0,0.0,1.0,14716.0,0.0,yes,1.0,99.0,finalized,KXHIGHAUS,98.03430468241373,1.159058,0.15742528911001052,0.99,-0.8325747108899895,1.0,NO,1.0000000000000009,0.8325747108899895,stop_loss,0.0,6.930000000000001,-1.0000000000000009,-7.9300000000000015,17.325000000000003,-19.825000000000003
2025-05-16,KXHIGHAUS,KXHIGHAUS-25MAY16,KXHIGHAUS-25MAY16-T97,less,97.0,,97.0,0.01,0.0,1.0,0.0,1.0,9025.0,0.0,no,0.0,97.0,finalized,KXHIGHAUS,97.83450785477957,1.300871,0.26059916539622996,0.01,0.25059916539622995,0.0,YES,1.0,0.25059916539622995,stop_loss,0.0,6.930000000000001,-1.0,-7.930000000000001,17.325000000000003,-19.825000000000003
2025-05-16,KXHIGHAUS,KXHIGHAUS-25MAY16,KXHIGHAUS-25MAY16-B99.5,between,99.5,99.0,100.0,0.01,0.0,1.0,0.0,1.0,7103.0,0.0,no,0.0,97.0,finalized,KXHIGHAUS,97.83450785477957,1.300871,0.13715298917913388,0.01,0.12715298917913387,0.0,YES,1.0,0.12715298917913387,stop_loss,0.0,6.930000000000001,-1.0,-7.930000000000001,17.325000000000003,-19.825000000000003
2025-05-16,KXHIGHAUS,KXHIGHAUS-25MAY16,KXHIGHAUS-25MAY16-B97.5,between,97.5,97.0,98.0,0.96,0.0,1.0,0.0,1.0,16947.0,0.0,yes,1.0,97.0,finalized,KXHIGHAUS,97.83450785477957,1.300871,0.29001627728242174,0.96,-0.6699837227175782,1.0,NO,4.0000000000000036,0.6699837227175782,stop_loss,0.0,6.720000000000001,-4.0000000000000036,-10.720000000000004,16.8,-26.800000000000008
2025-05-17,KXHIGHAUS,KXHIGHAUS-25MAY17,KXHIGHAUS-25MAY17-T96,less,96.0,,96.0,0.01,0.0,1.0,0.0,1.0,16712.0,0.0,no,0.0,97.0,finalized,KXHIGHAUS,95.86246420542398,1.3785744,0.5397352210760914,0.01,0.5297352210760914,0.0,YES,1.0,0.5297352210760914,stop_loss,0.0,6.930000000000001,-1.0,-7.930000000000001,17.325000000000003,-19.825000000000003
2025-05-17,KXHIGHAUS,KXHIGHAUS-25MAY17,KXHIGHAUS-25MAY17-B96.5,between,96.5,96.0,97.0,0.99,0.0,1.0,0.0,1.0,7560.0,0.0,yes,1.0,97.0,finalized,KXHIGHAUS,95.86246420542398,1.3785744,0.2556226216701881,0.99,-0.7343773783298119,1.0,NO,1.0000000000000009,0.7343773783298119,stop_loss,0.0,6.930000000000001,-1.0000000000000009,-7.9300000000000015,17.325000000000003,-19.825000000000003
2025-05-20,KXHIGHAUS,KXHIGHAUS-25MAY20,KXHIGHAUS-25MAY20-B97.5,between,97.5,97.0,98.0,0.99,0.0,1.0,0.0,1.0,24638.0,0.0,yes,1.0,97.0,finalized,KXHIGHAUS,95.28725029627482,1.0747352,0.04970784959252872,0.99,-0.9402921504074713,1.0,NO,1.0000000000000009,0.9402921504074713,stop_loss,0.0,6.930000000000001,-1.0000000000000009,-7.9300000000000015,17.325000000000003,-19.825000000000003
2025-05-20,KXHIGHAUS,KXHIGHAUS-25MAY20,KXHIGHAUS-25MAY20-B95.5,between,95.5,95.0,96.0,0.01,0.0,1.0,0.0,1.0,40568.0,0.0,no,0.0,97.0,finalized,KXHIGHAUS,95.28725029627482,1.0747352,0.35176584354036877,0.01,0.34176584354036876,0.0,YES,1.0,0.34176584354036876,stop_loss,0.0,6.930000000000001,-1.0,-7.930000000000001,17.325000000000003,-19.825000000000003
2025-05-21,KXHIGHAUS,KXHIGHAUS-25MAY21,KXHIGHAUS-25MAY21-T95,less,95.0,,95.0,0.99,0.0,1.0,0.0,1.0,20288.0,0.0,yes,1.0,94.0,finalized,KXHIGHAUS,93.57401899496715,1.1646993,0.8895868773657318,0.99,-0.10041312263426816,1.0,NO,1.0000000000000009,0.10041312263426816,stop_loss,0.0,6.930000000000001,-1.0000000000000009,-7.9300000000000015,17.325000000000003,-19.825000000000003
2025-05-22,KXHIGHAUS,KXHIGHAUS-25MAY22,KXHIGHAUS-25MAY22-B98.5,between,98.5,98.0,99.0,0.99,0.0,1.0,0.0,1.0,9823.0,0.0,yes,1.0,98.0,finalized,KXHIGHAUS,97.52377663453422,1.138029,0.24051880997888886,0.99,-0.7494811900211111,1.0,NO,1.0000000000000009,0.7494811900211111,stop_loss,0.0,6.930000000000001,-1.0000000000000009,-7.9300000000000015,17.325000000000003,-19.825000000000003
2025-05-22,KXHIGHAUS,KXHIGHAUS-25MAY22,KXHIGHAUS-25MAY22-B96.5,between,96.5,96.0,97.0,0.01,0.0,1.0,0.0,1.0,20941.0,0.0,no,0.0,98.0,finalized,KXHIGHAUS,97.52377663453422,1.138029,0.23237711813394313,0.01,0.22237711813394312,0.0,YES,1.0,0.22237711813394312,stop_loss,0.0,6.930000000000001,-1.0,-7.930000000000001,17.325000000000003,-19.825000000000003
2025-05-23,KXHIGHAUS,KXHIGHAUS-25MAY23,KXHIGHAUS-25MAY23-T95,less,95.0,,95.0,0.01,0.0,1.0,0.0,1.0,12063.0,0.0,no,0.0,96.0,finalized,KXHIGHAUS,95.99461639722188,1.1506395,0.19368324119229452,0.01,0.1836832411922945,0.0,YES,1.0,0.1836832411922945,stop_loss,0.0,6.930000000000001,-1.0,-7.930000000000001,17.325000000000003,-19.825000000000003
2025-05-23,KXHIGHAUS,KXHIGHAUS-25MAY23,KXHIGHAUS-25MAY23-B97.5,between,97.5,97.0,98.0,0.01,0.0,1.0,0.0,1.0,14678.0,0.0,no,0.0,96.0,finalized,KXHIGHAUS,95.99461639722188,1.1506395,0.15044373788965648,0.01,0.14044373788965647,0.0,YES,1.0,0.14044373788965647,stop_loss,0.0,6.930000000000001,-1.0,-7.930000000000001,17.325000000000003,-19.825000000000003
2025-05-23,KXHIGHAUS,KXHIGHAUS-25MAY23,KXHIGHAUS-25MAY23-B95.5,between,95.5,95.0,96.0,0.99,0.0,1.0,0.0,1.0,14202.0,0.0,yes,1.0,96.0,finalized,KXHIGHAUS,95.99461639722188,1.1506395,0.30818331985446457,0.99,-0.6818166801455354,1.0,NO,1.0000000000000009,0.6818166801455354,stop_loss,0.0,6.930000000000001,-1.0000000000000009,-7.9300000000000015,17.325000000000003,-19.825000000000003
2025-05-24,KXHIGHAUS,KXHIGHAUS-25MAY24,KXHIGHAUS-25MAY24-B97.5,between,97.5,97.0,98.0,0.99,0.0,1.0,0.0,1.0,11279.0,0.0,yes,1.0,98.0,finalized,KXHIGHAUS,97.56233858267466,1.1871375,0.32595350511956833,0.99,-0.6640464948804317,1.0,NO,1.0000000000000009,0.6640464948804317,stop_loss,0.0,6.930000000000001,-1.0000000000000009,-7.9300000000000015,17.325000000000003,-19.825000000000003
2025-05-24,KXHIGHAUS,KXHIGHAUS-25MAY24,KXHIGHAUS-25MAY24-T97,less,97.0,,97.0,0.01,0.0,1.0,0.0,1.0,9401.0,0.0,no,0.0,98.0,finalized,KXHIGHAUS,97.56233858267466,1.1871375,0.31785946308264734,0.01,0.30785946308264733,0.0,YES,1.0,0.30785946308264733,stop_loss,0.0,6.930000000000001,-1.0,-7.930000000000001,17.325000000000003,-19.825000000000003
2025-05-25,KXHIGHAUS,KXHIGHAUS-25MAY25,KXHIGHAUS-25MAY25-B97.5,between,97.5,97.0,98.0,0.99,0.0,1.0,0.0,1.0,11428.0,0.0,yes,1.0,97.0,finalized,KXHIGHAUS,97.06919803619384,1.0843056,0.33011520074875567,0.99,-0.6598847992512443,1.0,NO,1.0000000000000009,0.6598847992512443,stop_loss,0.0,6.930000000000001,-1.0000000000000009,-7.9300000000000015,17.325000000000003,-19.825000000000003
2025-05-25,KXHIGHAUS,KXHIGHAUS-25MAY25,KXHIGHAUS-25MAY25-B95.5,between,95.5,95.0,96.0,0.01,0.0,1.0,0.0,1.0,8741.0,0.0,no,0.0,97.0,finalized,KXHIGHAUS,97.06919803619384,1.0843056,0.1338749332201054,0.01,0.12387493322010541,0.0,YES,1.0,0.12387493322010541,stop_loss,0.0,6.930000000000001,-1.0,-7.930000000000001,17.325000000000003,-19.825000000000003
2025-05-27,KXHIGHAUS,KXHIGHAUS-25MAY27,KXHIGHAUS-25MAY27-T94,greater,94.0,94.0,,0.01,0.0,1.0,0.0,1.0,275.0,0.0,no,0.0,92.0,finalized,KXHIGHAUS,92.64235795338948,1.2628961,0.14118226259704197,0.01,0.13118226259704197,0.0,YES,1.0,0.13118226259704197,stop_loss,0.0,6.930000000000001,-1.0,-7.930000000000001,17.325000000000003,-19.825000000000003
2025-05-27,KXHIGHAUS,KXHIGHAUS-25MAY27,KXHIGHAUS-25MAY27-B93.5,between,93.5,93.0,94.0,0.01,0.0,1.0,0.0,1.0,6009.0,0.0,no,0.0,92.0,finalized,KXHIGHAUS,92.64235795338948,1.2628961,0.24733257212441262,0.01,0.2373325721244126,0.0,YES,1.0,0.2373325721244126,stop_loss,0.0,6.930000000000001,-1.0,-7.930000000000001,17.325000000000003,-19.825000000000003
2025-05-27,KXHIGHAUS,KXHIGHAUS-25MAY27,KXHIGHAUS-25MAY27-B91.5,between,91.5,91.0,92.0,0.99,0.0,1.0,0.0,1.0,7632.0,0.0,yes,1.0,92.0,finalized,KXHIGHAUS,92.64235795338948,1.2628961,0.20878267704798809,0.99,-0.7812173229520119,1.0,NO,1.0000000000000009,0.7812173229520119,stop_loss,0.0,6.930000000000001,-1.0000000000000009,-7.9300000000000015,17.325000000000003,-19.825000000000003
2025-05-28,KXHIGHAUS,KXHIGHAUS-25MAY28,KXHIGHAUS-25MAY28-T88,greater,88.0,88.0,,0.01,0.0,1.0,0.0,1.0,11679.0,0.0,no,0.0,88.0,finalized,KXHIGHAUS,87.30365111033122,1.227834,0.28531088354346323,0.01,0.2753108835434632,0.0,YES,1.0,0.2753108835434632,stop_loss,0.0,6.930000000000001,-1.0,-7.930000000000001,17.325000000000003,-19.825000000000003
2025-05-28,KXHIGHAUS,KXHIGHAUS-25MAY28,KXHIGHAUS-25MAY28-B87.5,between,87.5,87.0,88.0,0.99,0.0,1.0,0.0,1.0,11012.0,0.0,yes,1.0,88.0,finalized,KXHIGHAUS,87.30365111033122,1.227834,0.31235353421310197,0.99,-0.677646465786898,1.0,NO,1.0000000000000009,0.677646465786898,stop_loss,0.0,6.930000000000001,-1.0000000000000009,-7.9300000000000015,17.325000000000003,-19.825000000000003
2025-05-28,KXHIGHAUS,KXHIGHAUS-25MAY28,KXHIGHAUS-25MAY28-B85.5,between,85.5,85.0,86.0,0.01,0.0,1.0,0.0,1.0,23586.0,0.0,no,0.0,88.0,finalized,KXHIGHAUS,87.30365111033122,1.227834,0.1138603706749162,0.01,0.1038603706749162,0.0,YES,1.0,0.1038603706749162,stop_loss,0.0,6.930000000000001,-1.0,-7.930000000000001,17.325000000000003,-19.825000000000003
2025-05-29,KXHIGHAUS,KXHIGHAUS-25MAY29,KXHIGHAUS-25MAY29-B92.5,between,92.5,92.0,93.0,0.01,0.0,1.0,0.0,1.0,6443.0,0.0,no,0.0,91.0,finalized,KXHIGHAUS,90.99075806935627,1.2708914,0.15662002963858657,0.01,0.14662002963858656,0.0,YES,1.0,0.14662002963858656,stop_loss,0.0,6.930000000000001,-1.0,-7.930000000000001,17.325000000000003,-19.825000000000003
2025-05-29,KXHIGHAUS,KXHIGHAUS-25MAY29,KXHIGHAUS-25MAY29-B90.5,between,90.5,90.0,91.0,0.99,0.0,1.0,0.0,1.0,11075.0,0.0,yes,1.0,91.0,finalized,KXHIGHAUS,90.99075806935627,1.2708914,0.28508121547441356,0.99,-0.7049187845255864,1.0,NO,1.0000000000000009,0.7049187845255864,stop_loss,0.0,6.930000000000001,-1.0000000000000009,-7.9300000000000015,17.325000000000003,-19.825000000000003
2025-05-30,KXHIGHAUS,KXHIGHAUS-25MAY30,KXHIGHAUS-25MAY30-T83,less,83.0,,83.0,0.01,0.0,1.0,0.0,1.0,14901.0,0.0,no,0.0,84.0,finalized,KXHIGHAUS,83.48076634407043,1.4047126,0.3660804502974132,0.01,0.3560804502974132,0.0,YES,1.0,0.3560804502974132,stop_loss,0.0,6.930000000000001,-1.0,-7.930000000000001,17.325000000000003,-19.825000000000003
2025-05-30,KXHIGHAUS,KXHIGHAUS-25MAY30,KXHIGHAUS-25MAY30-B83.5,between,83.5,83.0,84.0,0.99,0.0,1.0,0.0,1.0,19820.0,0.0,yes,1.0,84.0,finalized,KXHIGHAUS,83.48076634407043,1.4047126,0.2780930392184725,0.99,-0.7119069607815275,1.0,NO,1.0000000000000009,0.7119069607815275,stop_loss,0.0,6.930000000000001,-1.0000000000000009,-7.9300000000000015,17.325000000000003,-19.825000000000003
2025-05-31,KXHIGHAUS,KXHIGHAUS-25MAY31,KXHIGHAUS-25MAY31-B90.5,between,90.5,90.0,91.0,0.01,0.0,1.0,0.0,1.0,6628.0,0.0,no,0.0,87.0,finalized,KXHIGHAUS,89.00236473083494,1.317963,0.1597414535431816,0.01,0.14974145354318158,0.0,YES,1.0,0.14974145354318158,stop_loss,0.0,6.930000000000001,-1.0,-7.930000000000001,17.325000000000003,-19.825000000000003
2025-05-31,KXHIGHAUS,KXHIGHAUS-25MAY31,KXHIGHAUS-25MAY31-B88.5,between,88.5,88.0,89.0,0.01,0.0,1.0,0.0,1.0,10835.0,0.0,no,0.0,87.0,finalized,KXHIGHAUS,89.00236473083494,1.317963,0.2758185312415967,0.01,0.2658185312415967,0.0,YES,1.0,0.2658185312415967,stop_loss,0.0,6.930000000000001,-1.0,-7.930000000000001,17.325000000000003,-19.825000000000003
2025-05-31,KXHIGHAUS,KXHIGHAUS-25MAY31,KXHIGHAUS-25MAY31-B86.5,between,86.5,86.0,87.0,0.99,0.0,1.0,0.0,1.0,19984.0,0.0,yes,1.0,87.0,finalized,KXHIGHAUS,89.00236473083494,1.317963,0.05298279957381027,0.99,-0.9370172004261897,1.0,NO,1.0000000000000009,0.9370172004261897,stop_loss,0.0,6.930000000000001,-1.0000000000000009,-7.9300000000000015,17.325000000000003,-19.825000000000003
2025-06-01,KXHIGHAUS,KXHIGHAUS-25JUN01,KXHIGHAUS-25JUN01-B96.5,between,96.5,96.0,97.0,0.01,0.0,1.0,0.0,1.0,7881.0,0.0,no,0.0,95.0,finalized,KXHIGHAUS,96.33417685826619,1.123681,0.34017209273744775,0.01,0.33017209273744774,0.0,YES,1.0,0.33017209273744774,stop_loss,0.0,6.930000000000001,-1.0,-7.930000000000001,17.325000000000003,-19.825000000000003
2025-06-01,KXHIGHAUS,KXHIGHAUS-25JUN01,KXHIGHAUS-25JUN01-B94.5,between,94.5,94.0,95.0,0.99,0.0,1.0,0.0,1.0,15034.0,0.0,yes,1.0,95.0,finalized,KXHIGHAUS,96.33417685826619,1.123681,0.09866049833662793,0.99,-0.8913395016633721,1.0,NO,1.0000000000000009,0.8913395016633721,stop_loss,0.0,6.930000000000001,-1.0000000000000009,-7.9300000000000015,17.325000000000003,-19.825000000000003
2025-06-02,KXHIGHAUS,KXHIGHAUS-25JUN02,KXHIGHAUS-25JUN02-B93.5,between,93.5,93.0,94.0,0.99,0.0,1.0,0.0,1.0,17777.0,0.0,yes,1.0,93.0,finalized,KXHIGHAUS,93.51369662284851,1.25572,0.3094835102748787,0.99,-0.6805164897251212,1.0,NO,1.0000000000000009,0.6805164897251212,stop_loss,0.0,6.930000000000001,-1.0000000000000009,-7.9300000000000015,17.325000000000003,-19.825000000000003
2025-06-02,KXHIGHAUS,KXHIGHAUS-25JUN02,KXHIGHAUS-25JUN02-T93,less,93.0,,93.0,0.01,0.0,1.0,0.0,1.0,4963.0,0.0,no,0.0,93.0,finalized,KXHIGHAUS,93.51369662284851,1.25572,0.3412385253955222,0.01,0.3312385253955222,0.0,YES,1.0,0.3312385253955222,stop_loss,0.0,6.930000000000001,-1.0,-7.930000000000001,17.325000000000003,-19.825000000000003
2025-06-03,KXHIGHAUS,KXHIGHAUS-25JUN03,KXHIGHAUS-25JUN03-B94.5,between,94.5,94.0,95.0,0.01,0.0,1.0,0.0,1.0,12684.0,0.0,no,0.0,93.0,finalized,KXHIGHAUS,92.78730818430581,1.3903459,0.13579125986743246,0.01,0.12579125986743245,0.0,YES,1.0,0.12579125986743245,stop_loss,0.0,6.930000000000001,-1.0,-7.930000000000001,17.325000000000003,-19.825000000000003
2025-06-03,KXHIGHAUS,KXHIGHAUS-25JUN03,KXHIGHAUS-25JUN03-B92.5,between,92.5,92.0,93.0,0.99,0.0,1.0,0.0,1.0,14642.0,0.0,yes,1.0,93.0,finalized,KXHIGHAUS,92.78730818430581,1.3903459,0.27518617887501945,0.99,-0.7148138211249806,1.0,NO,1.0000000000000009,0.7148138211249806,stop_loss,0.0,6.930000000000001,-1.0000000000000009,-7.9300000000000015,17.325000000000003,-19.825000000000003
2025-06-04,KXHIGHAUS,KXHIGHAUS-25JUN04,KXHIGHAUS-25JUN04-B92.5,between,92.5,92.0,93.0,0.99,0.0,1.0,0.0,1.0,14890.0,0.0,yes,1.0,92.0,finalized,KXHIGHAUS,86.97287318706513,1.3181041,6.598458110551597e-05,0.99,-0.9899340154188945,1.0,NO,1.0000000000000009,0.9899340154188945,stop_loss,0.0,6.930000000000001,-1.0000000000000009,-7.9300000000000015,17.325000000000003,-19.825000000000003
2025-06-04,KXHIGHAUS,KXHIGHAUS-25JUN04,KXHIGHAUS-25JUN04-B88.5,between,88.5,88.0,89.0,0.01,0.0,1.0,0.0,1.0,22710.0,0.0,no,0.0,92.0,finalized,KXHIGHAUS,86.97287318706513,1.3181041,0.155882342789875,0.01,0.145882342789875,0.0,YES,1.0,0.145882342789875,stop_loss,0.0,6.930000000000001,-1.0,-7.930000000000001,17.325000000000003,-19.825000000000003
2025-06-04,KXHIGHAUS,KXHIGHAUS-25JUN04,KXHIGHAUS-25JUN04-T88,less,88.0,,88.0,0.01,0.0,1.0,0.0,1.0,25992.0,0.0,no,0.0,92.0,finalized,KXHIGHAUS,86.97287318706513,1.3181041,0.7820824634061401,0.01,0.7720824634061401,0.0,YES,1.0,0.7720824634061401,stop_loss,0.0,6.930000000000001,-1.0,-7.930000000000001,17.325000000000003,-19.825000000000003
2025-06-05,KXHIGHAUS,KXHIGHAUS-25JUN05,KXHIGHAUS-25JUN05-B95.5,between,95.5,95.0,96.0,0.99,0.0,1.0,0.0,1.0,20476.0,0.0,yes,1.0,95.0,finalized,KXHIGHAUS,94.67442191441855,1.1169525,0.26768211895060134,0.99,-0.7223178810493986,1.0,NO,1.0000000000000009,0.7223178810493986,stop_loss,0.0,6.930000000000001,-1.0000000000000009,-7.9300000000000015,17.325000000000003,-19.825000000000003
2025-06-05,KXHIGHAUS,KXHIGHAUS-25JUN05,KXHIGHAUS-25JUN05-B93.5,between,93.5,93.0,94.0,0.01,0.0,1.0,0.0,1.0,39199.0,0.0,no,0.0,95.0,finalized,KXHIGHAUS,94.67442191441855,1.1169525,0.20606249648284092,0.01,0.1960624964828409,0.0,YES,1.0,0.1960624964828409,stop_loss,0.0,6.930000000000001,-1.0,-7.930000000000001,17.325000000000003,-19.825000000000003
2025-06-06,KXHIGHAUS,KXHIGHAUS-25JUN06,KXHIGHAUS-25JUN06-B96.5,between,96.5,96.0,97.0,0.99,0.0,1.0,0.0,1.0,10736.0,0.0,yes,1.0,96.0,finalized,KXHIGHAUS,95.54749739170074,1.1374897,0.24457357031259863,0.99,-0.7454264296874014,1.0,NO,1.0000000000000009,0.7454264296874014,stop_loss,0.0,6.930000000000001,-1.0000000000000009,-7.9300000000000015,17.325000000000003,-19.825000000000003
2025-06-06,KXHIGHAUS,KXHIGHAUS-25JUN06,KXHIGHAUS-25JUN06-B94.5,between,94.5,94.0,95.0,0.01,0.0,1.0,0.0,1.0,19121.0,0.0,no,0.0,96.0,finalized,KXHIGHAUS,95.54749739170074,1.1374897,0.22830042997769306,0.01,0.21830042997769306,0.0,YES,1.0,0.21830042997769306,stop_loss,0.0,6.930000000000001,-1.0,-7.930000000000001,17.325000000000003,-19.825000000000003
2025-06-07,KXHIGHAUS,KXHIGHAUS-25JUN07,KXHIGHAUS-25JUN07-B96.5,between,96.5,96.0,97.0,0.95,0.0,1.0,0.0,1.0,12100.0,0.0,yes,1.0,96.0,finalized,KXHIGHAUS,95.97422036329907,1.4275395,0.2565914275337683,0.95,-0.6934085724662317,1.0,NO,5.000000000000004,0.6934085724662317,stop_loss,0.0,6.65,-5.000000000000004,-11.650000000000006,16.625,-29.125000000000014
2025-06-07,KXHIGHAUS,KXHIGHAUS-25JUN07,KXHIGHAUS-25JUN07-B94.5,between,94.5,94.0,95.0,0.01,0.0,1.0,0.0,1.0,10237.0,0.0,no,0.0,96.0,finalized,KXHIGHAUS,95.97422036329907,1.4275395,0.16413849945293807,0.01,0.15413849945293806,0.0,YES,1.0,0.15413849945293806,stop_loss,0.0,6.930000000000001,-1.0,-7.930000000000001,17.325000000000003,-19.825000000000003
2025-06-07,KXHIGHAUS,KXHIGHAUS-25JUN07,KXHIGHAUS-25JUN07-B100.5,between,100.5,100.0,101.0,0.12,0.0,1.0,0.0,1.0,3209.0,0.0,no,0.0,96.0,finalized,KXHIGHAUS,95.97422036329907,1.4275395,0.002185267450971362,0.12,-0.11781473254902863,0.0,NO,88.0,0.11781473254902863,convergence,95.06888395294172,0.8400000000000001,7.068883952941718,6.228883952941718,2.1,15.572209882354295
2025-06-08,KXHIGHAUS,KXHIGHAUS-25JUN08,KXHIGHAUS-25JUN08-T96,less,96.0,,96.0,0.01,0.0,1.0,0.0,1.0,9072.0,0.0,no,0.0,96.0,finalized,KXHIGHAUS,97.12514804999034,1.2176108,0.177726987112091,0.01,0.167726987112091,0.0,YES,1.0,0.167726987112091,stop_loss,0.0,6.930000000000001,-1.0,-7.930000000000001,17.325000000000003,-19.825000000000003
2025-06-08,KXHIGHAUS,KXHIGHAUS-25JUN08,KXHIGHAUS-25JUN08-B98.5,between,98.5,98.0,99.0,0.01,0.0,1.0,0.0,1.0,11155.0,0.0,no,0.0,96.0,finalized,KXHIGHAUS,97.12514804999034,1.2176108,0.1744178065900449,0.01,0.1644178065900449,0.0,YES,1.0,0.1644178065900449,stop_loss,0.0,6.930000000000001,-1.0,-7.930000000000001,17.325000000000003,-19.825000000000003
2025-06-08,KXHIGHAUS,KXHIGHAUS-25JUN08,KXHIGHAUS-25JUN08-B96.5,between,96.5,96.0,97.0,0.99,0.0,1.0,0.0,1.0,10680.0,0.0,yes,1.0,96.0,finalized,KXHIGHAUS,97.12514804999034,1.2176108,0.2813411477981177,0.99,-0.7086588522018823,1.0,NO,1.0000000000000009,0.7086588522018823,stop_loss,0.0,6.930000000000001,-1.0000000000000009,-7.9300000000000015,17.325000000000003,-19.825000000000003
2025-06-09,KXHIGHAUS,KXHIGHAUS-25JUN09,KXHIGHAUS-25JUN09-B99.5,between,99.5,99.0,100.0,0.99,0.0,1.0,0.0,1.0,12482.0,0.0,yes,1.0,99.0,finalized,KXHIGHAUS,98.44761533737183,1.117378,0.22815749347383152,0.99,-0.7618425065261685,1.0,NO,1.0000000000000009,0.7618425065261685,stop_loss,0.0,6.930000000000001,-1.0000000000000009,-7.9300000000000015,17.325000000000003,-19.825000000000003
2025-06-09,KXHIGHAUS,KXHIGHAUS-25JUN09,KXHIGHAUS-25JUN09-B97.5,between,97.5,97.0,98.0,0.01,0.0,1.0,0.0,1.0,19972.0,0.0,no,0.0,99.0,finalized,KXHIGHAUS,98.44761533737183,1.117378,0.24679353767586598,0.01,0.23679353767586597,0.0,YES,1.0,0.23679353767586597,stop_loss,0.0,6.930000000000001,-1.0,-7.930000000000001,17.325000000000003,-19.825000000000003
2025-06-10,KXHIGHAUS,KXHIGHAUS-25JUN10,KXHIGHAUS-25JUN10-B92.5,between,92.5,92.0,93.0,0.99,0.0,1.0,0.0,1.0,9536.0,0.0,yes,1.0,92.0,finalized,KXHIGHAUS,91.88524233500162,1.3902256,0.25578746397562646,0.99,-0.7342125360243735,1.0,NO,1.0000000000000009,0.7342125360243735,stop_loss,0.0,6.930000000000001,-1.0000000000000009,-7.9300000000000015,17.325000000000003,-19.825000000000003
2025-06-10,KXHIGHAUS,KXHIGHAUS-25JUN10,KXHIGHAUS-25JUN10-B90.5,between,90.5,90.0,91.0,0.01,0.0,1.0,0.0,1.0,14679.0,0.0,no,0.0,92.0,finalized,KXHIGHAUS,91.88524233500162,1.3902256,0.17460150650840084,0.01,0.16460150650840083,0.0,YES,1.0,0.16460150650840083,stop_loss,0.0,6.930000000000001,-1.0,-7.930000000000001,17.325000000000003,-19.825000000000003
2025-06-11,KXHIGHAUS,KXHIGHAUS-25JUN11,KXHIGHAUS-25JUN11-B89.5,between,89.5,89.0,90.0,0.98,0.0,1.0,0.0,1.0,15209.0,0.0,yes,1.0,89.0,finalized,KXHIGHAUS,88.78787177403768,1.3816779,0.24882504151685814,0.98,-0.7311749584831418,1.0,NO,2.0000000000000018,0.7311749584831418,stop_loss,0.0,6.86,-2.0000000000000018,-8.860000000000003,17.15,-22.15000000000001
2025-06-11,KXHIGHAUS,KXHIGHAUS-25JUN11,KXHIGHAUS-25JUN11-B87.5,between,87.5,87.0,88.0,0.01,0.0,1.0,0.0,1.0,10291.0,0.0,no,0.0,89.0,finalized,KXHIGHAUS,88.78787177403768,1.3816779,0.18642630998598958,0.01,0.17642630998598957,0.0,YES,1.0,0.17642630998598957,stop_loss,0.0,6.930000000000001,-1.0,-7.930000000000001,17.325000000000003,-19.825000000000003
2025-06-13,KXHIGHAUS,KXHIGHAUS-25JUN13,KXHIGHAUS-25JUN13-B95.5,between,95.5,95.0,96.0,0.99,0.0,1.0,0.0,1.0,11617.0,0.0,yes,1.0,95.0,finalized,KXHIGHAUS,94.3354556719462,1.1492759,0.20779411574642404,0.99,-0.782205884253576,1.0,NO,1.0000000000000009,0.782205884253576,stop_loss,0.0,6.930000000000001,-1.0000000000000009,-7.9300000000000015,17.325000000000003,-19.825000000000003
2025-06-13,KXHIGHAUS,KXHIGHAUS-25JUN13,KXHIGHAUS-25JUN13-B93.5,between,93.5,93.0,94.0,0.01,0.0,1.0,0.0,1.0,14596.0,0.0,no,0.0,95.0,finalized,KXHIGHAUS,94.3354556719462,1.1492759,0.2625692681307286,0.01,0.2525692681307286,0.0,YES,1.0,0.2525692681307286,stop_loss,0.0,6.930000000000001,-1.0,-7.930000000000001,17.325000000000003,-19.825000000000003
2025-06-14,KXHIGHAUS,KXHIGHAUS-25JUN14,KXHIGHAUS-25JUN14-B95.5,between,95.5,95.0,96.0,0.99,0.0,1.0,0.0,1.0,24633.0,0.0,yes,1.0,95.0,finalized,KXHIGHAUS,93.86187324523927,1.4241699,0.14546430603877725,0.99,-0.8445356939612227,1.0,NO,1.0000000000000009,0.8445356939612227,stop_loss,0.0,6.930000000000001,-1.0000000000000009,-7.9300000000000015,17.325000000000003,-19.825000000000003
2025-06-14,KXHIGHAUS,KXHIGHAUS-25JUN14,KXHIGHAUS-25JUN14-B93.5,between,93.5,93.0,94.0,0.01,0.0,1.0,0.0,1.0,32717.0,0.0,no,0.0,95.0,finalized,KXHIGHAUS,93.86187324523927,1.4241699,0.2661007845179231,0.01,0.25610078451792306,0.0,YES,1.0,0.25610078451792306,stop_loss,0.0,6.930000000000001,-1.0,-7.930000000000001,17.325000000000003,-19.825000000000003
2025-06-15,KXHIGHAUS,KXHIGHAUS-25JUN15,KXHIGHAUS-25JUN15-B96.5,between,96.5,96.0,97.0,0.99,0.0,1.0,0.0,1.0,24174.0,0.0,yes,1.0,97.0,finalized,KXHIGHAUS,96.1366794904073,1.4024874,0.26972627278867056,0.99,-0.7202737272113294,1.0,NO,1.0000000000000009,0.7202737272113294,stop_loss,0.0,6.930000000000001,-1.0000000000000009,-7.9300000000000015,17.325000000000003,-19.825000000000003
2025-06-15,KXHIGHAUS,KXHIGHAUS-25JUN15,KXHIGHAUS-25JUN15-B94.5,between,94.5,94.0,95.0,0.01,0.0,1.0,0.0,1.0,9624.0,0.0,no,0.0,97.0,finalized,KXHIGHAUS,96.1366794904073,1.4024874,0.1450161907353983,0.01,0.13501619073539828,0.0,YES,1.0,0.13501619073539828,stop_loss,0.0,6.930000000000001,-1.0,-7.930000000000001,17.325000000000003,-19.825000000000003
2025-06-16,KXHIGHAUS,KXHIGHAUS-25JUN16,KXHIGHAUS-25JUN16-B95.5,between,95.5,95.0,96.0,0.01,0.0,1.0,0.0,1.0,11091.0,0.0,no,0.0,93.0,finalized,KXHIGHAUS,95.14868246714275,1.354967,0.27878310811675816,0.01,0.26878310811675815,0.0,YES,1.0,0.26878310811675815,stop_loss,0.0,6.930000000000001,-1.0,-7.930000000000001,17.325000000000003,-19.825000000000003
2025-06-16,KXHIGHAUS,KXHIGHAUS-25JUN16,KXHIGHAUS-25JUN16-B93.5,between,93.5,93.0,94.0,0.99,0.0,1.0,0.0,1.0,7652.0,0.0,yes,1.0,93.0,finalized,KXHIGHAUS,95.14868246714275,1.354967,0.14189234798423772,0.99,-0.8481076520157622,1.0,NO,1.0000000000000009,0.8481076520157622,stop_loss,0.0,6.930000000000001,-1.0000000000000009,-7.9300000000000015,17.325000000000003,-19.825000000000003
2025-06-17,KXHIGHAUS,KXHIGHAUS-25JUN17,KXHIGHAUS-25JUN17-T94,less,94.0,,94.0,0.01,0.0,1.0,0.0,1.0,16939.0,0.0,no,0.0,94.0,finalized,KXHIGHAUS,95.04198824564617,1.4354428,0.2339499713558305,0.01,0.2239499713558305,0.0,YES,1.0,0.2239499713558305,stop_loss,0.0,6.930000000000001,-1.0,-7.930000000000001,17.325000000000003,-19.825000000000003
2025-06-17,KXHIGHAUS,KXHIGHAUS-25JUN17,KXHIGHAUS-25JUN17-B96.5,between,96.5,96.0,97.0,0.01,0.0,1.0,0.0,1.0,7883.0,0.0,no,0.0,94.0,finalized,KXHIGHAUS,95.04198824564617,1.4354428,0.1659825961706869,0.01,0.15598259617068688,0.0,YES,1.0,0.15598259617068688,stop_loss,0.0,6.930000000000001,-1.0,-7.930000000000001,17.325000000000003,-19.825000000000003
2025-06-17,KXHIGHAUS,KXHIGHAUS-25JUN17,KXHIGHAUS-25JUN17-B94.5,between,94.5,94.0,95.0,0.99,0.0,1.0,0.0,1.0,8935.0,0.0,yes,1.0,94.0,finalized,KXHIGHAUS,95.04198824564617,1.4354428,0.2543822018484136,0.99,-0.7356177981515863,1.0,NO,1.0000000000000009,0.7356177981515863,stop_loss,0.0,6.930000000000001,-1.0000000000000009,-7.9300000000000015,17.325000000000003,-19.825000000000003
2025-06-18,KXHIGHAUS,KXHIGHAUS-25JUN18,KXHIGHAUS-25JUN18-T94,less,94.0,,94.0,0.01,0.0,1.0,0.0,1.0,23524.0,0.0,no,0.0,94.0,finalized,KXHIGHAUS,94.49013878504435,1.2675949,0.34950089149765506,0.01,0.33950089149765506,0.0,YES,1.0,0.33950089149765506,stop_loss,0.0,6.930000000000001,-1.0,-7.930000000000001,17.325000000000003,-19.825000000000003
2025-06-18,KXHIGHAUS,KXHIGHAUS-25JUN18,KXHIGHAUS-25JUN18-B94.5,between,94.5,94.0,95.0,0.99,0.0,1.0,0.0,1.0,9248.0,0.0,yes,1.0,94.0,finalized,KXHIGHAUS,94.49013878504435,1.2675949,0.3067407111531225,0.99,-0.6832592888468775,1.0,NO,1.0000000000000009,0.6832592888468775,stop_loss,0.0,6.930000000000001,-1.0000000000000009,-7.9300000000000015,17.325000000000003,-19.825000000000003
2025-06-19,KXHIGHAUS,KXHIGHAUS-25JUN19,KXHIGHAUS-25JUN19-B97.5,between,97.5,97.0,98.0,0.01,0.0,1.0,0.0,1.0,5354.0,0.0,no,0.0,96.0,finalized,KXHIGHAUS,95.67007093429565,1.2880589,0.11568174838673029,0.01,0.10568174838673029,0.0,YES,1.0,0.10568174838673029,stop_loss,0.0,6.930000000000001,-1.0,-7.930000000000001,17.325000000000003,-19.825000000000003
2025-06-19,KXHIGHAUS,KXHIGHAUS-25JUN19,KXHIGHAUS-25JUN19-B95.5,between,95.5,95.0,96.0,0.99,0.0,1.0,0.0,1.0,7211.0,0.0,yes,1.0,96.0,finalized,KXHIGHAUS,95.67007093429565,1.2880589,0.299624379790953,0.99,-0.690375620209047,1.0,NO,1.0000000000000009,0.690375620209047,stop_loss,0.0,6.930000000000001,-1.0000000000000009,-7.9300000000000015,17.325000000000003,-19.825000000000003
2025-06-20,KXHIGHAUS,KXHIGHAUS-25JUN20,KXHIGHAUS-25JUN20-B96.5,between,96.5,96.0,97.0,0.01,0.0,1.0,0.0,1.0,7645.0,0.0,no,0.0,95.0,finalized,KXHIGHAUS,95.62465333938599,1.3200555,0.23934192744553018,0.01,0.22934192744553017,0.0,YES,1.0,0.22934192744553017,stop_loss,0.0,6.930000000000001,-1.0,-7.930000000000001,17.325000000000003,-19.825000000000003
2025-06-20,KXHIGHAUS,KXHIGHAUS-25JUN20,KXHIGHAUS-25JUN20-B94.5,between,94.5,94.0,95.0,0.99,0.0,1.0,0.0,1.0,16957.0,0.0,yes,1.0,95.0,finalized,KXHIGHAUS,95.62465333938599,1.3200555,0.20882552370336416,0.99,-0.7811744762966358,1.0,NO,1.0000000000000009,0.7811744762966358,stop_loss,0.0,6.930000000000001,-1.0000000000000009,-7.9300000000000015,17.325000000000003,-19.825000000000003
2025-06-21,KXHIGHAUS,KXHIGHAUS-25JUN21,KXHIGHAUS-25JUN21-B95.5,between,95.5,95.0,96.0,0.99,0.0,1.0,0.0,1.0,9900.0,0.0,yes,1.0,95.0,finalized,KXHIGHAUS,95.10676554044089,1.3009763,0.2865315148486203,0.99,-0.7034684851513797,1.0,NO,1.0000000000000009,0.7034684851513797,stop_loss,0.0,6.930000000000001,-1.0000000000000009,-7.9300000000000015,17.325000000000003,-19.825000000000003
2025-06-21,KXHIGHAUS,KXHIGHAUS-25JUN21,KXHIGHAUS-25JUN21-B93.5,between,93.5,93.0,94.0,0.01,0.0,1.0,0.0,1.0,10551.0,0.0,no,0.0,95.0,finalized,KXHIGHAUS,95.10676554044089,1.3009763,0.14477912592578698,0.01,0.13477912592578697,0.0,YES,1.0,0.13477912592578697,stop_loss,0.0,6.930000000000001,-1.0,-7.930000000000001,17.325000000000003,-19.825000000000003
2025-06-22,KXHIGHAUS,KXHIGHAUS-25JUN22,KXHIGHAUS-25JUN22-B96.5,between,96.5,96.0,97.0,0.99,0.0,1.0,0.0,1.0,12318.0,0.0,yes,1.0,96.0,finalized,KXHIGHAUS,96.6387919108073,1.2034945,0.3201767267557383,0.99,-0.6698232732442617,1.0,NO,1.0000000000000009,0.6698232732442617,stop_loss,0.0,6.930000000000001,-1.0000000000000009,-7.9300000000000015,17.325000000000003,-19.825000000000003
2025-06-23,KXHIGHAUS,KXHIGHAUS-25JUN23,KXHIGHAUS-25JUN23-B96.5,between,96.5,96.0,97.0,0.99,0.0,1.0,0.0,1.0,12635.0,0.0,yes,1.0,97.0,finalized,KXHIGHAUS,96.55040400822958,1.3178228,0.29541332288938327,0.99,-0.6945866771106167,1.0,NO,1.0000000000000009,0.6945866771106167,stop_loss,0.0,6.930000000000001,-1.0000000000000009,-7.9300000000000015,17.325000000000003,-19.825000000000003
2025-06-24,KXHIGHAUS,KXHIGHAUS-25JUN24,KXHIGHAUS-25JUN24-B95.5,between,95.5,95.0,96.0,0.99,0.0,1.0,0.0,1.0,29640.0,0.0,yes,1.0,95.0,finalized,KXHIGHAUS,94.25777720610301,1.5310937,0.18633871517188183,0.99,-0.8036612848281182,1.0,NO,1.0000000000000009,0.8036612848281182,stop_loss,0.0,6.930000000000001,-1.0000000000000009,-7.9300000000000015,17.325000000000003,-19.825000000000003
2025-06-24,KXHIGHAUS,KXHIGHAUS-25JUN24,KXHIGHAUS-25JUN24-B93.5,between,93.5,93.0,94.0,0.01,0.0,1.0,0.0,1.0,29868.0,0.0,no,0.0,95.0,finalized,KXHIGHAUS,94.25777720610301,1.5310937,0.22746566500592896,0.01,0.21746566500592895,0.0,YES,1.0,0.21746566500592895,stop_loss,0.0,6.930000000000001,-1.0,-7.930000000000001,17.325000000000003,-19.825000000000003
2025-06-25,KXHIGHAUS,KXHIGHAUS-25JUN25,KXHIGHAUS-25JUN25-B93.5,between,93.5,93.0,94.0,0.99,0.0,1.0,0.0,1.0,13916.0,0.0,yes,1.0,94.0,finalized,KXHIGHAUS,93.1101476987203,1.1785333,0.31212229522170465,0.99,-0.6778777047782953,1.0,NO,1.0000000000000009,0.6778777047782953,stop_loss,0.0,6.930000000000001,-1.0000000000000009,-7.9300000000000015,17.325000000000003,-19.825000000000003
2025-06-25,KXHIGHAUS,KXHIGHAUS-25JUN25,KXHIGHAUS-25JUN25-B91.5,between,91.5,91.0,92.0,0.01,0.0,1.0,0.0,1.0,22774.0,0.0,no,0.0,94.0,finalized,KXHIGHAUS,93.1101476987203,1.1785333,0.13641509729197246,0.01,0.12641509729197245,0.0,YES,1.0,0.12641509729197245,stop_loss,0.0,6.930000000000001,-1.0,-7.930000000000001,17.325000000000003,-19.825000000000003
2025-06-26,KXHIGHAUS,KXHIGHAUS-25JUN26,KXHIGHAUS-25JUN26-B94.5,between,94.5,94.0,95.0,0.98,0.0,1.0,0.0,1.0,39944.0,0.0,yes,1.0,94.0,finalized,KXHIGHAUS,93.85173196792603,1.2358372,0.27584416940403167,0.98,-0.7041558305959683,1.0,NO,2.0000000000000018,0.7041558305959683,stop_loss,0.0,6.86,-2.0000000000000018,-8.860000000000003,17.15,-22.15000000000001
2025-06-26,KXHIGHAUS,KXHIGHAUS-25JUN26,KXHIGHAUS-25JUN26-B92.5,between,92.5,92.0,93.0,0.01,0.0,1.0,0.0,1.0,22800.0,0.0,no,0.0,94.0,finalized,KXHIGHAUS,93.85173196792603,1.2358372,0.17833093595821237,0.01,0.16833093595821236,0.0,YES,1.0,0.16833093595821236,stop_loss,0.0,6.930000000000001,-1.0,-7.930000000000001,17.325000000000003,-19.825000000000003
2025-06-27,KXHIGHAUS,KXHIGHAUS-25JUN27,KXHIGHAUS-25JUN27-B96.5,between,96.5,96.0,97.0,0.01,0.0,1.0,0.0,1.0,17712.0,0.0,no,0.0,95.0,finalized,KXHIGHAUS,94.81417710781096,1.3264633,0.1359771391159741,0.01,0.12597713911597408,0.0,YES,1.0,0.12597713911597408,stop_loss,0.0,6.930000000000001,-1.0,-7.930000000000001,17.325000000000003,-19.825000000000003
2025-06-27,KXHIGHAUS,KXHIGHAUS-25JUN27,KXHIGHAUS-25JUN27-B94.5,between,94.5,94.0,95.0,0.99,0.0,1.0,0.0,1.0,17504.0,0.0,yes,1.0,95.0,finalized,KXHIGHAUS,94.81417710781096,1.3264633,0.28602988890077974,0.99,-0.7039701110992203,1.0,NO,1.0000000000000009,0.7039701110992203,stop_loss,0.0,6.930000000000001,-1.0000000000000009,-7.9300000000000015,17.325000000000003,-19.825000000000003
2025-06-28,KXHIGHAUS,KXHIGHAUS-25JUN28,KXHIGHAUS-25JUN28-B97.5,between,97.5,97.0,98.0,0.01,0.0,1.0,0.0,1.0,10161.0,0.0,no,0.0,95.0,finalized,KXHIGHAUS,95.8999674320221,1.230423,0.14171981162391434,0.01,0.13171981162391433,0.0,YES,1.0,0.13171981162391433,stop_loss,0.0,6.930000000000001,-1.0,-7.930000000000001,17.325000000000003,-19.825000000000003
2025-06-28,KXHIGHAUS,KXHIGHAUS-25JUN28,KXHIGHAUS-25JUN28-B95.5,between,95.5,95.0,96.0,0.99,0.0,1.0,0.0,1.0,21343.0,0.0,yes,1.0,95.0,finalized,KXHIGHAUS,95.8999674320221,1.230423,0.30013956547163534,0.99,-0.6898604345283647,1.0,NO,1.0000000000000009,0.6898604345283647,stop_loss,0.0,6.930000000000001,-1.0000000000000009,-7.9300000000000015,17.325000000000003,-19.825000000000003
2025-06-29,KXHIGHAUS,KXHIGHAUS-25JUN29,KXHIGHAUS-25JUN29-T97,greater,97.0,97.0,,0.01,0.0,1.0,0.0,1.0,2656.0,0.0,no,0.0,96.0,finalized,KXHIGHAUS,95.78010187149049,1.1676304,0.14806605118508814,0.01,0.13806605118508813,0.0,YES,1.0,0.13806605118508813,stop_loss,0.0,6.930000000000001,-1.0,-7.930000000000001,17.325000000000003,-19.825000000000003
2025-06-29,KXHIGHAUS,KXHIGHAUS-25JUN29,KXHIGHAUS-25JUN29-B96.5,between,96.5,96.0,97.0,0.99,0.0,1.0,0.0,1.0,8020.0,0.0,yes,1.0,96.0,finalized,KXHIGHAUS,95.78010187149049,1.1676304,0.27724350792911445,0.99,-0.7127564920708855,1.0,NO,1.0000000000000009,0.7127564920708855,stop_loss,0.0,6.930000000000001,-1.0000000000000009,-7.9300000000000015,17.325000000000003,-19.825000000000003
2025-06-29,KXHIGHAUS,KXHIGHAUS-25JUN29,KXHIGHAUS-25JUN29-B94.5,between,94.5,94.0,95.0,0.01,0.0,1.0,0.0,1.0,14175.0,0.0,no,0.0,96.0,finalized,KXHIGHAUS,95.78010187149049,1.1676304,0.18834603853284104,0.01,0.17834603853284103,0.0,YES,1.0,0.17834603853284103,stop_loss,0.0,6.930000000000001,-1.0,-7.930000000000001,17.325000000000003,-19.825000000000003
2025-06-30,KXHIGHAUS,KXHIGHAUS-25JUN30,KXHIGHAUS-25JUN30-B96.5,between,96.5,96.0,97.0,0.01,0.0,1.0,0.0,1.0,15085.0,0.0,no,0.0,95.0,finalized,KXHIGHAUS,94.6380208412806,1.37378,0.11796543979970286,0.01,0.10796543979970287,0.0,YES,1.0,0.10796543979970287,stop_loss,0.0,6.930000000000001,-1.0,-7.930000000000001,17.325000000000003,-19.825000000000003
2025-06-30,KXHIGHAUS,KXHIGHAUS-25JUN30,KXHIGHAUS-25JUN30-B94.5,between,94.5,94.0,95.0,0.99,0.0,1.0,0.0,1.0,11237.0,0.0,yes,1.0,95.0,finalized,KXHIGHAUS,94.6380208412806,1.37378,0.2827432140390136,0.99,-0.7072567859609864,1.0,NO,1.0000000000000009,0.7072567859609864,stop_loss,0.0,6.930000000000001,-1.0000000000000009,-7.9300000000000015,17.325000000000003,-19.825000000000003
2025-07-01,KXHIGHAUS,KXHIGHAUS-25JUL01,KXHIGHAUS-25JUL01-B95.5,between,95.5,95.0,96.0,0.01,0.0,1.0,0.0,1.0,24604.0,0.0,no,0.0,93.0,finalized,KXHIGHAUS,95.20338009198507,1.246123,0.3035027590234894,0.01,0.2935027590234894,0.0,YES,1.0,0.2935027590234894,stop_loss,0.0,6.930000000000001,-1.0,-7.930000000000001,17.325000000000003,-19.825000000000003
2025-07-01,KXHIGHAUS,KXHIGHAUS-25JUL01,KXHIGHAUS-25JUL01-B93.5,between,93.5,93.0,94.0,0.99,0.0,1.0,0.0,1.0,18290.0,0.0,yes,1.0,93.0,finalized,KXHIGHAUS,95.20338009198507,1.246123,0.12858261913193209,0.99,-0.8614173808680679,1.0,NO,1.0000000000000009,0.8614173808680679,stop_loss,0.0,6.930000000000001,-1.0000000000000009,-7.9300000000000015,17.325000000000003,-19.825000000000003
2025-07-02,KXHIGHAUS,KXHIGHAUS-25JUL02,KXHIGHAUS-25JUL02-B93.5,between,93.5,93.0,94.0,0.99,0.0,1.0,0.0,1.0,11451.0,0.0,yes,1.0,94.0,finalized,KXHIGHAUS,92.26415759722391,1.5218215,0.1873496661348245,0.99,-0.8026503338651755,1.0,NO,1.0000000000000009,0.8026503338651755,stop_loss,0.0,6.930000000000001,-1.0000000000000009,-7.9300000000000015,17.325000000000003,-19.825000000000003
2025-07-02,KXHIGHAUS,KXHIGHAUS-25JUL02,KXHIGHAUS-25JUL02-B91.5,between,91.5,91.0,92.0,0.01,0.0,1.0,0.0,1.0,9735.0,0.0,no,0.0,94.0,finalized,KXHIGHAUS,92.26415759722391,1.5218215,0.22802263415700352,0.01,0.21802263415700351,0.0,YES,1.0,0.21802263415700351,stop_loss,0.0,6.930000000000001,-1.0,-7.930000000000001,17.325000000000003,-19.825000000000003
2025-07-02,KXHIGHAUS,KXHIGHAUS-25JUL02,KXHIGHAUS-25JUL02-T91,less,91.0,,91.0,0.01,0.0,1.0,0.0,1.0,3428.0,0.0,no,0.0,94.0,finalized,KXHIGHAUS,92.26415759722391,1.5218215,0.20307518749141357,0.01,0.19307518749141356,0.0,YES,1.0,0.19307518749141356,stop_loss,0.0,6.930000000000001,-1.0,-7.930000000000001,17.325000000000003,-19.825000000000003
2025-07-03,KXHIGHAUS,KXHIGHAUS-25JUL03,KXHIGHAUS-25JUL03-T87,less,87.0,,87.0,0.01,0.0,1.0,0.0,1.0,46203.0,0.0,no,0.0,87.0,finalized,KXHIGHAUS,82.46362519065539,1.6680294,0.9967319652936033,0.01,0.9867319652936033,0.0,YES,1.0,0.9867319652936033,stop_loss,0.0,6.930000000000001,-1.0,-7.930000000000001,17.325000000000003,-19.825000000000003
2025-07-03,KXHIGHAUS,KXHIGHAUS-25JUL03,KXHIGHAUS-25JUL03-B87.5,between,87.5,87.0,88.0,0.99,0.0,1.0,0.0,1.0,6260.0,0.0,yes,1.0,87.0,finalized,KXHIGHAUS,82.46362519065539,1.6680294,0.0028165120670297084,0.99,-0.9871834879329703,1.0,NO,1.0000000000000009,0.9871834879329703,stop_loss,0.0,6.930000000000001,-1.0000000000000009,-7.9300000000000015,17.325000000000003,-19.825000000000003
2025-07-06,KXHIGHAUS,KXHIGHAUS-25JUL06,KXHIGHAUS-25JUL06-B91.5,between,91.5,91.0,92.0,0.99,0.0,1.0,0.0,1.0,41831.0,0.0,yes,1.0,91.0,finalized,KXHIGHAUS,90.36563215255738,1.8072996,0.17987875266510756,0.99,-0.8101212473348924,1.0,NO,1.0000000000000009,0.8101212473348924,stop_loss,0.0,6.930000000000001,-1.0000000000000009,-7.9300000000000015,17.325000000000003,-19.825000000000003
2025-07-06,KXHIGHAUS,KXHIGHAUS-25JUL06,KXHIGHAUS-25JUL06-B89.5,between,89.5,89.0,90.0,0.01,0.0,1.0,0.0,1.0,361293.0,0.0,no,0.0,91.0,finalized,KXHIGHAUS,90.36563215255738,1.8072996,0.19489929946231555,0.01,0.18489929946231554,0.0,YES,1.0,0.18489929946231554,stop_loss,0.0,6.930000000000001,-1.0,-7.930000000000001,17.325000000000003,-19.825000000000003
2025-07-07,KXHIGHAUS,KXHIGHAUS-25JUL07,KXHIGHAUS-25JUL07-B92.5,between,92.5,92.0,93.0,0.01,0.0,1.0,0.0,1.0,7061.0,0.0,no,0.0,91.0,finalized,KXHIGHAUS,91.07337137858072,1.3898678,0.1696374322216595,0.01,0.1596374322216595,0.0,YES,1.0,0.1596374322216595,stop_loss,0.0,6.930000000000001,-1.0,-7.930000000000001,17.325000000000003,-19.825000000000003
2025-07-07,KXHIGHAUS,KXHIGHAUS-25JUL07,KXHIGHAUS-25JUL07-B90.5,between,90.5,90.0,91.0,0.99,0.0,1.0,0.0,1.0,11085.0,0.0,yes,1.0,91.0,finalized,KXHIGHAUS,91.07337137858072,1.3898678,0.25897614975182975,0.99,-0.7310238502481703,1.0,NO,1.0000000000000009,0.7310238502481703,stop_loss,0.0,6.930000000000001,-1.0000000000000009,-7.9300000000000015,17.325000000000003,-19.825000000000003
2025-07-08,KXHIGHAUS,KXHIGHAUS-25JUL08,KXHIGHAUS-25JUL08-T94,greater,94.0,94.0,,0.01,0.0,1.0,0.0,1.0,11237.0,0.0,no,0.0,94.0,finalized,KXHIGHAUS,92.37130085627238,1.5416348,0.14537555125938312,0.01,0.1353755512593831,0.0,YES,1.0,0.1353755512593831,stop_loss,0.0,6.930000000000001,-1.0,-7.930000000000001,17.325000000000003,-19.825000000000003
2025-07-08,KXHIGHAUS,KXHIGHAUS-25JUL08,KXHIGHAUS-25JUL08-B93.5,between,93.5,93.0,94.0,0.99,0.0,1.0,0.0,1.0,5259.0,0.0,yes,1.0,94.0,finalized,KXHIGHAUS,92.37130085627238,1.5416348,0.19632983027704543,0.99,-0.7936701697229546,1.0,NO,1.0000000000000009,0.7936701697229546,stop_loss,0.0,6.930000000000001,-1.0000000000000009,-7.9300000000000015,17.325000000000003,-19.825000000000003
2025-07-08,KXHIGHAUS,KXHIGHAUS-25JUL08,KXHIGHAUS-25JUL08-B91.5,between,91.5,91.0,92.0,0.01,0.0,1.0,0.0,1.0,11987.0,0.0,no,0.0,94.0,finalized,KXHIGHAUS,92.37130085627238,1.5416348,0.2179718602273688,0.01,0.2079718602273688,0.0,YES,1.0,0.2079718602273688,stop_loss,0.0,6.930000000000001,-1.0,-7.930000000000001,17.325000000000003,-19.825000000000003
2025-07-09,KXHIGHAUS,KXHIGHAUS-25JUL09,KXHIGHAUS-25JUL09-B90.5,between,90.5,90.0,91.0,0.99,0.0,1.0,0.0,1.0,6961.0,0.0,yes,1.0,91.0,finalized,KXHIGHAUS,86.55730903943379,1.9141878,0.025902522391009764,0.99,-0.9640974776089902,1.0,NO,1.0000000000000009,0.9640974776089902,stop_loss,0.0,6.930000000000001,-1.0000000000000009,-7.9300000000000015,17.325000000000003,-19.825000000000003
2025-07-09,KXHIGHAUS,KXHIGHAUS-25JUL09,KXHIGHAUS-25JUL09-B88.5,between,88.5,88.0,89.0,0.01,0.0,1.0,0.0,1.0,5849.0,0.0,no,0.0,91.0,finalized,KXHIGHAUS,86.55730903943379,1.9141878,0.12455930796884784,0.01,0.11455930796884785,0.0,YES,1.0,0.11455930796884785,stop_loss,0.0,6.930000000000001,-1.0,-7.930000000000001,17.325000000000003,-19.825000000000003
2025-07-09,KXHIGHAUS,KXHIGHAUS-25JUL09,KXHIGHAUS-25JUL09-T88,less,88.0,,88.0,0.01,0.0,1.0,0.0,1.0,2000.0,0.0,no,0.0,91.0,finalized,KXHIGHAUS,86.55730903943379,1.9141878,0.7744802298220705,0.01,0.7644802298220705,0.0,YES,1.0,0.7644802298220705,stop_loss,0.0,6.930000000000001,-1.0,-7.930000000000001,17.325000000000003,-19.825000000000003
2025-07-10,KXHIGHAUS,KXHIGHAUS-25JUL10,KXHIGHAUS-25JUL10-B95.5,between,95.5,95.0,96.0,0.01,0.0,1.0,0.0,1.0,4864.0,0.0,no,0.0,93.0,finalized,KXHIGHAUS,94.5265695254008,1.682506,0.1986210182567988,0.01,0.18862101825679878,0.0,YES,1.0,0.18862101825679878,stop_loss,0.0,6.930000000000001,-1.0,-7.930000000000001,17.325000000000003,-19.825000000000003
2025-07-10,KXHIGHAUS,KXHIGHAUS-25JUL10,KXHIGHAUS-25JUL10-B93.5,between,93.5,93.0,94.0,0.99,0.0,1.0,0.0,1.0,7625.0,0.0,yes,1.0,93.0,finalized,KXHIGHAUS,94.5265695254008,1.682506,0.19503363196589124,0.99,-0.7949663680341088,1.0,NO,1.0000000000000009,0.7949663680341088,stop_loss,0.0,6.930000000000001,-1.0000000000000009,-7.9300000000000015,17.325000000000003,-19.825000000000003
2025-07-11,KXHIGHAUS,KXHIGHAUS-25JUL11,KXHIGHAUS-25JUL11-B92.5,between,92.5,92.0,93.0,0.99,0.0,1.0,0.0,1.0,8351.0,0.0,yes,1.0,93.0,finalized,KXHIGHAUS,91.94754393895467,1.2428058,0.2846240134341914,0.99,-0.7053759865658086,1.0,NO,1.0000000000000009,0.7053759865658086,stop_loss,0.0,6.930000000000001,-1.0000000000000009,-7.9300000000000015,17.325000000000003,-19.825000000000003
2025-07-11,KXHIGHAUS,KXHIGHAUS-25JUL11,KXHIGHAUS-25JUL11-B90.5,between,90.5,90.0,91.0,0.01,0.0,1.0,0.0,1.0,12878.0,0.0,no,0.0,93.0,finalized,KXHIGHAUS,91.94754393895467,1.2428058,0.16435272005890872,0.01,0.1543527200589087,0.0,YES,1.0,0.1543527200589087,stop_loss,0.0,6.930000000000001,-1.0,-7.930000000000001,17.325000000000003,-19.825000000000003
2025-07-12,KXHIGHAUS,KXHIGHAUS-25JUL12,KXHIGHAUS-25JUL12-B92.5,between,92.5,92.0,93.0,0.99,0.0,1.0,0.0,1.0,14938.0,0.0,yes,1.0,93.0,finalized,KXHIGHAUS,92.50443013509114,1.306284,0.2981044799589567,0.99,-0.6918955200410433,1.0,NO,1.0000000000000009,0.6918955200410433,stop_loss,0.0,6.930000000000001,-1.0000000000000009,-7.9300000000000015,17.325000000000003,-19.825000000000003
2025-07-13,KXHIGHAUS,KXHIGHAUS-25JUL13,KXHIGHAUS-25JUL13-T87,less,87.0,,87.0,0.99,0.0,1.0,0.0,1.0,20527.0,0.0,yes,1.0,86.0,finalized,KXHIGHAUS,85.25323618253073,1.6221493,0.8592197874532805,0.99,-0.13078021254671945,1.0,NO,1.0000000000000009,0.13078021254671945,stop_loss,0.0,6.930000000000001,-1.0000000000000009,-7.9300000000000015,17.325000000000003,-19.825000000000003
2025-07-14,KXHIGHAUS,KXHIGHAUS-25JUL14,KXHIGHAUS-25JUL14-T94,greater,94.0,94.0,,0.01,0.0,1.0,0.0,1.0,5422.0,0.0,no,0.0,93.0,finalized,KXHIGHAUS,94.17336568832398,1.3968419,0.5493869419644736,0.01,0.5393869419644736,0.0,YES,1.0,0.5393869419644736,stop_loss,0.0,6.930000000000001,-1.0,-7.930000000000001,17.325000000000003,-19.825000000000003
2025-07-14,KXHIGHAUS,KXHIGHAUS-25JUL14,KXHIGHAUS-25JUL14-B93.5,between,93.5,93.0,94.0,0.99,0.0,1.0,0.0,1.0,7497.0,0.0,yes,1.0,93.0,finalized,KXHIGHAUS,94.17336568832398,1.3968419,0.2501625788874658,0.99,-0.7398374211125343,1.0,NO,1.0000000000000009,0.7398374211125343,stop_loss,0.0,6.930000000000001,-1.0000000000000009,-7.9300000000000015,17.325000000000003,-19.825000000000003
2025-07-15,KXHIGHAUS,KXHIGHAUS-25JUL15,KXHIGHAUS-25JUL15-B94.5,between,94.5,94.0,95.0,0.01,0.0,1.0,0.0,1.0,14150.0,0.0,no,0.0,93.0,finalized,KXHIGHAUS,93.58565047581992,1.4817011,0.21997107152061934,0.01,0.20997107152061933,0.0,YES,1.0,0.20997107152061933,stop_loss,0.0,6.930000000000001,-1.0,-7.930000000000001,17.325000000000003,-19.825000000000003
2025-07-15,KXHIGHAUS,KXHIGHAUS-25JUL15,KXHIGHAUS-25JUL15-B92.5,between,92.5,92.0,93.0,0.99,0.0,1.0,0.0,1.0,15395.0,0.0,yes,1.0,93.0,finalized,KXHIGHAUS,93.58565047581992,1.4817011,0.20405249803875058,0.99,-0.7859475019612494,1.0,NO,1.0000000000000009,0.7859475019612494,stop_loss,0.0,6.930000000000001,-1.0000000000000009,-7.9300000000000015,17.325000000000003,-19.825000000000003
2025-07-16,KXHIGHAUS,KXHIGHAUS-25JUL16,KXHIGHAUS-25JUL16-B95.5,between,95.5,95.0,96.0,0.99,0.0,1.0,0.0,1.0,5837.0,0.0,yes,1.0,95.0,finalized,KXHIGHAUS,95.33011118570965,1.4613512,0.26602705356135975,0.99,-0.7239729464386402,1.0,NO,1.0000000000000009,0.7239729464386402,stop_loss,0.0,6.930000000000001,-1.0000000000000009,-7.9300000000000015,17.325000000000003,-19.825000000000003
2025-07-16,KXHIGHAUS,KXHIGHAUS-25JUL16,KXHIGHAUS-25JUL16-B93.5,between,93.5,93.0,94.0,0.01,0.0,1.0,0.0,1.0,10737.0,0.0,no,0.0,95.0,finalized,KXHIGHAUS,95.33011118570965,1.4613512,0.12594738238237246,0.01,0.11594738238237247,0.0,YES,1.0,0.11594738238237247,stop_loss,0.0,6.930000000000001,-1.0,-7.930000000000001,17.325000000000003,-19.825000000000003
2025-07-17,KXHIGHAUS,KXHIGHAUS-25JUL17,KXHIGHAUS-25JUL17-B94.5,between,94.5,94.0,95.0,0.99,0.0,1.0,0.0,1.0,16540.0,0.0,yes,1.0,95.0,finalized,KXHIGHAUS,94.46180693705877,1.379893,0.2828035358862683,0.99,-0.7071964641137317,1.0,NO,1.0000000000000009,0.7071964641137317,stop_loss,0.0,6.930000000000001,-1.0000000000000009,-7.9300000000000015,17.325000000000003,-19.825000000000003
2025-07-18,KXHIGHAUS,KXHIGHAUS-25JUL18,KXHIGHAUS-25JUL18-T97,greater,97.0,97.0,,0.01,0.0,1.0,0.0,1.0,3975.0,0.0,no,0.0,95.0,finalized,KXHIGHAUS,95.9196828842163,1.1973821,0.183466669818035,0.01,0.173466669818035,0.0,YES,1.0,0.173466669818035,stop_loss,0.0,6.930000000000001,-1.0,-7.930000000000001,17.325000000000003,-19.825000000000003
2025-07-18,KXHIGHAUS,KXHIGHAUS-25JUL18,KXHIGHAUS-25JUL18-B96.5,between,96.5,96.0,97.0,0.01,0.0,1.0,0.0,1.0,6997.0,0.0,no,0.0,95.0,finalized,KXHIGHAUS,95.9196828842163,1.1973821,0.2897934267411285,0.01,0.2797934267411285,0.0,YES,1.0,0.2797934267411285,stop_loss,0.0,6.930000000000001,-1.0,-7.930000000000001,17.325000000000003,-19.825000000000003
2025-07-18,KXHIGHAUS,KXHIGHAUS-25JUL18,KXHIGHAUS-25JUL18-B94.5,between,94.5,94.0,95.0,0.99,0.0,1.0,0.0,1.0,8993.0,0.0,yes,1.0,95.0,finalized,KXHIGHAUS,95.9196828842163,1.1973821,0.16677883856528042,0.99,-0.8232211614347196,1.0,NO,1.0000000000000009,0.8232211614347196,stop_loss,0.0,6.930000000000001,-1.0000000000000009,-7.9300000000000015,17.325000000000003,-19.825000000000003
2025-07-19,KXHIGHAUS,KXHIGHAUS-25JUL19,KXHIGHAUS-25JUL19-T91,less,91.0,,91.0,0.01,0.0,1.0,0.0,1.0,863.0,0.0,no,0.0,94.0,finalized,KXHIGHAUS,92.20666913986206,1.7084363,0.2400006846288646,0.01,0.23000068462886458,0.0,YES,1.0,0.23000068462886458,stop_loss,0.0,6.930000000000001,-1.0,-7.930000000000001,17.325000000000003,-19.825000000000003
2025-07-19,KXHIGHAUS,KXHIGHAUS-25JUL19,KXHIGHAUS-25JUL19-B93.5,between,93.5,93.0,94.0,0.99,0.0,1.0,0.0,1.0,13206.0,0.0,yes,1.0,94.0,finalized,KXHIGHAUS,92.20666913986206,1.7084363,0.1742646207804457,0.99,-0.8157353792195543,1.0,NO,1.0000000000000009,0.8157353792195543,stop_loss,0.0,6.930000000000001,-1.0000000000000009,-7.9300000000000015,17.325000000000003,-19.825000000000003
2025-07-19,KXHIGHAUS,KXHIGHAUS-25JUL19,KXHIGHAUS-25JUL19-B91.5,between,91.5,91.0,92.0,0.01,0.0,1.0,0.0,1.0,3520.0,0.0,no,0.0,94.0,finalized,KXHIGHAUS,92.20666913986206,1.7084363,0.21185680515533484,0.01,0.20185680515533483,0.0,YES,1.0,0.20185680515533483,stop_loss,0.0,6.930000000000001,-1.0,-7.930000000000001,17.325000000000003,-19.825000000000003
2025-07-20,KXHIGHAUS,KXHIGHAUS-25JUL20,KXHIGHAUS-25JUL20-T92,less,92.0,,92.0,0.01,0.0,1.0,0.0,1.0,13089.0,0.0,no,0.0,92.0,finalized,KXHIGHAUS,88.4547000169754,1.8195992,0.9743162099777521,0.01,0.9643162099777521,0.0,YES,1.0,0.9643162099777521,stop_loss,0.0,6.930000000000001,-1.0,-7.930000000000001,17.325000000000003,-19.825000000000003
2025-07-20,KXHIGHAUS,KXHIGHAUS-25JUL20,KXHIGHAUS-25JUL20-B92.5,between,92.5,92.0,93.0,0.99,0.0,1.0,0.0,1.0,14529.0,0.0,yes,1.0,92.0,finalized,KXHIGHAUS,88.4547000169754,1.8195992,0.01943841203692298,0.99,-0.970561587963077,1.0,NO,1.0000000000000009,0.970561587963077,stop_loss,0.0,6.930000000000001,-1.0000000000000009,-7.9300000000000015,17.325000000000003,-19.825000000000003
2025-07-21,KXHIGHAUS,KXHIGHAUS-25JUL21,KXHIGHAUS-25JUL21-T93,less,93.0,,93.0,0.01,0.0,1.0,0.0,1.0,5053.0,0.0,no,0.0,93.0,finalized,KXHIGHAUS,92.68623038927713,1.769871,0.5703572968998943,0.01,0.5603572968998943,0.0,YES,1.0,0.5603572968998943,stop_loss,0.0,6.930000000000001,-1.0,-7.930000000000001,17.325000000000003,-19.825000000000003
2025-07-21,KXHIGHAUS,KXHIGHAUS-25JUL21,KXHIGHAUS-25JUL21-B93.5,between,93.5,93.0,94.0,0.99,0.0,1.0,0.0,1.0,14954.0,0.0,yes,1.0,93.0,finalized,KXHIGHAUS,92.68623038927713,1.769871,0.20068894374751656,0.99,-0.7893110562524834,1.0,NO,1.0000000000000009,0.7893110562524834,stop_loss,0.0,6.930000000000001,-1.0000000000000009,-7.9300000000000015,17.325000000000003,-19.825000000000003
2025-07-22,KXHIGHAUS,KXHIGHAUS-25JUL22,KXHIGHAUS-25JUL22-B98.5,between,98.5,98.0,99.0,0.01,0.0,1.0,0.0,1.0,9386.0,0.0,no,0.0,97.0,finalized,KXHIGHAUS,96.60822235743204,1.4159312,0.11722664183026199,0.01,0.107226641830262,0.0,YES,1.0,0.107226641830262,stop_loss,0.0,6.930000000000001,-1.0,-7.930000000000001,17.325000000000003,-19.825000000000003
2025-07-22,KXHIGHAUS,KXHIGHAUS-25JUL22,KXHIGHAUS-25JUL22-B96.5,between,96.5,96.0,97.0,0.99,0.0,1.0,0.0,1.0,9619.0,0.0,yes,1.0,97.0,finalized,KXHIGHAUS,96.60822235743204,1.4159312,0.27523273974923856,0.99,-0.7147672602507614,1.0,NO,1.0000000000000009,0.7147672602507614,stop_loss,0.0,6.930000000000001,-1.0000000000000009,-7.9300000000000015,17.325000000000003,-19.825000000000003
2025-07-23,KXHIGHAUS,KXHIGHAUS-25JUL23,KXHIGHAUS-25JUL23-B97.5,between,97.5,97.0,98.0,0.99,0.0,1.0,0.0,1.0,20324.0,0.0,yes,1.0,98.0,finalized,KXHIGHAUS,96.97551578680674,1.4378316,0.25513558603571107,0.99,-0.7348644139642889,1.0,NO,1.0000000000000009,0.7348644139642889,stop_loss,0.0,6.930000000000001,-1.0000000000000009,-7.9300000000000015,17.325000000000003,-19.825000000000003
2025-07-23,KXHIGHAUS,KXHIGHAUS-25JUL23,KXHIGHAUS-25JUL23-B95.5,between,95.5,95.0,96.0,0.01,0.0,1.0,0.0,1.0,5263.0,0.0,no,0.0,98.0,finalized,KXHIGHAUS,96.97551578680674,1.4378316,0.16401119325080277,0.01,0.15401119325080276,0.0,YES,1.0,0.15401119325080276,stop_loss,0.0,6.930000000000001,-1.0,-7.930000000000001,17.325000000000003,-19.825000000000003
2025-07-24,KXHIGHAUS,KXHIGHAUS-25JUL24,KXHIGHAUS-25JUL24-B99.5,between,99.5,99.0,100.0,0.99,0.0,1.0,0.0,1.0,10994.0,0.0,yes,1.0,99.0,finalized,KXHIGHAUS,98.89538536469142,1.2527785,0.2777636308549525,0.99,-0.7122363691450475,1.0,NO,1.0000000000000009,0.7122363691450475,stop_loss,0.0,6.930000000000001,-1.0000000000000009,-7.9300000000000015,17.325000000000003,-19.825000000000003
2025-07-24,KXHIGHAUS,KXHIGHAUS-25JUL24,KXHIGHAUS-25JUL24-B97.5,between,97.5,97.0,98.0,0.01,0.0,1.0,0.0,1.0,11544.0,0.0,no,0.0,99.0,finalized,KXHIGHAUS,98.89538536469142,1.2527785,0.17224438394267477,0.01,0.16224438394267476,0.0,YES,1.0,0.16224438394267476,stop_loss,0.0,6.930000000000001,-1.0,-7.930000000000001,17.325000000000003,-19.825000000000003
2025-07-26,KXHIGHAUS,KXHIGHAUS-25JUL26,KXHIGHAUS-25JUL26-T93,greater,93.0,93.0,,0.99,0.0,1.0,0.0,1.0,15870.0,0.0,yes,1.0,94.0,finalized,KXHIGHAUS,93.32077714602154,1.3668154,0.5927751060376318,0.99,-0.39722489396236815,1.0,NO,1.0000000000000009,0.39722489396236815,stop_loss,0.0,6.930000000000001,-1.0000000000000009,-7.9300000000000015,17.325000000000003,-19.825000000000003
2025-07-26,KXHIGHAUS,KXHIGHAUS-25JUL26,KXHIGHAUS-25JUL26-B92.5,between,92.5,92.0,93.0,0.01,0.0,1.0,0.0,1.0,7898.0,0.0,no,0.0,94.0,finalized,KXHIGHAUS,93.32077714602154,1.3668154,0.24028212912555796,0.01,0.23028212912555795,0.0,YES,1.0,0.23028212912555795,stop_loss,0.0,6.930000000000001,-1.0,-7.930000000000001,17.325000000000003,-19.825000000000003
2025-07-27,KXHIGHAUS,KXHIGHAUS-25JUL27,KXHIGHAUS-25JUL27-B96.5,between,96.5,96.0,97.0,0.99,0.0,1.0,0.0,1.0,5942.0,0.0,yes,1.0,97.0,finalized,KXHIGHAUS,93.82100527286529,1.5907893,0.06254342034732707,0.99,-0.9274565796526729,1.0,NO,1.0000000000000009,0.9274565796526729,stop_loss,0.0,6.930000000000001,-1.0000000000000009,-7.9300000000000015,17.325000000000003,-19.825000000000003
2025-07-27,KXHIGHAUS,KXHIGHAUS-25JUL27,KXHIGHAUS-25JUL27-B94.5,between,94.5,94.0,95.0,0.01,0.0,1.0,0.0,1.0,11628.0,0.0,no,0.0,97.0,finalized,KXHIGHAUS,93.82100527286529,1.5907893,0.2259009515645527,0.01,0.2159009515645527,0.0,YES,1.0,0.2159009515645527,stop_loss,0.0,6.930000000000001,-1.0,-7.930000000000001,17.325000000000003,-19.825000000000003
2025-07-27,KXHIGHAUS,KXHIGHAUS-25JUL27,KXHIGHAUS-25JUL27-B92.5,between,92.5,92.0,93.0,0.01,0.0,1.0,0.0,1.0,4806.0,0.0,no,0.0,97.0,finalized,KXHIGHAUS,93.82100527286529,1.5907893,0.17672954170105465,0.01,0.16672954170105464,0.0,YES,1.0,0.16672954170105464,stop_loss,0.0,6.930000000000001,-1.0,-7.930000000000001,17.325000000000003,-19.825000000000003
2025-07-28,KXHIGHAUS,KXHIGHAUS-25JUL28,KXHIGHAUS-25JUL28-B97.5,between,97.5,97.0,98.0,0.99,0.0,1.0,0.0,1.0,19505.0,0.0,yes,1.0,97.0,finalized,KXHIGHAUS,96.13169282277426,1.4241366,0.17624866923139915,0.99,-0.8137513307686008,1.0,NO,1.0000000000000009,0.8137513307686008,stop_loss,0.0,6.930000000000001,-1.0000000000000009,-7.9300000000000015,17.325000000000003,-19.825000000000003
2025-07-28,KXHIGHAUS,KXHIGHAUS-25JUL28,KXHIGHAUS-25JUL28-B95.5,between,95.5,95.0,96.0,0.01,0.0,1.0,0.0,1.0,29900.0,0.0,no,0.0,97.0,finalized,KXHIGHAUS,96.13169282277426,1.4241366,0.24975347923059354,0.01,0.23975347923059354,0.0,YES,1.0,0.23975347923059354,stop_loss,0.0,6.930000000000001,-1.0,-7.930000000000001,17.325000000000003,-19.825000000000003
2025-07-29,KXHIGHAUS,KXHIGHAUS-25JUL29,KXHIGHAUS-25JUL29-B98.5,between,98.5,98.0,99.0,0.01,0.0,1.0,0.0,1.0,17899.0,0.0,no,0.0,100.0,finalized,KXHIGHAUS,99.46539352734884,1.1546264,0.2412550469127201,0.01,0.23125504691272009,0.0,YES,1.0,0.23125504691272009,stop_loss,0.0,6.930000000000001,-1.0,-7.930000000000001,17.325000000000003,-19.825000000000003
2025-07-29,KXHIGHAUS,KXHIGHAUS-25JUL29,KXHIGHAUS-25JUL29-B100.5,between,100.5,100.0,101.0,0.99,0.0,1.0,0.0,1.0,11980.0,0.0,yes,1.0,100.0,finalized,KXHIGHAUS,99.46539352734884,1.1546264,0.22976914186246156,0.99,-0.7602308581375384,1.0,NO,1.0000000000000009,0.7602308581375384,stop_loss,0.0,6.930000000000001,-1.0000000000000009,-7.9300000000000015,17.325000000000003,-19.825000000000003
2025-07-30,KXHIGHAUS,KXHIGHAUS-25JUL30,KXHIGHAUS-25JUL30-B99.5,between,99.5,99.0,100.0,0.99,0.0,1.0,0.0,1.0,17686.0,0.0,yes,1.0,100.0,finalized,KXHIGHAUS,100.8157356739044,1.1554462,0.1820584809196792,0.99,-0.8079415190803207,1.0,NO,1.0000000000000009,0.8079415190803207,stop_loss,0.0,6.930000000000001,-1.0000000000000009,-7.9300000000000015,17.325000000000003,-19.825000000000003
2025-07-30,KXHIGHAUS,KXHIGHAUS-25JUL30,KXHIGHAUS-25JUL30-B101.5,between,101.5,101.0,102.0,0.01,0.0,1.0,0.0,1.0,13827.0,0.0,no,0.0,100.0,finalized,KXHIGHAUS,100.8157356739044,1.1554462,0.2839520021125015,0.01,0.2739520021125015,0.0,YES,1.0,0.2739520021125015,stop_loss,0.0,6.930000000000001,-1.0,-7.930000000000001,17.325000000000003,-19.825000000000003
2025-07-31,KXHIGHAUS,KXHIGHAUS-25JUL31,KXHIGHAUS-25JUL31-B103.5,between,103.5,103.0,104.0,0.01,0.0,1.0,0.0,1.0,11283.0,0.0,no,0.0,101.0,finalized,KXHIGHAUS,101.64190413157144,1.3012605,0.11333686430645717,0.01,0.10333686430645718,0.0,YES,1.0,0.10333686430645718,stop_loss,0.0,6.930000000000001,-1.0,-7.930000000000001,17.325000000000003,-19.825000000000003
2025-07-31,KXHIGHAUS,KXHIGHAUS-25JUL31,KXHIGHAUS-25JUL31-B101.5,between,101.5,101.0,102.0,0.99,0.0,1.0,0.0,1.0,18900.0,0.0,yes,1.0,101.0,finalized,KXHIGHAUS,101.64190413157144,1.3012605,0.29751306222841845,0.99,-0.6924869377715815,1.0,NO,1.0000000000000009,0.6924869377715815,stop_loss,0.0,6.930000000000001,-1.0000000000000009,-7.9300000000000015,17.325000000000003,-19.825000000000003
2025-08-01,KXHIGHAUS,KXHIGHAUS-25AUG01,KXHIGHAUS-25AUG01-B98.5,between,98.5,98.0,99.0,0.01,0.0,1.0,0.0,1.0,13397.0,0.0,no,0.0,102.0,finalized,KXHIGHAUS,100.29746731122334,1.2983752,0.12041879095019431,0.01,0.11041879095019431,0.0,YES,1.0,0.11041879095019431,stop_loss,0.0,6.930000000000001,-1.0,-7.930000000000001,17.325000000000003,-19.825000000000003
2025-08-01,KXHIGHAUS,KXHIGHAUS-25AUG01,KXHIGHAUS-25AUG01-B102.5,between,102.5,102.0,103.0,0.99,0.0,1.0,0.0,1.0,12114.0,0.0,yes,1.0,102.0,finalized,KXHIGHAUS,100.29746731122334,1.2983752,0.0761863681592776,0.99,-0.9138136318407224,1.0,NO,1.0000000000000009,0.9138136318407224,stop_loss,0.0,6.930000000000001,-1.0000000000000009,-7.9300000000000015,17.325000000000003,-19.825000000000003
2025-08-01,KXHIGHAUS,KXHIGHAUS-25AUG01,KXHIGHAUS-25AUG01-B100.5,between,100.5,100.0,101.0,0.01,0.0,1.0,0.0,1.0,25459.0,0.0,no,0.0,102.0,finalized,KXHIGHAUS,100.29746731122334,1.2983752,0.29638311041518817,0.01,0.28638311041518816,0.0,YES,1.0,0.28638311041518816,stop_loss,0.0,6.930000000000001,-1.0,-7.930000000000001,17.325000000000003,-19.825000000000003
2025-08-02,KXHIGHAUS,KXHIGHAUS-25AUG02,KXHIGHAUS-25AUG02-B99.5,between,99.5,99.0,100.0,0.99,0.0,1.0,0.0,1.0,7463.0,0.0,yes,1.0,100.0,finalized,KXHIGHAUS,97.12711048126222,1.5107213,0.07892995068258124,0.99,-0.9110700493174188,1.0,NO,1.0000000000000009,0.9110700493174188,stop_loss,0.0,6.930000000000001,-1.0000000000000009,-7.9300000000000015,17.325000000000003,-19.825000000000003
2025-08-02,KXHIGHAUS,KXHIGHAUS-25AUG02,KXHIGHAUS-25AUG02-B97.5,between,97.5,97.0,98.0,0.01,0.0,1.0,0.0,1.0,10332.0,0.0,no,0.0,100.0,finalized,KXHIGHAUS,97.12711048126222,1.5107213,0.25182626118680534,0.01,0.24182626118680534,0.0,YES,1.0,0.24182626118680534,stop_loss,0.0,6.930000000000001,-1.0,-7.930000000000001,17.325000000000003,-19.825000000000003
2025-08-02,KXHIGHAUS,KXHIGHAUS-25AUG02,KXHIGHAUS-25AUG02-B95.5,between,95.5,95.0,96.0,0.01,0.0,1.0,0.0,1.0,9049.0,0.0,no,0.0,100.0,finalized,KXHIGHAUS,97.12711048126222,1.5107213,0.14824716225326928,0.01,0.13824716225326927,0.0,YES,1.0,0.13824716225326927,stop_loss,0.0,6.930000000000001,-1.0,-7.930000000000001,17.325000000000003,-19.825000000000003
2025-08-03,KXHIGHAUS,KXHIGHAUS-25AUG03,KXHIGHAUS-25AUG03-T96,less,96.0,,96.0,0.01,0.0,1.0,0.0,1.0,3411.0,0.0,no,0.0,99.0,finalized,KXHIGHAUS,97.56612065633136,1.3087257,0.11571643207892457,0.01,0.10571643207892457,0.0,YES,1.0,0.10571643207892457,stop_loss,0.0,6.930000000000001,-1.0,-7.930000000000001,17.325000000000003,-19.825000000000003
2025-08-03,KXHIGHAUS,KXHIGHAUS-25AUG03,KXHIGHAUS-25AUG03-B98.5,between,98.5,98.0,99.0,0.99,0.0,1.0,0.0,1.0,15517.0,0.0,yes,1.0,99.0,finalized,KXHIGHAUS,97.56612065633136,1.3087257,0.23350247916131606,0.99,-0.7564975208386839,1.0,NO,1.0000000000000009,0.7564975208386839,stop_loss,0.0,6.930000000000001,-1.0000000000000009,-7.9300000000000015,17.325000000000003,-19.825000000000003
2025-08-03,KXHIGHAUS,KXHIGHAUS-25AUG03,KXHIGHAUS-25AUG03-B96.5,between,96.5,96.0,97.0,0.01,0.0,1.0,0.0,1.0,23857.0,0.0,no,0.0,99.0,finalized,KXHIGHAUS,97.56612065633136,1.3087257,0.2169457255790248,0.01,0.2069457255790248,0.0,YES,1.0,0.2069457255790248,stop_loss,0.0,6.930000000000001,-1.0,-7.930000000000001,17.325000000000003,-19.825000000000003
2025-08-04,KXHIGHAUS,KXHIGHAUS-25AUG04,KXHIGHAUS-25AUG04-T91,less,91.0,,91.0,0.01,0.0,1.0,0.0,1.0,74991.0,0.0,no,0.0,92.0,finalized,KXHIGHAUS,89.79728158315022,1.6400027,0.7683316739839702,0.01,0.7583316739839702,0.0,YES,1.0,0.7583316739839702,stop_loss,0.0,6.930000000000001,-1.0,-7.930000000000001,17.325000000000003,-19.825000000000003
2025-08-04,KXHIGHAUS,KXHIGHAUS-25AUG04,KXHIGHAUS-25AUG04-B91.5,between,91.5,91.0,92.0,0.99,0.0,1.0,0.0,1.0,15025.0,0.0,yes,1.0,92.0,finalized,KXHIGHAUS,89.79728158315022,1.6400027,0.14205156378610695,0.99,-0.847948436213893,1.0,NO,1.0000000000000009,0.847948436213893,stop_loss,0.0,6.930000000000001,-1.0000000000000009,-7.9300000000000015,17.325000000000003,-19.825000000000003
2025-08-05,KXHIGHAUS,KXHIGHAUS-25AUG05,KXHIGHAUS-25AUG05-B96.5,between,96.5,96.0,97.0,0.99,0.0,1.0,0.0,1.0,17017.0,0.0,yes,1.0,96.0,finalized,KXHIGHAUS,95.8032982667287,1.5579233,0.22856119167911815,0.99,-0.7614388083208818,1.0,NO,1.0000000000000009,0.7614388083208818,stop_loss,0.0,6.930000000000001,-1.0000000000000009,-7.9300000000000015,17.325000000000003,-19.825000000000003
2025-08-05,KXHIGHAUS,KXHIGHAUS-25AUG05,KXHIGHAUS-25AUG05-B94.5,between,94.5,94.0,95.0,0.01,0.0,1.0,0.0,1.0,20856.0,0.0,no,0.0,96.0,finalized,KXHIGHAUS,95.8032982667287,1.5579233,0.17952570159500936,0.01,0.16952570159500935,0.0,YES,1.0,0.16952570159500935,stop_loss,0.0,6.930000000000001,-1.0,-7.930000000000001,17.325000000000003,-19.825000000000003
2025-08-06,KXHIGHAUS,KXHIGHAUS-25AUG06,KXHIGHAUS-25AUG06-T100,greater,100.0,100.0,,0.03,0.0,1.0,0.0,1.0,6741.0,0.0,no,0.0,100.0,finalized,KXHIGHAUS,98.80243994394938,1.1376069,0.1462389892854697,0.03,0.11623898928546969,0.0,YES,3.0,0.11623898928546969,stop_loss,0.0,6.790000000000001,-3.0,-9.790000000000001,16.975,-24.475000000000005
2025-08-06,KXHIGHAUS,KXHIGHAUS-25AUG06,KXHIGHAUS-25AUG06-B99.5,between,99.5,99.0,100.0,0.99,0.0,1.0,0.0,1.0,15728.0,0.0,yes,1.0,100.0,finalized,KXHIGHAUS,98.80243994394938,1.1376069,0.28482622600993024,0.99,-0.7051737739900698,1.0,NO,1.0000000000000009,0.7051737739900698,stop_loss,0.0,6.930000000000001,-1.0000000000000009,-7.9300000000000015,17.325000000000003,-19.825000000000003
2025-08-06,KXHIGHAUS,KXHIGHAUS-25AUG06,KXHIGHAUS-25AUG06-B97.5,between,97.5,97.0,98.0,0.01,0.0,1.0,0.0,1.0,18434.0,0.0,no,0.0,100.0,finalized,KXHIGHAUS,98.80243994394938,1.1376069,0.1837385125417894,0.01,0.1737385125417894,0.0,YES,1.0,0.1737385125417894,stop_loss,0.0,6.930000000000001,-1.0,-7.930000000000001,17.325000000000003,-19.825000000000003
2025-08-07,KXHIGHAUS,KXHIGHAUS-25AUG07,KXHIGHAUS-25AUG07-B99.5,between,99.5,99.0,100.0,0.99,0.0,1.0,0.0,1.0,11100.0,0.0,yes,1.0,100.0,finalized,KXHIGHAUS,99.18101398150127,1.3711518,0.2773599117788643,0.99,-0.7126400882211357,1.0,NO,1.0000000000000009,0.7126400882211357,stop_loss,0.0,6.930000000000001,-1.0000000000000009,-7.9300000000000015,17.325000000000003,-19.825000000000003
2025-08-07,KXHIGHAUS,KXHIGHAUS-25AUG07,KXHIGHAUS-25AUG07-B97.5,between,97.5,97.0,98.0,0.01,0.0,1.0,0.0,1.0,20087.0,0.0,no,0.0,100.0,finalized,KXHIGHAUS,99.18101398150127,1.3711518,0.13868330750250907,0.01,0.12868330750250906,0.0,YES,1.0,0.12868330750250906,stop_loss,0.0,6.930000000000001,-1.0,-7.930000000000001,17.325000000000003,-19.825000000000003
2025-08-08,KXHIGHAUS,KXHIGHAUS-25AUG08,KXHIGHAUS-25AUG08-B98.5,between,98.5,98.0,99.0,0.01,0.0,1.0,0.0,1.0,6895.0,0.0,no,0.0,101.0,finalized,KXHIGHAUS,100.21292253335317,1.2566174,0.12809736586041157,0.01,0.11809736586041157,0.0,YES,1.0,0.11809736586041157,stop_loss,0.0,6.930000000000001,-1.0,-7.930000000000001,17.325000000000003,-19.825000000000003
2025-08-08,KXHIGHAUS,KXHIGHAUS-25AUG08,KXHIGHAUS-25AUG08-B100.5,between,100.5,100.0,101.0,0.99,0.0,1.0,0.0,1.0,10870.0,0.0,yes,1.0,101.0,finalized,KXHIGHAUS,100.21292253335317,1.2566174,0.30173115157262054,0.99,-0.6882688484273795,1.0,NO,1.0000000000000009,0.6882688484273795,stop_loss,0.0,6.930000000000001,-1.0000000000000009,-7.9300000000000015,17.325000000000003,-19.825000000000003
2025-08-09,KXHIGHAUS,KXHIGHAUS-25AUG09,KXHIGHAUS-25AUG09-B98.5,between,98.5,98.0,99.0,0.99,0.0,1.0,0.0,1.0,17798.0,0.0,yes,1.0,99.0,finalized,KXHIGHAUS,99.44993629455566,1.1601564,0.24338262079847772,0.99,-0.7466173792015223,1.0,NO,1.0000000000000009,0.7466173792015223,stop_loss,0.0,6.930000000000001,-1.0000000000000009,-7.9300000000000015,17.325000000000003,-19.825000000000003
2025-08-09,KXHIGHAUS,KXHIGHAUS-25AUG09,KXHIGHAUS-25AUG09-B100.5,between,100.5,100.0,101.0,0.01,0.0,1.0,0.0,1.0,17326.0,0.0,no,0.0,99.0,finalized,KXHIGHAUS,99.44993629455566,1.1601564,0.22694269877430884,0.01,0.21694269877430883,0.0,YES,1.0,0.21694269877430883,stop_loss,0.0,6.930000000000001,-1.0,-7.930000000000001,17.325000000000003,-19.825000000000003
2025-08-10,KXHIGHAUS,KXHIGHAUS-25AUG10,KXHIGHAUS-25AUG10-T100,greater,100.0,100.0,,0.03,0.0,1.0,0.0,1.0,3183.0,0.0,no,0.0,98.0,finalized,KXHIGHAUS,99.22020858128866,1.1448466,0.24789404257320602,0.03,0.21789404257320602,0.0,YES,3.0,0.21789404257320602,stop_loss,0.0,6.790000000000001,-3.0,-9.790000000000001,16.975,-24.475000000000005
2025-08-10,KXHIGHAUS,KXHIGHAUS-25AUG10,KXHIGHAUS-25AUG10-B99.5,between,99.5,99.0,100.0,0.01,0.0,1.0,0.0,1.0,11157.0,0.0,no,0.0,98.0,finalized,KXHIGHAUS,99.22020858128866,1.1448466,0.3283710218522569,0.01,0.3183710218522569,0.0,YES,1.0,0.3183710218522569,stop_loss,0.0,6.930000000000001,-1.0,-7.930000000000001,17.325000000000003,-19.825000000000003
2025-08-10,KXHIGHAUS,KXHIGHAUS-25AUG10,KXHIGHAUS-25AUG10-B97.5,between,97.5,97.0,98.0,0.99,0.0,1.0,0.0,1.0,22216.0,0.0,yes,1.0,98.0,finalized,KXHIGHAUS,99.22020858128866,1.1448466,0.11701888263484186,0.99,-0.8729811173651582,1.0,NO,1.0000000000000009,0.8729811173651582,stop_loss,0.0,6.930000000000001,-1.0000000000000009,-7.9300000000000015,17.325000000000003,-19.825000000000003
2025-08-11,KXHIGHAUS,KXHIGHAUS-25AUG11,KXHIGHAUS-25AUG11-B99.5,between,99.5,99.0,100.0,0.99,0.0,1.0,0.0,1.0,11495.0,0.0,yes,1.0,99.0,finalized,KXHIGHAUS,98.28516047795614,1.312514,0.19731658045544576,0.99,-0.7926834195445542,1.0,NO,1.0000000000000009,0.7926834195445542,stop_loss,0.0,6.930000000000001,-1.0000000000000009,-7.9300000000000015,17.325000000000003,-19.825000000000003
2025-08-11,KXHIGHAUS,KXHIGHAUS-25AUG11,KXHIGHAUS-25AUG11-B97.5,between,97.5,97.0,98.0,0.01,0.0,1.0,0.0,1.0,12264.0,0.0,no,0.0,99.0,finalized,KXHIGHAUS,98.28516047795614,1.312514,0.2502511738525249,0.01,0.24025117385252487,0.0,YES,1.0,0.24025117385252487,stop_loss,0.0,6.930000000000001,-1.0,-7.930000000000001,17.325000000000003,-19.825000000000003
2025-08-12,KXHIGHAUS,KXHIGHAUS-25AUG12,KXHIGHAUS-25AUG12-T99,greater,99.0,99.0,,0.01,0.0,1.0,0.0,1.0,16652.0,0.0,no,0.0,99.0,finalized,KXHIGHAUS,98.76006296475727,1.2406399,0.4233237181331694,0.01,0.41332371813316937,0.0,YES,1.0,0.41332371813316937,stop_loss,0.0,6.930000000000001,-1.0,-7.930000000000001,17.325000000000003,-19.825000000000003
2025-08-12,KXHIGHAUS,KXHIGHAUS-25AUG12,KXHIGHAUS-25AUG12-B98.5,between,98.5,98.0,99.0,0.99,0.0,1.0,0.0,1.0,12011.0,0.0,yes,1.0,99.0,finalized,KXHIGHAUS,98.76006296475727,1.2406399,0.30661836609607634,0.99,-0.6833816339039236,1.0,NO,1.0000000000000009,0.6833816339039236,stop_loss,0.0,6.930000000000001,-1.0000000000000009,-7.9300000000000015,17.325000000000003,-19.825000000000003
2025-08-13,KXHIGHAUS,KXHIGHAUS-25AUG13,KXHIGHAUS-25AUG13-T93,less,93.0,,93.0,0.01,0.0,1.0,0.0,1.0,5995.0,0.0,no,0.0,96.0,finalized,KXHIGHAUS,94.01619678338369,1.5673522,0.2583784756434662,0.01,0.2483784756434662,0.0,YES,1.0,0.2483784756434662,stop_loss,0.0,6.930000000000001,-1.0,-7.930000000000001,17.325000000000003,-19.825000000000003
2025-08-13,KXHIGHAUS,KXHIGHAUS-25AUG13,KXHIGHAUS-25AUG13-B95.5,between,95.5,95.0,96.0,0.99,0.0,1.0,0.0,1.0,13822.0,0.0,yes,1.0,96.0,finalized,KXHIGHAUS,94.01619678338369,1.5673522,0.16229558764807028,0.99,-0.8277044123519297,1.0,NO,1.0000000000000009,0.8277044123519297,stop_loss,0.0,6.930000000000001,-1.0000000000000009,-7.9300000000000015,17.325000000000003,-19.825000000000003
2025-08-13,KXHIGHAUS,KXHIGHAUS-25AUG13,KXHIGHAUS-25AUG13-B93.5,between,93.5,93.0,94.0,0.01,0.0,1.0,0.0,1.0,11070.0,0.0,no,0.0,96.0,finalized,KXHIGHAUS,94.01619678338369,1.5673522,0.23749898776489342,0.01,0.2274989877648934,0.0,YES,1.0,0.2274989877648934,stop_loss,0.0,6.930000000000001,-1.0,-7.930000000000001,17.325000000000003,-19.825000000000003
2025-08-14,KXHIGHAUS,KXHIGHAUS-25AUG14,KXHIGHAUS-25AUG14-T99,greater,99.0,99.0,,0.99,0.0,1.0,0.0,1.0,15128.0,0.0,yes,1.0,100.0,finalized,KXHIGHAUS,100.0160389661789,1.299198,0.7829076643203539,0.99,-0.20709233567964613,1.0,NO,1.0000000000000009,0.20709233567964613,stop_loss,0.0,6.930000000000001,-1.0000000000000009,-7.9300000000000015,17.325000000000003,-19.825000000000003
2025-08-14,KXHIGHAUS,KXHIGHAUS-25AUG14,KXHIGHAUS-25AUG14-B98.5,between,98.5,98.0,99.0,0.01,0.0,1.0,0.0,1.0,27015.0,0.0,no,0.0,100.0,finalized,KXHIGHAUS,100.0160389661789,1.299198,0.15673208448650888,0.01,0.14673208448650887,0.0,YES,1.0,0.14673208448650887,stop_loss,0.0,6.930000000000001,-1.0,-7.930000000000001,17.325000000000003,-19.825000000000003
2025-08-15,KXHIGHAUS,KXHIGHAUS-25AUG15,KXHIGHAUS-25AUG15-B96.5,between,96.5,96.0,97.0,0.99,0.0,1.0,0.0,1.0,14188.0,0.0,yes,1.0,97.0,finalized,KXHIGHAUS,96.04184345404308,1.3850498,0.2675143181867526,0.99,-0.7224856818132475,1.0,NO,1.0000000000000009,0.7224856818132475,stop_loss,0.0,6.930000000000001,-1.0000000000000009,-7.9300000000000015,17.325000000000003,-19.825000000000003
2025-08-15,KXHIGHAUS,KXHIGHAUS-25AUG15,KXHIGHAUS-25AUG15-B94.5,between,94.5,94.0,95.0,0.01,0.0,1.0,0.0,1.0,8382.0,0.0,no,0.0,97.0,finalized,KXHIGHAUS,96.04184345404308,1.3850498,0.15574986522151124,0.01,0.14574986522151123,0.0,YES,1.0,0.14574986522151123,stop_loss,0.0,6.930000000000001,-1.0,-7.930000000000001,17.325000000000003,-19.825000000000003
2025-08-16,KXHIGHAUS,KXHIGHAUS-25AUG16,KXHIGHAUS-25AUG16-B99.5,between,99.5,99.0,100.0,0.99,0.0,1.0,0.0,1.0,10247.0,0.0,yes,1.0,100.0,finalized,KXHIGHAUS,98.15985145568847,1.2018132,0.1793879680343855,0.99,-0.8106120319656145,1.0,NO,1.0000000000000009,0.8106120319656145,stop_loss,0.0,6.930000000000001,-1.0000000000000009,-7.9300000000000015,17.325000000000003,-19.825000000000003
2025-08-16,KXHIGHAUS,KXHIGHAUS-25AUG16,KXHIGHAUS-25AUG16-B97.5,between,97.5,97.0,98.0,0.01,0.0,1.0,0.0,1.0,11386.0,0.0,no,0.0,100.0,finalized,KXHIGHAUS,98.15985145568847,1.2018132,0.2798420873170068,0.01,0.2698420873170068,0.0,YES,1.0,0.2698420873170068,stop_loss,0.0,6.930000000000001,-1.0,-7.930000000000001,17.325000000000003,-19.825000000000003
2025-08-17,KXHIGHAUS,KXHIGHAUS-25AUG17,KXHIGHAUS-25AUG17-B99.5,between,99.5,99.0,100.0,0.99,0.0,1.0,0.0,1.0,9108.0,0.0,yes,1.0,100.0,finalized,KXHIGHAUS,99.44131127993266,1.5574557,0.25164454544350123,0.99,-0.7383554545564988,1.0,NO,1.0000000000000009,0.7383554545564988,stop_loss,0.0,6.930000000000001,-1.0000000000000009,-7.9300000000000015,17.325000000000003,-19.825000000000003
2025-08-17,KXHIGHAUS,KXHIGHAUS-25AUG17,KXHIGHAUS-25AUG17-B97.5,between,97.5,97.0,98.0,0.01,0.0,1.0,0.0,1.0,5275.0,0.0,no,0.0,100.0,finalized,KXHIGHAUS,99.44131127993266,1.5574557,0.11887299157690123,0.01,0.10887299157690124,0.0,YES,1.0,0.10887299157690124,stop_loss,0.0,6.930000000000001,-1.0,-7.930000000000001,17.325000000000003,-19.825000000000003
2025-08-18,KXHIGHAUS,KXHIGHAUS-25AUG18,KXHIGHAUS-25AUG18-T102,greater,102.0,102.0,,0.01,0.0,1.0,0.0,1.0,19042.0,0.0,no,0.0,101.0,finalized,KXHIGHAUS,102.26730155944824,1.2688112,0.5834279449371844,0.01,0.5734279449371844,0.0,YES,1.0,0.5734279449371844,stop_loss,0.0,6.930000000000001,-1.0,-7.930000000000001,17.325000000000003,-19.825000000000003
2025-08-18,KXHIGHAUS,KXHIGHAUS-25AUG18,KXHIGHAUS-25AUG18-B101.5,between,101.5,101.0,102.0,0.99,0.0,1.0,0.0,1.0,21774.0,0.0,yes,1.0,101.0,finalized,KXHIGHAUS,102.26730155944824,1.2688112,0.25762872644025014,0.99,-0.7323712735597498,1.0,NO,1.0000000000000009,0.7323712735597498,stop_loss,0.0,6.930000000000001,-1.0000000000000009,-7.9300000000000015,17.325000000000003,-19.825000000000003
2025-08-19,KXHIGHAUS,KXHIGHAUS-25AUG19,KXHIGHAUS-25AUG19-B98.5,between,98.5,98.0,99.0,0.01,0.0,1.0,0.0,1.0,14432.0,0.0,no,0.0,94.0,finalized,KXHIGHAUS,97.87448315620424,1.3198458,0.2652227225095375,0.01,0.2552227225095375,0.0,YES,1.0,0.2552227225095375,stop_loss,0.0,6.930000000000001,-1.0,-7.930000000000001,17.325000000000003,-19.825000000000003
2025-08-19,KXHIGHAUS,KXHIGHAUS-25AUG19,KXHIGHAUS-25AUG19-B96.5,between,96.5,96.0,97.0,0.01,0.0,1.0,0.0,1.0,18280.0,0.0,no,0.0,94.0,finalized,KXHIGHAUS,97.87448315620424,1.3198458,0.17603418625027165,0.01,0.16603418625027164,0.0,YES,1.0,0.16603418625027164,stop_loss,0.0,6.930000000000001,-1.0,-7.930000000000001,17.325000000000003,-19.825000000000003
2025-08-19,KXHIGHAUS,KXHIGHAUS-25AUG19,KXHIGHAUS-25AUG19-B94.5,between,94.5,94.0,95.0,0.99,0.0,1.0,0.0,1.0,25011.0,0.0,yes,1.0,94.0,finalized,KXHIGHAUS,97.87448315620424,1.3198458,0.013042250444587414,0.99,-0.9769577495554126,1.0,NO,1.0000000000000009,0.9769577495554126,stop_loss,0.0,6.930000000000001,-1.0000000000000009,-7.9300000000000015,17.325000000000003,-19.825000000000003
2025-08-20,KXHIGHAUS,KXHIGHAUS-25AUG20,KXHIGHAUS-25AUG20-B99.5,between,99.5,99.0,100.0,0.99,0.0,1.0,0.0,1.0,14279.0,0.0,yes,1.0,100.0,finalized,KXHIGHAUS,99.59460218747456,1.3054435,0.29754407851696574,0.99,-0.6924559214830343,1.0,NO,1.0000000000000009,0.6924559214830343,stop_loss,0.0,6.930000000000001,-1.0000000000000009,-7.9300000000000015,17.325000000000003,-19.825000000000003
2025-08-21,KXHIGHAUS,KXHIGHAUS-25AUG21,KXHIGHAUS-25AUG21-T94,less,94.0,,94.0,0.01,0.0,1.0,0.0,1.0,12648.0,0.0,no,0.0,96.0,finalized,KXHIGHAUS,94.64422508875528,1.3041205,0.31065592154524657,0.01,0.30065592154524656,0.0,YES,1.0,0.30065592154524656,stop_loss,0.0,6.930000000000001,-1.0,-7.930000000000001,17.325000000000003,-19.825000000000003
2025-08-21,KXHIGHAUS,KXHIGHAUS-25AUG21,KXHIGHAUS-25AUG21-B96.5,between,96.5,96.0,97.0,0.99,0.0,1.0,0.0,1.0,13584.0,0.0,yes,1.0,96.0,finalized,KXHIGHAUS,94.64422508875528,1.3041205,0.11383364453079825,0.99,-0.8761663554692017,1.0,NO,1.0000000000000009,0.8761663554692017,stop_loss,0.0,6.930000000000001,-1.0000000000000009,-7.9300000000000015,17.325000000000003,-19.825000000000003
2025-08-21,KXHIGHAUS,KXHIGHAUS-25AUG21,KXHIGHAUS-25AUG21-B94.5,between,94.5,94.0,95.0,0.01,0.0,1.0,0.0,1.0,29655.0,0.0,no,0.0,96.0,finalized,KXHIGHAUS,94.64422508875528,1.3041205,0.296843789994952,0.01,0.28684378999495197,0.0,YES,1.0,0.28684378999495197,stop_loss,0.0,6.930000000000001,-1.0,-7.930000000000001,17.325000000000003,-19.825000000000003
2025-08-22,KXHIGHAUS,KXHIGHAUS-25AUG22,KXHIGHAUS-25AUG22-B95.5,between,95.5,95.0,96.0,0.99,0.0,1.0,0.0,1.0,8894.0,0.0,yes,1.0,95.0,finalized,KXHIGHAUS,93.56444426377617,1.51186,0.11758215958535856,0.99,-0.8724178404146414,1.0,NO,1.0000000000000009,0.8724178404146414,stop_loss,0.0,6.930000000000001,-1.0000000000000009,-7.9300000000000015,17.325000000000003,-19.825000000000003
2025-08-22,KXHIGHAUS,KXHIGHAUS-25AUG22,KXHIGHAUS-25AUG22-B93.5,between,93.5,93.0,94.0,0.01,0.0,1.0,0.0,1.0,8692.0,0.0,no,0.0,95.0,finalized,KXHIGHAUS,93.56444426377617,1.51186,0.2589159671468712,0.01,0.2489159671468712,0.0,YES,1.0,0.2489159671468712,stop_loss,0.0,6.930000000000001,-1.0,-7.930000000000001,17.325000000000003,-19.825000000000003
2025-08-23,KXHIGHAUS,KXHIGHAUS-25AUG23,KXHIGHAUS-25AUG23-T95,greater,95.0,95.0,,0.99,0.0,1.0,0.0,1.0,14790.0,0.0,yes,1.0,96.0,finalized,KXHIGHAUS,94.22438574234644,1.4539397,0.29685864426030073,0.99,-0.6931413557396993,1.0,NO,1.0000000000000009,0.6931413557396993,stop_loss,0.0,6.930000000000001,-1.0000000000000009,-7.9300000000000015,17.325000000000003,-19.825000000000003
2025-08-23,KXHIGHAUS,KXHIGHAUS-25AUG23,KXHIGHAUS-25AUG23-B94.5,between,94.5,94.0,95.0,0.01,0.0,1.0,0.0,1.0,13180.0,0.0,no,0.0,96.0,finalized,KXHIGHAUS,94.22438574234644,1.4539397,0.2644663754879115,0.01,0.2544663754879115,0.0,YES,1.0,0.2544663754879115,stop_loss,0.0,6.930000000000001,-1.0,-7.930000000000001,17.325000000000003,-19.825000000000003
2025-08-23,KXHIGHAUS,KXHIGHAUS-25AUG23,KXHIGHAUS-25AUG23-B92.5,between,92.5,92.0,93.0,0.01,0.0,1.0,0.0,1.0,5156.0,0.0,no,0.0,96.0,finalized,KXHIGHAUS,94.22438574234644,1.4539397,0.13684108704086867,0.01,0.12684108704086866,0.0,YES,1.0,0.12684108704086866,stop_loss,0.0,6.930000000000001,-1.0,-7.930000000000001,17.325000000000003,-19.825000000000003
2025-08-24,KXHIGHAUS,KXHIGHAUS-25AUG24,KXHIGHAUS-25AUG24-T100,greater,100.0,100.0,,0.01,0.0,1.0,0.0,1.0,5667.0,0.0,no,0.0,99.0,finalized,KXHIGHAUS,98.74358879725139,1.1370565,0.1345866915633372,0.01,0.1245866915633372,0.0,YES,1.0,0.1245866915633372,stop_loss,0.0,6.930000000000001,-1.0,-7.930000000000001,17.325000000000003,-19.825000000000003
2025-08-24,KXHIGHAUS,KXHIGHAUS-25AUG24,KXHIGHAUS-25AUG24-B99.5,between,99.5,99.0,100.0,0.99,0.0,1.0,0.0,1.0,10443.0,0.0,yes,1.0,99.0,finalized,KXHIGHAUS,98.74358879725139,1.1370565,0.2762067715641855,0.99,-0.7137932284358145,1.0,NO,1.0000000000000009,0.7137932284358145,stop_loss,0.0,6.930000000000001,-1.0000000000000009,-7.9300000000000015,17.325000000000003,-19.825000000000003
2025-08-24,KXHIGHAUS,KXHIGHAUS-25AUG24,KXHIGHAUS-25AUG24-B97.5,between,97.5,97.0,98.0,0.01,0.0,1.0,0.0,1.0,17143.0,0.0,no,0.0,99.0,finalized,KXHIGHAUS,98.74358879725139,1.1370565,0.19398316772048357,0.01,0.18398316772048356,0.0,YES,1.0,0.18398316772048356,stop_loss,0.0,6.930000000000001,-1.0,-7.930000000000001,17.325000000000003,-19.825000000000003
2025-08-25,KXHIGHAUS,KXHIGHAUS-25AUG25,KXHIGHAUS-25AUG25-B98.5,between,98.5,98.0,99.0,0.99,0.0,1.0,0.0,1.0,19876.0,0.0,yes,1.0,98.0,finalized,KXHIGHAUS,97.40590537389119,1.2817266,0.2146956150560153,0.99,-0.7753043849439847,1.0,NO,1.0000000000000009,0.7753043849439847,stop_loss,0.0,6.930000000000001,-1.0000000000000009,-7.9300000000000015,17.325000000000003,-19.825000000000003
2025-08-25,KXHIGHAUS,KXHIGHAUS-25AUG25,KXHIGHAUS-25AUG25-B96.5,between,96.5,96.0,97.0,0.01,0.0,1.0,0.0,1.0,17218.0,0.0,no,0.0,98.0,finalized,KXHIGHAUS,97.40590537389119,1.2817266,0.23939473100580222,0.01,0.2293947310058022,0.0,YES,1.0,0.2293947310058022,stop_loss,0.0,6.930000000000001,-1.0,-7.930000000000001,17.325000000000003,-19.825000000000003
2025-08-26,KXHIGHAUS,KXHIGHAUS-25AUG26,KXHIGHAUS-25AUG26-B98.5,between,98.5,98.0,99.0,0.99,0.0,1.0,0.0,1.0,19585.0,0.0,yes,1.0,98.0,finalized,KXHIGHAUS,96.61993078390758,1.2801564,0.10900704791019111,0.99,-0.8809929520898089,1.0,NO,1.0000000000000009,0.8809929520898089,stop_loss,0.0,6.930000000000001,-1.0000000000000009,-7.9300000000000015,17.325000000000003,-19.825000000000003
2025-08-26,KXHIGHAUS,KXHIGHAUS-25AUG26,KXHIGHAUS-25AUG26-B96.5,between,96.5,96.0,97.0,0.01,0.0,1.0,0.0,1.0,14423.0,0.0,no,0.0,98.0,finalized,KXHIGHAUS,96.61993078390758,1.2801564,0.30262577103020216,0.01,0.29262577103020215,0.0,YES,1.0,0.29262577103020215,stop_loss,0.0,6.930000000000001,-1.0,-7.930000000000001,17.325000000000003,-19.825000000000003
2025-08-27,KXHIGHAUS,KXHIGHAUS-25AUG27,KXHIGHAUS-25AUG27-B96.5,between,96.5,96.0,97.0,0.99,0.0,1.0,0.0,1.0,15874.0,0.0,yes,1.0,96.0,finalized,KXHIGHAUS,96.07928841908773,1.1376683,0.31860916396961236,0.99,-0.6713908360303876,1.0,NO,1.0000000000000009,0.6713908360303876,stop_loss,0.0,6.930000000000001,-1.0000000000000009,-7.9300000000000015,17.325000000000003,-19.825000000000003
2025-08-27,KXHIGHAUS,KXHIGHAUS-25AUG27,KXHIGHAUS-25AUG27-B94.5,between,94.5,94.0,95.0,0.01,0.0,1.0,0.0,1.0,19463.0,0.0,no,0.0,96.0,finalized,KXHIGHAUS,96.07928841908773,1.1376683,0.1375913772931947,0.01,0.1275913772931947,0.0,YES,1.0,0.1275913772931947,stop_loss,0.0,6.930000000000001,-1.0,-7.930000000000001,17.325000000000003,-19.825000000000003
2025-08-28,KXHIGHAUS,KXHIGHAUS-25AUG28,KXHIGHAUS-25AUG28-T102,greater,102.0,102.0,,0.02,0.0,1.0,0.0,1.0,2536.0,0.0,no,0.0,100.0,finalized,KXHIGHAUS,100.6964514732361,1.1377329,0.12595092357601778,0.02,0.10595092357601778,0.0,YES,2.0,0.10595092357601778,stop_loss,0.0,6.86,-2.0,-8.86,17.15,-22.15
2025-08-28,KXHIGHAUS,KXHIGHAUS-25AUG28,KXHIGHAUS-25AUG28-B99.5,between,99.5,99.0,100.0,0.99,0.0,1.0,0.0,1.0,14983.0,0.0,yes,1.0,100.0,finalized,KXHIGHAUS,100.6964514732361,1.1377329,0.20225250175308157,0.99,-0.7877474982469184,1.0,NO,1.0000000000000009,0.7877474982469184,stop_loss,0.0,6.930000000000001,-1.0000000000000009,-7.9300000000000015,17.325000000000003,-19.825000000000003
2025-08-28,KXHIGHAUS,KXHIGHAUS-25AUG28,KXHIGHAUS-25AUG28-B101.5,between,101.5,101.0,102.0,0.03,0.0,1.0,0.0,1.0,12784.0,0.0,no,0.0,100.0,finalized,KXHIGHAUS,100.6964514732361,1.1377329,0.2688601802155651,0.03,0.23886018021556513,0.0,YES,3.0,0.23886018021556513,stop_loss,0.0,6.790000000000001,-3.0,-9.790000000000001,16.975,-24.475000000000005
2025-08-29,KXHIGHAUS,KXHIGHAUS-25AUG29,KXHIGHAUS-25AUG29-B98.5,between,98.5,98.0,99.0,0.99,0.0,1.0,0.0,1.0,15133.0,0.0,yes,1.0,99.0,finalized,KXHIGHAUS,100.85849011739094,1.1297324,0.044278288010283065,0.99,-0.9457217119897169,1.0,NO,1.0000000000000009,0.9457217119897169,stop_loss,0.0,6.930000000000001,-1.0000000000000009,-7.9300000000000015,17.325000000000003,-19.825000000000003
2025-08-29,KXHIGHAUS,KXHIGHAUS-25AUG29,KXHIGHAUS-25AUG29-B102.5,between,102.5,102.0,103.0,0.01,0.0,1.0,0.0,1.0,10811.0,0.0,no,0.0,99.0,finalized,KXHIGHAUS,100.85849011739094,1.1297324,0.12713873547557664,0.01,0.11713873547557664,0.0,YES,1.0,0.11713873547557664,stop_loss,0.0,6.930000000000001,-1.0,-7.930000000000001,17.325000000000003,-19.825000000000003
2025-08-29,KXHIGHAUS,KXHIGHAUS-25AUG29,KXHIGHAUS-25AUG29-B100.5,between,100.5,100.0,101.0,0.01,0.0,1.0,0.0,1.0,13485.0,0.0,no,0.0,99.0,finalized,KXHIGHAUS,100.85849011739094,1.1297324,0.3261855388977755,0.01,0.3161855388977755,0.0,YES,1.0,0.3161855388977755,stop_loss,0.0,6.930000000000001,-1.0,-7.930000000000001,17.325000000000003,-19.825000000000003
2025-08-30,KXHIGHAUS,KXHIGHAUS-25AUG30,KXHIGHAUS-25AUG30-T100,greater,100.0,100.0,,0.99,0.0,1.0,0.0,1.0,7660.0,0.0,yes,1.0,101.0,finalized,KXHIGHAUS,99.71645708084107,1.2232727,0.40835038937387236,0.99,-0.5816496106261276,1.0,NO,1.0000000000000009,0.5816496106261276,stop_loss,0.0,6.930000000000001,-1.0000000000000009,-7.9300000000000015,17.325000000000003,-19.825000000000003
2025-08-30,KXHIGHAUS,KXHIGHAUS-25AUG30,KXHIGHAUS-25AUG30-B99.5,between,99.5,99.0,100.0,0.01,0.0,1.0,0.0,1.0,16066.0,0.0,no,0.0,101.0,finalized,KXHIGHAUS,99.71645708084107,1.2232727,0.31260727201233685,0.01,0.30260727201233684,0.0,YES,1.0,0.30260727201233684,stop_loss,0.0,6.930000000000001,-1.0,-7.930000000000001,17.325000000000003,-19.825000000000003
2025-08-30,KXHIGHAUS,KXHIGHAUS-25AUG30,KXHIGHAUS-25AUG30-B95.5,between,95.5,95.0,96.0,0.12,0.0,1.0,0.0,1.0,5333.0,0.0,no,0.0,101.0,finalized,KXHIGHAUS,99.71645708084107,1.2232727,0.0011325485008871054,0.12,-0.11886745149911289,0.0,NO,88.0,0.11886745149911289,convergence,95.13204708994677,0.8400000000000001,7.1320470899467665,6.292047089946767,2.1,15.730117724866917
2025-08-31,KXHIGHAUS,KXHIGHAUS-25AUG31,KXHIGHAUS-25AUG31-B89.5,between,89.5,89.0,90.0,0.99,0.0,1.0,0.0,1.0,14826.0,0.0,yes,1.0,89.0,finalized,KXHIGHAUS,88.51504724820454,1.8560034,0.18510295040597824,0.99,-0.8048970495940218,1.0,NO,1.0000000000000009,0.8048970495940218,stop_loss,0.0,6.930000000000001,-1.0000000000000009,-7.9300000000000015,17.325000000000003,-19.825000000000003
2025-08-31,KXHIGHAUS,KXHIGHAUS-25AUG31,KXHIGHAUS-25AUG31-B87.5,between,87.5,87.0,88.0,0.01,0.0,1.0,0.0,1.0,36359.0,0.0,no,0.0,89.0,finalized,KXHIGHAUS,88.51504724820454,1.8560034,0.18353122873418115,0.01,0.17353122873418114,0.0,YES,1.0,0.17353122873418114,stop_loss,0.0,6.930000000000001,-1.0,-7.930000000000001,17.325000000000003,-19.825000000000003
2025-08-31,KXHIGHAUS,KXHIGHAUS-25AUG31,KXHIGHAUS-25AUG31-T87,less,87.0,,87.0,0.01,0.0,1.0,0.0,1.0,32623.0,0.0,no,0.0,89.0,finalized,KXHIGHAUS,88.51504724820454,1.8560034,0.2071655703953918,0.01,0.1971655703953918,0.0,YES,1.0,0.1971655703953918,stop_loss,0.0,6.930000000000001,-1.0,-7.930000000000001,17.325000000000003,-19.825000000000003
2025-09-01,KXHIGHAUS,KXHIGHAUS-25SEP01,KXHIGHAUS-25SEP01-T91,greater,91.0,91.0,,0.99,0.0,1.0,0.0,1.0,29510.0,0.0,yes,1.0,95.0,finalized,KXHIGHAUS,91.21322123209636,1.493147,0.556775888686928,0.99,-0.43322411131307204,1.0,NO,1.0000000000000009,0.43322411131307204,stop_loss,0.0,6.930000000000001,-1.0000000000000009,-7.9300000000000015,17.325000000000003,-19.825000000000003
2025-09-01,KXHIGHAUS,KXHIGHAUS-25SEP01,KXHIGHAUS-25SEP01-B90.5,between,90.5,90.0,91.0,0.01,0.0,1.0,0.0,1.0,8093.0,0.0,no,0.0,95.0,finalized,KXHIGHAUS,91.21322123209636,1.493147,0.23497926277268083,0.01,0.22497926277268082,0.0,YES,1.0,0.22497926277268082,stop_loss,0.0,6.930000000000001,-1.0,-7.930000000000001,17.325000000000003,-19.825000000000003
2025-09-02,KXHIGHAUS,KXHIGHAUS-25SEP02,KXHIGHAUS-25SEP02-B98.5,between,98.5,98.0,99.0,0.99,0.0,1.0,0.0,1.0,14920.0,0.0,yes,1.0,98.0,finalized,KXHIGHAUS,96.80038274129232,1.0945023,0.11429917780280918,0.99,-0.8757008221971908,1.0,NO,1.0000000000000009,0.8757008221971908,stop_loss,0.0,6.930000000000001,-1.0000000000000009,-7.9300000000000015,17.325000000000003,-19.825000000000003
2025-09-02,KXHIGHAUS,KXHIGHAUS-25SEP02,KXHIGHAUS-25SEP02-B96.5,between,96.5,96.0,97.0,0.01,0.0,1.0,0.0,1.0,14163.0,0.0,no,0.0,98.0,finalized,KXHIGHAUS,96.80038274129232,1.0945023,0.34005298422151453,0.01,0.3300529842215145,0.0,YES,1.0,0.3300529842215145,stop_loss,0.0,6.930000000000001,-1.0,-7.930000000000001,17.325000000000003,-19.825000000000003
2025-09-03,KXHIGHAUS,KXHIGHAUS-25SEP03,KXHIGHAUS-25SEP03-B98.5,between,98.5,98.0,99.0,0.99,0.0,1.0,0.0,1.0,8966.0,0.0,yes,1.0,99.0,finalized,KXHIGHAUS,98.23678614298503,0.94969934,0.3876430368222643,0.99,-0.6023569631777357,1.0,NO,1.0000000000000009,0.6023569631777357,stop_loss,0.0,6.930000000000001,-1.0000000000000009,-7.9300000000000015,17.325000000000003,-19.825000000000003
2025-09-04,KXHIGHAUS,KXHIGHAUS-25SEP04,KXHIGHAUS-25SEP04-B104.5,between,104.5,104.0,105.0,0.01,0.0,1.0,0.0,1.0,10454.0,0.0,no,0.0,103.0,finalized,KXHIGHAUS,103.31667369206747,0.9165881,0.1948406188825128,0.01,0.1848406188825128,0.0,YES,1.0,0.1848406188825128,stop_loss,0.0,6.930000000000001,-1.0,-7.930000000000001,17.325000000000003,-19.825000000000003
2025-09-04,KXHIGHAUS,KXHIGHAUS-25SEP04,KXHIGHAUS-25SEP04-B102.5,between,102.5,102.0,103.0,0.99,0.0,1.0,0.0,1.0,11624.0,0.0,yes,1.0,103.0,finalized,KXHIGHAUS,103.31667369206747,0.9165881,0.28943147532232705,0.99,-0.7005685246776729,1.0,NO,1.0000000000000009,0.7005685246776729,stop_loss,0.0,6.930000000000001,-1.0000000000000009,-7.9300000000000015,17.325000000000003,-19.825000000000003
2025-09-05,KXHIGHAUS,KXHIGHAUS-25SEP05,KXHIGHAUS-25SEP05-B98.5,between,98.5,98.0,99.0,0.01,0.0,1.0,0.0,1.0,23225.0,0.0,no,0.0,100.0,finalized,KXHIGHAUS,99.58932774861654,1.1641579,0.2202562935019557,0.01,0.21025629350195568,0.0,YES,1.0,0.21025629350195568,stop_loss,0.0,6.930000000000001,-1.0,-7.930000000000001,17.325000000000003,-19.825000000000003
2025-09-05,KXHIGHAUS,KXHIGHAUS-25SEP05,KXHIGHAUS-25SEP05-B100.5,between,100.5,100.0,101.0,0.99,0.0,1.0,0.0,1.0,8308.0,0.0,yes,1.0,100.0,finalized,KXHIGHAUS,99.58932774861654,1.1641579,0.249329527818138,0.99,-0.740670472181862,1.0,NO,1.0000000000000009,0.740670472181862,stop_loss,0.0,6.930000000000001,-1.0000000000000009,-7.9300000000000015,17.325000000000003,-19.825000000000003
2025-09-06,KXHIGHAUS,KXHIGHAUS-25SEP06,KXHIGHAUS-25SEP06-T87,less,87.0,,87.0,0.01,0.0,1.0,0.0,1.0,36985.0,0.0,no,0.0,89.0,finalized,KXHIGHAUS,85.39704632957776,1.6151197,0.8395152165677169,0.01,0.8295152165677169,0.0,YES,1.0,0.8295152165677169,stop_loss,0.0,6.930000000000001,-1.0,-7.930000000000001,17.325000000000003,-19.825000000000003
2025-09-06,KXHIGHAUS,KXHIGHAUS-25SEP06,KXHIGHAUS-25SEP06-B89.5,between,89.5,89.0,90.0,0.99,0.0,1.0,0.0,1.0,17601.0,0.0,yes,1.0,89.0,finalized,KXHIGHAUS,85.39704632957776,1.6151197,0.01066177901316967,0.99,-0.9793382209868303,1.0,NO,1.0000000000000009,0.9793382209868303,stop_loss,0.0,6.930000000000001,-1.0000000000000009,-7.9300000000000015,17.325000000000003,-19.825000000000003
2025-09-08,KXHIGHAUS,KXHIGHAUS-25SEP08,KXHIGHAUS-25SEP08-B90.5,between,90.5,90.0,91.0,0.99,0.0,1.0,0.0,1.0,8934.0,0.0,yes,1.0,90.0,finalized,KXHIGHAUS,89.88397868474324,1.2706313,0.2737381926544976,0.99,-0.7162618073455024,1.0,NO,1.0000000000000009,0.7162618073455024,stop_loss,0.0,6.930000000000001,-1.0000000000000009,-7.9300000000000015,17.325000000000003,-19.825000000000003
2025-09-08,KXHIGHAUS,KXHIGHAUS-25SEP08,KXHIGHAUS-25SEP08-B88.5,between,88.5,88.0,89.0,0.01,0.0,1.0,0.0,1.0,14199.0,0.0,no,0.0,90.0,finalized,KXHIGHAUS,89.88397868474324,1.2706313,0.17423260342642,0.01,0.16423260342642,0.0,YES,1.0,0.16423260342642,stop_loss,0.0,6.930000000000001,-1.0,-7.930000000000001,17.325000000000003,-19.825000000000003
2025-09-09,KXHIGHAUS,KXHIGHAUS-25SEP09,KXHIGHAUS-25SEP09-B93.5,between,93.5,93.0,94.0,0.99,0.0,1.0,0.0,1.0,22635.0,0.0,yes,1.0,93.0,finalized,KXHIGHAUS,92.72684624989829,1.0166339,0.28886010891089586,0.99,-0.7011398910891041,1.0,NO,1.0000000000000009,0.7011398910891041,stop_loss,0.0,6.930000000000001,-1.0000000000000009,-7.9300000000000015,17.325000000000003,-19.825000000000003
2025-09-09,KXHIGHAUS,KXHIGHAUS-25SEP09,KXHIGHAUS-25SEP09-B91.5,between,91.5,91.0,92.0,0.01,0.0,1.0,0.0,1.0,40937.0,0.0,no,0.0,93.0,finalized,KXHIGHAUS,92.72684624989829,1.0166339,0.19262076125857844,0.01,0.18262076125857843,0.0,YES,1.0,0.18262076125857843,stop_loss,0.0,6.930000000000001,-1.0,-7.930000000000001,17.325000000000003,-19.825000000000003
2025-09-10,KXHIGHAUS,KXHIGHAUS-25SEP10,KXHIGHAUS-25SEP10-B96.5,between,96.5,96.0,97.0,0.99,0.0,1.0,0.0,1.0,13668.0,0.0,yes,1.0,97.0,finalized,KXHIGHAUS,95.49605293273926,1.0460713,0.23973283202273143,0.99,-0.7502671679772686,1.0,NO,1.0000000000000009,0.7502671679772686,stop_loss,0.0,6.930000000000001,-1.0000000000000009,-7.9300000000000015,17.325000000000003,-19.825000000000003
2025-09-10,KXHIGHAUS,KXHIGHAUS-25SEP10,KXHIGHAUS-25SEP10-B94.5,between,94.5,94.0,95.0,0.01,0.0,1.0,0.0,1.0,11960.0,0.0,no,0.0,97.0,finalized,KXHIGHAUS,95.49605293273926,1.0460713,0.24134157123048522,0.01,0.2313415712304852,0.0,YES,1.0,0.2313415712304852,stop_loss,0.0,6.930000000000001,-1.0,-7.930000000000001,17.325000000000003,-19.825000000000003
2025-09-11,KXHIGHAUS,KXHIGHAUS-25SEP11,KXHIGHAUS-25SEP11-B97.5,between,97.5,97.0,98.0,0.99,0.0,1.0,0.0,1.0,16607.0,0.0,yes,1.0,97.0,finalized,KXHIGHAUS,95.95985158284505,1.1211873,0.14236877057833897,0.99,-0.847631229421661,1.0,NO,1.0000000000000009,0.847631229421661,stop_loss,0.0,6.930000000000001,-1.0000000000000009,-7.9300000000000015,17.325000000000003,-19.825000000000003
2025-09-11,KXHIGHAUS,KXHIGHAUS-25SEP11,KXHIGHAUS-25SEP11-B95.5,between,95.5,95.0,96.0,0.01,0.0,1.0,0.0,1.0,17282.0,0.0,no,0.0,97.0,finalized,KXHIGHAUS,95.95985158284505,1.1211873,0.31831214048321776,0.01,0.30831214048321776,0.0,YES,1.0,0.30831214048321776,stop_loss,0.0,6.930000000000001,-1.0,-7.930000000000001,17.325000000000003,-19.825000000000003
2025-09-12,KXHIGHAUS,KXHIGHAUS-25SEP12,KXHIGHAUS-25SEP12-B97.5,between,97.5,97.0,98.0,0.99,0.0,1.0,0.0,1.0,14897.0,0.0,yes,1.0,97.0,finalized,KXHIGHAUS,96.8686154683431,1.0652474,0.3068217924792086,0.99,-0.6831782075207914,1.0,NO,1.0000000000000009,0.6831782075207914,stop_loss,0.0,6.930000000000001,-1.0000000000000009,-7.9300000000000015,17.325000000000003,-19.825000000000003
2025-09-12,KXHIGHAUS,KXHIGHAUS-25SEP12,KXHIGHAUS-25SEP12-B95.5,between,95.5,95.0,96.0,0.01,0.0,1.0,0.0,1.0,16700.0,0.0,no,0.0,97.0,finalized,KXHIGHAUS,96.8686154683431,1.0652474,0.16771681216806616,0.01,0.15771681216806616,0.0,YES,1.0,0.15771681216806616,stop_loss,0.0,6.930000000000001,-1.0,-7.930000000000001,17.325000000000003,-19.825000000000003
2025-09-13,KXHIGHAUS,KXHIGHAUS-25SEP13,KXHIGHAUS-25SEP13-T94,less,94.0,,94.0,0.01,0.0,1.0,0.0,1.0,3680.0,0.0,no,0.0,96.0,finalized,KXHIGHAUS,95.03596706390381,1.1433632,0.18244941643200152,0.01,0.1724494164320015,0.0,YES,1.0,0.1724494164320015,stop_loss,0.0,6.930000000000001,-1.0,-7.930000000000001,17.325000000000003,-19.825000000000003
2025-09-13,KXHIGHAUS,KXHIGHAUS-25SEP13,KXHIGHAUS-25SEP13-B96.5,between,96.5,96.0,97.0,0.99,0.0,1.0,0.0,1.0,8596.0,0.0,yes,1.0,96.0,finalized,KXHIGHAUS,95.03596706390381,1.1433632,0.15665129941776224,0.99,-0.8333487005822378,1.0,NO,1.0000000000000009,0.8333487005822378,stop_loss,0.0,6.930000000000001,-1.0000000000000009,-7.9300000000000015,17.325000000000003,-19.825000000000003
2025-09-13,KXHIGHAUS,KXHIGHAUS-25SEP13,KXHIGHAUS-25SEP13-B94.5,between,94.5,94.0,95.0,0.01,0.0,1.0,0.0,1.0,15584.0,0.0,no,0.0,96.0,finalized,KXHIGHAUS,95.03596706390381,1.1433632,0.3050030257300705,0.01,0.2950030257300705,0.0,YES,1.0,0.2950030257300705,stop_loss,0.0,6.930000000000001,-1.0,-7.930000000000001,17.325000000000003,-19.825000000000003
2025-09-14,KXHIGHAUS,KXHIGHAUS-25SEP14,KXHIGHAUS-25SEP14-B96.5,between,96.5,96.0,97.0,0.99,0.0,1.0,0.0,1.0,11039.0,0.0,yes,1.0,96.0,finalized,KXHIGHAUS,96.16300868988037,1.0354019,0.35311120355687453,0.99,-0.6368887964431255,1.0,NO,1.0000000000000009,0.6368887964431255,stop_loss,0.0,6.930000000000001,-1.0000000000000009,-7.9300000000000015,17.325000000000003,-19.825000000000003
2025-09-14,KXHIGHAUS,KXHIGHAUS-25SEP14,KXHIGHAUS-25SEP14-B94.5,between,94.5,94.0,95.0,0.01,0.0,1.0,0.0,1.0,12240.0,0.0,no,0.0,96.0,finalized,KXHIGHAUS,96.16300868988037,1.0354019,0.11231549440621366,0.01,0.10231549440621367,0.0,YES,1.0,0.10231549440621367,stop_loss,0.0,6.930000000000001,-1.0,-7.930000000000001,17.325000000000003,-19.825000000000003
2025-09-15,KXHIGHAUS,KXHIGHAUS-25SEP15,KXHIGHAUS-25SEP15-B96.5,between,96.5,96.0,97.0,0.99,0.0,1.0,0.0,1.0,17899.0,0.0,yes,1.0,96.0,finalized,KXHIGHAUS,95.08165852228801,1.0464919,0.15670329515973425,0.99,-0.8332967048402657,1.0,NO,1.0000000000000009,0.8332967048402657,stop_loss,0.0,6.930000000000001,-1.0000000000000009,-7.9300000000000015,17.325000000000003,-19.825000000000003
2025-09-15,KXHIGHAUS,KXHIGHAUS-25SEP15,KXHIGHAUS-25SEP15-B94.5,between,94.5,94.0,95.0,0.01,0.0,1.0,0.0,1.0,39956.0,0.0,no,0.0,96.0,finalized,KXHIGHAUS,95.08165852228801,1.0464919,0.3182412183911445,0.01,0.3082412183911445,0.0,YES,1.0,0.3082412183911445,stop_loss,0.0,6.930000000000001,-1.0,-7.930000000000001,17.325000000000003,-19.825000000000003
2025-09-16,KXHIGHAUS,KXHIGHAUS-25SEP16,KXHIGHAUS-25SEP16-B95.5,between,95.5,95.0,96.0,0.99,0.0,1.0,0.0,1.0,26315.0,0.0,yes,1.0,96.0,finalized,KXHIGHAUS,95.2751804669698,1.0722497,0.3517444389797507,0.99,-0.6382555610202493,1.0,NO,1.0000000000000009,0.6382555610202493,stop_loss,0.0,6.930000000000001,-1.0000000000000009,-7.9300000000000015,17.325000000000003,-19.825000000000003
2025-09-17,KXHIGHAUS,KXHIGHAUS-25SEP17,KXHIGHAUS-25SEP17-B96.5,between,96.5,96.0,97.0,0.99,0.0,1.0,0.0,1.0,16932.0,0.0,yes,1.0,97.0,finalized,KXHIGHAUS,95.75468956629436,1.164475,0.27413488806317277,0.99,-0.7158651119368272,1.0,NO,1.0000000000000009,0.7158651119368272,stop_loss,0.0,6.930000000000001,-1.0000000000000009,-7.9300000000000015,17.325000000000003,-19.825000000000003
2025-09-17,KXHIGHAUS,KXHIGHAUS-25SEP17,KXHIGHAUS-25SEP17-B94.5,between,94.5,94.0,95.0,0.01,0.0,1.0,0.0,1.0,10242.0,0.0,no,0.0,97.0,finalized,KXHIGHAUS,95.75468956629436,1.164475,0.19253748224524905,0.01,0.18253748224524904,0.0,YES,1.0,0.18253748224524904,stop_loss,0.0,6.930000000000001,-1.0,-7.930000000000001,17.325000000000003,-19.825000000000003
2025-09-18,KXHIGHAUS,KXHIGHAUS-25SEP18,KXHIGHAUS-25SEP18-B96.5,between,96.5,96.0,97.0,0.01,0.0,1.0,0.0,1.0,14876.0,0.0,no,0.0,95.0,finalized,KXHIGHAUS,95.6961684544881,1.0003831,0.2844417576209668,0.01,0.2744417576209668,0.0,YES,1.0,0.2744417576209668,stop_loss,0.0,6.930000000000001,-1.0,-7.930000000000001,17.325000000000003,-19.825000000000003
2025-09-18,KXHIGHAUS,KXHIGHAUS-25SEP18,KXHIGHAUS-25SEP18-B94.5,between,94.5,94.0,95.0,0.99,0.0,1.0,0.0,1.0,21800.0,0.0,yes,1.0,95.0,finalized,KXHIGHAUS,95.6961684544881,1.0003831,0.1982566362605275,0.99,-0.7917433637394725,1.0,NO,1.0000000000000009,0.7917433637394725,stop_loss,0.0,6.930000000000001,-1.0000000000000009,-7.9300000000000015,17.325000000000003,-19.825000000000003
2025-09-19,KXHIGHAUS,KXHIGHAUS-25SEP19,KXHIGHAUS-25SEP19-B96.5,between,96.5,96.0,97.0,0.99,0.0,1.0,0.0,1.0,11230.0,0.0,yes,1.0,96.0,finalized,KXHIGHAUS,95.99237480163573,0.98384285,0.3440312545772194,0.99,-0.6459687454227806,1.0,NO,1.0000000000000009,0.6459687454227806,stop_loss,0.0,6.930000000000001,-1.0000000000000009,-7.9300000000000015,17.325000000000003,-19.825000000000003
2025-09-19,KXHIGHAUS,KXHIGHAUS-25SEP19,KXHIGHAUS-25SEP19-B94.5,between,94.5,94.0,95.0,0.01,0.0,1.0,0.0,1.0,11012.0,0.0,no,0.0,96.0,finalized,KXHIGHAUS,95.99237480163573,0.98384285,0.13513713819403797,0.01,0.12513713819403796,0.0,YES,1.0,0.12513713819403796,stop_loss,0.0,6.930000000000001,-1.0,-7.930000000000001,17.325000000000003,-19.825000000000003
2025-09-20,KXHIGHAUS,KXHIGHAUS-25SEP20,KXHIGHAUS-25SEP20-B96.5,between,96.5,96.0,97.0,0.01,0.0,1.0,0.0,1.0,9585.0,0.0,no,0.0,95.0,finalized,KXHIGHAUS,95.04287954966226,1.1773167,0.15989766132820193,0.01,0.14989766132820193,0.0,YES,1.0,0.14989766132820193,stop_loss,0.0,6.930000000000001,-1.0,-7.930000000000001,17.325000000000003,-19.825000000000003
2025-09-20,KXHIGHAUS,KXHIGHAUS-25SEP20,KXHIGHAUS-25SEP20-B94.5,between,94.5,94.0,95.0,0.99,0.0,1.0,0.0,1.0,10155.0,0.0,yes,1.0,95.0,finalized,KXHIGHAUS,95.04287954966226,1.1773167,0.29761335990447735,0.99,-0.6923866400955226,1.0,NO,1.0000000000000009,0.6923866400955226,stop_loss,0.0,6.930000000000001,-1.0000000000000009,-7.9300000000000015,17.325000000000003,-19.825000000000003
2025-09-21,KXHIGHAUS,KXHIGHAUS-25SEP21,KXHIGHAUS-25SEP21-T99,greater,99.0,99.0,,0.01,0.0,1.0,0.0,1.0,4360.0,0.0,no,0.0,98.0,finalized,KXHIGHAUS,97.96463584899902,1.0509051,0.16226001406946283,0.01,0.15226001406946282,0.0,YES,1.0,0.15226001406946282,stop_loss,0.0,6.930000000000001,-1.0,-7.930000000000001,17.325000000000003,-19.825000000000003
2025-09-21,KXHIGHAUS,KXHIGHAUS-25SEP21,KXHIGHAUS-25SEP21-B98.5,between,98.5,98.0,99.0,0.99,0.0,1.0,0.0,1.0,9483.0,0.0,yes,1.0,98.0,finalized,KXHIGHAUS,97.96463584899902,1.0509051,0.3243176581789763,0.99,-0.6656823418210237,1.0,NO,1.0000000000000009,0.6656823418210237,stop_loss,0.0,6.930000000000001,-1.0000000000000009,-7.9300000000000015,17.325000000000003,-19.825000000000003
2025-09-21,KXHIGHAUS,KXHIGHAUS-25SEP21,KXHIGHAUS-25SEP21-B96.5,between,96.5,96.0,97.0,0.01,0.0,1.0,0.0,1.0,9924.0,0.0,no,0.0,98.0,finalized,KXHIGHAUS,97.96463584899902,1.0509051,0.14855439871919274,0.01,0.13855439871919273,0.0,YES,1.0,0.13855439871919273,stop_loss,0.0,6.930000000000001,-1.0,-7.930000000000001,17.325000000000003,-19.825000000000003
2025-09-22,KXHIGHAUS,KXHIGHAUS-25SEP22,KXHIGHAUS-25SEP22-B98.5,between,98.5,98.0,99.0,0.99,0.0,1.0,0.0,1.0,17506.0,0.0,yes,1.0,99.0,finalized,KXHIGHAUS,98.10514138539632,1.014487,0.3524056578632294,0.99,-0.6375943421367706,1.0,NO,1.0000000000000009,0.6375943421367706,stop_loss,0.0,6.930000000000001,-1.0000000000000009,-7.9300000000000015,17.325000000000003,-19.825000000000003
2025-09-22,KXHIGHAUS,KXHIGHAUS-25SEP22,KXHIGHAUS-25SEP22-B96.5,between,96.5,96.0,97.0,0.01,0.0,1.0,0.0,1.0,20946.0,0.0,no,0.0,99.0,finalized,KXHIGHAUS,98.10514138539632,1.014487,0.11900804911721935,0.01,0.10900804911721935,0.0,YES,1.0,0.10900804911721935,stop_loss,0.0,6.930000000000001,-1.0,-7.930000000000001,17.325000000000003,-19.825000000000003
2025-09-23,KXHIGHAUS,KXHIGHAUS-25SEP23,KXHIGHAUS-25SEP23-B99.5,between,99.5,99.0,100.0,0.99,0.0,1.0,0.0,1.0,24918.0,0.0,yes,1.0,100.0,finalized,KXHIGHAUS,100.18898919423422,1.0926259,0.2930836544274722,0.99,-0.6969163455725278,1.0,NO,1.0000000000000009,0.6969163455725278,stop_loss,0.0,6.930000000000001,-1.0000000000000009,-7.9300000000000015,17.325000000000003,-19.825000000000003
2025-09-23,KXHIGHAUS,KXHIGHAUS-25SEP23,KXHIGHAUS-25SEP23-B101.5,between,101.5,101.0,102.0,0.01,0.0,1.0,0.0,1.0,27789.0,0.0,no,0.0,100.0,finalized,KXHIGHAUS,100.18898919423422,1.0926259,0.18025462733967235,0.01,0.17025462733967234,0.0,YES,1.0,0.17025462733967234,stop_loss,0.0,6.930000000000001,-1.0,-7.930000000000001,17.325000000000003,-19.825000000000003
2025-09-24,KXHIGHAUS,KXHIGHAUS-25SEP24,KXHIGHAUS-25SEP24-B91.5,between,91.5,91.0,92.0,0.99,0.0,1.0,0.0,1.0,19953.0,0.0,yes,1.0,92.0,finalized,KXHIGHAUS,88.72552907069525,1.5827186,0.05607143758676847,0.99,-0.9339285624132315,1.0,NO,1.0000000000000009,0.9339285624132315,stop_loss,0.0,6.930000000000001,-1.0000000000000009,-7.9300000000000015,17.325000000000003,-19.825000000000003
2025-09-24,KXHIGHAUS,KXHIGHAUS-25SEP24,KXHIGHAUS-25SEP24-B89.5,between,89.5,89.0,90.0,0.01,0.0,1.0,0.0,1.0,26474.0,0.0,no,0.0,92.0,finalized,KXHIGHAUS,88.72552907069525,1.5827186,0.22082155277936244,0.01,0.21082155277936243,0.0,YES,1.0,0.21082155277936243,stop_loss,0.0,6.930000000000001,-1.0,-7.930000000000001,17.325000000000003,-19.825000000000003
2025-09-24,KXHIGHAUS,KXHIGHAUS-25SEP24,KXHIGHAUS-25SEP24-B87.5,between,87.5,87.0,88.0,0.01,0.0,1.0,0.0,1.0,33775.0,0.0,no,0.0,92.0,finalized,KXHIGHAUS,88.72552907069525,1.5827186,0.18552440568410794,0.01,0.17552440568410793,0.0,YES,1.0,0.17552440568410793,stop_loss,0.0,6.930000000000001,-1.0,-7.930000000000001,17.325000000000003,-19.825000000000003
2025-09-25,KXHIGHAUS,KXHIGHAUS-25SEP25,KXHIGHAUS-25SEP25-B91.5,between,91.5,91.0,92.0,0.99,0.0,1.0,0.0,1.0,20528.0,0.0,yes,1.0,92.0,finalized,KXHIGHAUS,91.49179910024007,0.94203764,0.4044039766123673,0.99,-0.5855960233876327,1.0,NO,1.0000000000000009,0.5855960233876327,stop_loss,0.0,6.930000000000001,-1.0000000000000009,-7.9300000000000015,17.325000000000003,-19.825000000000003
2025-09-26,KXHIGHAUS,KXHIGHAUS-25SEP26,KXHIGHAUS-25SEP26-B93.5,between,93.5,93.0,94.0,0.99,0.0,1.0,0.0,1.0,25851.0,0.0,yes,1.0,93.0,finalized,KXHIGHAUS,92.3668745994568,0.928415,0.2083529557119257,0.99,-0.7816470442880743,1.0,NO,1.0000000000000009,0.7816470442880743,stop_loss,0.0,6.930000000000001,-1.0000000000000009,-7.9300000000000015,17.325000000000003,-19.825000000000003
2025-09-26,KXHIGHAUS,KXHIGHAUS-25SEP26,KXHIGHAUS-25SEP26-B91.5,between,91.5,91.0,92.0,0.01,0.0,1.0,0.0,1.0,50322.0,0.0,no,0.0,93.0,finalized,KXHIGHAUS,92.3668745994568,0.928415,0.2758871398324565,0.01,0.2658871398324565,0.0,YES,1.0,0.2658871398324565,stop_loss,0.0,6.930000000000001,-1.0,-7.930000000000001,17.325000000000003,-19.825000000000003
2025-09-27,KXHIGHAUS,KXHIGHAUS-25SEP27,KXHIGHAUS-25SEP27-B94.5,between,94.5,94.0,95.0,0.01,0.0,1.0,0.0,1.0,24720.0,0.0,no,0.0,93.0,finalized,KXHIGHAUS,93.53070160547894,0.91769177,0.24985945206700277,0.01,0.23985945206700277,0.0,YES,1.0,0.23985945206700277,stop_loss,0.0,6.930000000000001,-1.0,-7.930000000000001,17.325000000000003,-19.825000000000003
2025-09-27,KXHIGHAUS,KXHIGHAUS-25SEP27,KXHIGHAUS-25SEP27-B92.5,between,92.5,92.0,93.0,0.99,0.0,1.0,0.0,1.0,41085.0,0.0,yes,1.0,93.0,finalized,KXHIGHAUS,93.53070160547894,0.91769177,0.2338718722877215,0.99,-0.7561281277122784,1.0,NO,1.0000000000000009,0.7561281277122784,stop_loss,0.0,6.930000000000001,-1.0000000000000009,-7.9300000000000015,17.325000000000003,-19.825000000000003
2025-09-28,KXHIGHAUS,KXHIGHAUS-25SEP28,KXHIGHAUS-25SEP28-B93.5,between,93.5,93.0,94.0,0.01,0.0,1.0,0.0,1.0,7683.0,0.0,no,0.0,92.0,finalized,KXHIGHAUS,91.99586064020792,0.94121003,0.12640371517168858,0.01,0.11640371517168858,0.0,YES,1.0,0.11640371517168858,stop_loss,0.0,6.930000000000001,-1.0,-7.930000000000001,17.325000000000003,-19.825000000000003
2025-09-28,KXHIGHAUS,KXHIGHAUS-25SEP28,KXHIGHAUS-25SEP28-B91.5,between,91.5,91.0,92.0,0.99,0.0,1.0,0.0,1.0,9604.0,0.0,yes,1.0,92.0,finalized,KXHIGHAUS,91.99586064020792,0.94121003,0.35674142087021543,0.99,-0.6332585791297846,1.0,NO,1.0000000000000009,0.6332585791297846,stop_loss,0.0,6.930000000000001,-1.0000000000000009,-7.9300000000000015,17.325000000000003,-19.825000000000003
2025-09-29,KXHIGHAUS,KXHIGHAUS-25SEP29,KXHIGHAUS-25SEP29-B91.5,between,91.5,91.0,92.0,0.01,0.0,1.0,0.0,1.0,15384.0,0.0,no,0.0,90.0,finalized,KXHIGHAUS,90.96486024856567,0.93883693,0.34996595408727205,0.01,0.33996595408727204,0.0,YES,1.0,0.33996595408727204,stop_loss,0.0,6.930000000000001,-1.0,-7.930000000000001,17.325000000000003,-19.825000000000003
2025-09-29,KXHIGHAUS,KXHIGHAUS-25SEP29,KXHIGHAUS-25SEP29-B89.5,between,89.5,89.0,90.0,0.99,0.0,1.0,0.0,1.0,13668.0,0.0,yes,1.0,90.0,finalized,KXHIGHAUS,90.96486024856567,0.93883693,0.13386054791567667,0.99,-0.8561394520843233,1.0,NO,1.0000000000000009,0.8561394520843233,stop_loss,0.0,6.930000000000001,-1.0000000000000009,-7.9300000000000015,17.325000000000003,-19.825000000000003
2025-09-30,KXHIGHAUS,KXHIGHAUS-25SEP30,KXHIGHAUS-25SEP30-B95.5,between,95.5,95.0,96.0,0.99,0.0,1.0,0.0,1.0,17623.0,0.0,yes,1.0,95.0,finalized,KXHIGHAUS,94.88281173706055,0.95740277,0.3296637863336437,0.99,-0.6603362136663563,1.0,NO,1.0000000000000009,0.6603362136663563,stop_loss,0.0,6.930000000000001,-1.0000000000000009,-7.9300000000000015,17.325000000000003,-19.825000000000003
2025-09-30,KXHIGHAUS,KXHIGHAUS-25SEP30,KXHIGHAUS-25SEP30-B93.5,between,93.5,93.0,94.0,0.01,0.0,1.0,0.0,1.0,35177.0,0.0,no,0.0,95.0,finalized,KXHIGHAUS,94.88281173706055,0.95740277,0.15362508767127142,0.01,0.1436250876712714,0.0,YES,1.0,0.1436250876712714,stop_loss,0.0,6.930000000000001,-1.0,-7.930000000000001,17.325000000000003,-19.825000000000003
2025-10-01,KXHIGHAUS,KXHIGHAUS-25OCT01,KXHIGHAUS-25OCT01-B97.5,between,97.5,97.0,98.0,0.01,0.0,1.0,0.0,1.0,27751.0,0.0,no,0.0,96.0,finalized,KXHIGHAUS,96.47135667800904,0.9773123,0.23538938999840853,0.01,0.22538938999840852,0.0,YES,1.0,0.22538938999840852,stop_loss,0.0,6.930000000000001,-1.0,-7.930000000000001,17.325000000000003,-19.825000000000003
2025-10-01,KXHIGHAUS,KXHIGHAUS-25OCT01,KXHIGHAUS-25OCT01-B95.5,between,95.5,95.0,96.0,0.99,0.0,1.0,0.0,1.0,27406.0,0.0,yes,1.0,96.0,finalized,KXHIGHAUS,96.47135667800904,0.9773123,0.24870072406702126,0.99,-0.7412992759329787,1.0,NO,1.0000000000000009,0.7412992759329787,stop_loss,0.0,6.930000000000001,-1.0000000000000009,-7.9300000000000015,17.325000000000003,-19.825000000000003
2025-10-02,KXHIGHAUS,KXHIGHAUS-25OCT02,KXHIGHAUS-25OCT02-B96.5,between,96.5,96.0,97.0,0.99,0.0,1.0,0.0,1.0,17707.0,0.0,yes,1.0,96.0,finalized,KXHIGHAUS,96.37389426231384,1.0744835,0.35602449923582663,0.99,-0.6339755007641734,1.0,NO,1.0000000000000009,0.6339755007641734,stop_loss,0.0,6.930000000000001,-1.0000000000000009,-7.9300000000000015,17.325000000000003,-19.825000000000003
2025-10-03,KXHIGHAUS,KXHIGHAUS-25OCT03,KXHIGHAUS-25OCT03-B96.5,between,96.5,96.0,97.0,0.01,0.0,1.0,0.0,1.0,12658.0,0.0,no,0.0,95.0,finalized,KXHIGHAUS,94.86699612935384,1.1143922,0.1268409978905275,0.01,0.1168409978905275,0.0,YES,1.0,0.1168409978905275,stop_loss,0.0,6.930000000000001,-1.0,-7.930000000000001,17.325000000000003,-19.825000000000003
2025-10-03,KXHIGHAUS,KXHIGHAUS-25OCT03,KXHIGHAUS-25OCT03-B94.5,between,94.5,94.0,95.0,0.99,0.0,1.0,0.0,1.0,15769.0,0.0,yes,1.0,95.0,finalized,KXHIGHAUS,94.86699612935384,1.1143922,0.329216614623415,0.99,-0.660783385376585,1.0,NO,1.0000000000000009,0.660783385376585,stop_loss,0.0,6.930000000000001,-1.0000000000000009,-7.9300000000000015,17.325000000000003,-19.825000000000003
2025-10-04,KXHIGHAUS,KXHIGHAUS-25OCT04,KXHIGHAUS-25OCT04-B93.5,between,93.5,93.0,94.0,0.99,0.0,1.0,0.0,1.0,29907.0,0.0,yes,1.0,93.0,finalized,KXHIGHAUS,91.81284960905712,1.1275678,0.1199990776501233,0.99,-0.8700009223498767,1.0,NO,1.0000000000000009,0.8700009223498767,stop_loss,0.0,6.930000000000001,-1.0000000000000009,-7.9300000000000015,17.325000000000003,-19.825000000000003
2025-10-04,KXHIGHAUS,KXHIGHAUS-25OCT04,KXHIGHAUS-25OCT04-B91.5,between,91.5,91.0,92.0,0.01,0.0,1.0,0.0,1.0,426563.0,0.0,no,0.0,93.0,finalized,KXHIGHAUS,91.81284960905712,1.1275678,0.33042316121451965,0.01,0.32042316121451964,0.0,YES,1.0,0.32042316121451964,stop_loss,0.0,6.930000000000001,-1.0,-7.930000000000001,17.325000000000003,-19.825000000000003
2025-10-05,KXHIGHAUS,KXHIGHAUS-25OCT05,KXHIGHAUS-25OCT05-B94.5,between,94.5,94.0,95.0,0.99,0.0,1.0,0.0,1.0,20901.0,0.0,yes,1.0,94.0,finalized,KXHIGHAUS,92.93471078872682,0.9871929,0.12205391025935108,0.99,-0.8679460897406489,1.0,NO,1.0000000000000009,0.8679460897406489,stop_loss,0.0,6.930000000000001,-1.0000000000000009,-7.9300000000000015,17.325000000000003,-19.825000000000003
2025-10-05,KXHIGHAUS,KXHIGHAUS-25OCT05,KXHIGHAUS-25OCT05-B92.5,between,92.5,92.0,93.0,0.01,0.0,1.0,0.0,1.0,15324.0,0.0,no,0.0,94.0,finalized,KXHIGHAUS,92.93471078872682,0.9871929,0.35450439082192864,0.01,0.34450439082192863,0.0,YES,1.0,0.34450439082192863,stop_loss,0.0,6.930000000000001,-1.0,-7.930000000000001,17.325000000000003,-19.825000000000003
2025-10-06,KXHIGHAUS,KXHIGHAUS-25OCT06,KXHIGHAUS-25OCT06-B94.5,between,94.5,94.0,95.0,0.99,0.0,1.0,0.0,1.0,27075.0,0.0,yes,1.0,95.0,finalized,KXHIGHAUS,93.95540450414022,1.0162714,0.3304940984004213,0.99,-0.6595059015995787,1.0,NO,1.0000000000000009,0.6595059015995787,stop_loss,0.0,6.930000000000001,-1.0000000000000009,-7.9300000000000015,17.325000000000003,-19.825000000000003
2025-10-06,KXHIGHAUS,KXHIGHAUS-25OCT06,KXHIGHAUS-25OCT06-B92.5,between,92.5,92.0,93.0,0.01,0.0,1.0,0.0,1.0,28379.0,0.0,no,0.0,95.0,finalized,KXHIGHAUS,93.95540450414022,1.0162714,0.14640994208963476,0.01,0.13640994208963475,0.0,YES,1.0,0.13640994208963475,stop_loss,0.0,6.930000000000001,-1.0,-7.930000000000001,17.325000000000003,-19.825000000000003
2025-10-07,KXHIGHAUS,KXHIGHAUS-25OCT07,KXHIGHAUS-25OCT07-B95.5,between,95.5,95.0,96.0,0.01,0.0,1.0,0.0,1.0,18428.0,0.0,no,0.0,94.0,finalized,KXHIGHAUS,93.92119783560435,1.1812605,0.14133253957427716,0.01,0.13133253957427715,0.0,YES,1.0,0.13133253957427715,stop_loss,0.0,6.930000000000001,-1.0,-7.930000000000001,17.325000000000003,-19.825000000000003
2025-10-07,KXHIGHAUS,KXHIGHAUS-25OCT07,KXHIGHAUS-25OCT07-B93.5,between,93.5,93.0,94.0,0.99,0.0,1.0,0.0,1.0,19137.0,0.0,yes,1.0,94.0,finalized,KXHIGHAUS,93.92119783560435,1.1812605,0.30885219328607405,0.99,-0.6811478067139259,1.0,NO,1.0000000000000009,0.6811478067139259,stop_loss,0.0,6.930000000000001,-1.0000000000000009,-7.9300000000000015,17.325000000000003,-19.825000000000003
2025-10-08,KXHIGHAUS,KXHIGHAUS-25OCT08,KXHIGHAUS-25OCT08-B95.5,between,95.5,95.0,96.0,0.99,0.0,1.0,0.0,1.0,21042.0,0.0,yes,1.0,95.0,finalized,KXHIGHAUS,94.65389118194581,1.0542128,0.27051719063646906,0.99,-0.7194828093635309,1.0,NO,1.0000000000000009,0.7194828093635309,stop_loss,0.0,6.930000000000001,-1.0000000000000009,-7.9300000000000015,17.325000000000003,-19.825000000000003
2025-10-08,KXHIGHAUS,KXHIGHAUS-25OCT08,KXHIGHAUS-25OCT08-B93.5,between,93.5,93.0,94.0,0.01,0.0,1.0,0.0,1.0,18060.0,0.0,no,0.0,95.0,finalized,KXHIGHAUS,94.65389118194581,1.0542128,0.20919908897055606,0.01,0.19919908897055605,0.0,YES,1.0,0.19919908897055605,stop_loss,0.0,6.930000000000001,-1.0,-7.930000000000001,17.325000000000003,-19.825000000000003
2025-10-09,KXHIGHAUS,KXHIGHAUS-25OCT09,KXHIGHAUS-25OCT09-B92.5,between,92.5,92.0,93.0,0.99,0.0,1.0,0.0,1.0,21913.0,0.0,yes,1.0,93.0,finalized,KXHIGHAUS,92.15641589164733,1.1135224,0.3315047153976983,0.99,-0.6584952846023017,1.0,NO,1.0000000000000009,0.6584952846023017,stop_loss,0.0,6.930000000000001,-1.0000000000000009,-7.9300000000000015,17.325000000000003,-19.825000000000003
2025-10-09,KXHIGHAUS,KXHIGHAUS-25OCT09,KXHIGHAUS-25OCT09-B90.5,between,90.5,90.0,91.0,0.01,0.0,1.0,0.0,1.0,9036.0,0.0,no,0.0,93.0,finalized,KXHIGHAUS,92.15641589164733,1.1135224,0.12311502423837069,0.01,0.11311502423837069,0.0,YES,1.0,0.11311502423837069,stop_loss,0.0,6.930000000000001,-1.0,-7.930000000000001,17.325000000000003,-19.825000000000003
2025-10-10,KXHIGHAUS,KXHIGHAUS-25OCT10,KXHIGHAUS-25OCT10-B92.5,between,92.5,92.0,93.0,0.99,0.0,1.0,0.0,1.0,19675.0,0.0,yes,1.0,92.0,finalized,KXHIGHAUS,92.27220244407654,1.0018616,0.37328942824458505,0.99,-0.6167105717554149,1.0,NO,1.0000000000000009,0.6167105717554149,stop_loss,0.0,6.930000000000001,-1.0000000000000009,-7.9300000000000015,17.325000000000003,-19.825000000000003
2025-10-11,KXHIGHAUS,KXHIGHAUS-25OCT11,KXHIGHAUS-25OCT11-B93.5,between,93.5,93.0,94.0,0.99,0.0,1.0,0.0,1.0,22472.0,0.0,yes,1.0,93.0,finalized,KXHIGHAUS,93.10835371017457,0.9500001,0.37142899387364514,0.99,-0.6185710061263548,1.0,NO,1.0000000000000009,0.6185710061263548,stop_loss,0.0,6.930000000000001,-1.0000000000000009,-7.9300000000000015,17.325000000000003,-19.825000000000003
2025-10-12,KXHIGHAUS,KXHIGHAUS-25OCT12,KXHIGHAUS-25OCT12-B92.5,between,92.5,92.0,93.0,0.99,0.0,1.0,0.0,1.0,14194.0,0.0,yes,1.0,92.0,finalized,KXHIGHAUS,91.73406380017597,1.055166,0.28538986497488694,0.99,-0.704610135025113,1.0,NO,1.0000000000000009,0.704610135025113,stop_loss,0.0,6.930000000000001,-1.0000000000000009,-7.9300000000000015,17.325000000000003,-19.825000000000003
2025-10-12,KXHIGHAUS,KXHIGHAUS-25OCT12,KXHIGHAUS-25OCT12-B90.5,between,90.5,90.0,91.0,0.01,0.0,1.0,0.0,1.0,17103.0,0.0,no,0.0,92.0,finalized,KXHIGHAUS,91.73406380017597,1.055166,0.19316316198312067,0.01,0.18316316198312066,0.0,YES,1.0,0.18316316198312066,stop_loss,0.0,6.930000000000001,-1.0,-7.930000000000001,17.325000000000003,-19.825000000000003
2025-10-13,KXHIGHAUS,KXHIGHAUS-25OCT13,KXHIGHAUS-25OCT13-B92.5,between,92.5,92.0,93.0,0.01,0.0,1.0,0.0,1.0,21550.0,0.0,no,0.0,91.0,finalized,KXHIGHAUS,91.50645179748534,0.921822,0.24359164143835899,0.01,0.23359164143835898,0.0,YES,1.0,0.23359164143835898,stop_loss,0.0,6.930000000000001,-1.0,-7.930000000000001,17.325000000000003,-19.825000000000003
2025-10-13,KXHIGHAUS,KXHIGHAUS-25OCT13,KXHIGHAUS-25OCT13-B90.5,between,90.5,90.0,91.0,0.99,0.0,1.0,0.0,1.0,26819.0,0.0,yes,1.0,91.0,finalized,KXHIGHAUS,91.50645179748534,0.921822,0.24025718840254062,0.99,-0.7497428115974594,1.0,NO,1.0000000000000009,0.7497428115974594,stop_loss,0.0,6.930000000000001,-1.0000000000000009,-7.9300000000000015,17.325000000000003,-19.825000000000003
2025-10-14,KXHIGHAUS,KXHIGHAUS-25OCT14,KXHIGHAUS-25OCT14-B91.5,between,91.5,91.0,92.0,0.99,0.0,1.0,0.0,1.0,20656.0,0.0,yes,1.0,91.0,finalized,KXHIGHAUS,91.06419273217519,1.0910653,0.327929274716984,0.99,-0.662070725283016,1.0,NO,1.0000000000000009,0.662070725283016,stop_loss,0.0,6.930000000000001,-1.0000000000000009,-7.9300000000000015,17.325000000000003,-19.825000000000003
2025-10-14,KXHIGHAUS,KXHIGHAUS-25OCT14,KXHIGHAUS-25OCT14-B89.5,between,89.5,89.0,90.0,0.01,0.0,1.0,0.0,1.0,14819.0,0.0,no,0.0,91.0,finalized,KXHIGHAUS,91.06419273217519,1.0910653,0.13543652539010087,0.01,0.12543652539010086,0.0,YES,1.0,0.12543652539010086,stop_loss,0.0,6.930000000000001,-1.0,-7.930000000000001,17.325000000000003,-19.825000000000003
2025-10-15,KXHIGHAUS,KXHIGHAUS-25OCT15,KXHIGHAUS-25OCT15-B93.5,between,93.5,93.0,94.0,0.99,0.0,1.0,0.0,1.0,10051.0,0.0,yes,1.0,93.0,finalized,KXHIGHAUS,92.44898786544799,0.99871707,0.2303590926816408,0.99,-0.7596409073183592,1.0,NO,1.0000000000000009,0.7596409073183592,stop_loss,0.0,6.930000000000001,-1.0000000000000009,-7.9300000000000015,17.325000000000003,-19.825000000000003
2025-10-15,KXHIGHAUS,KXHIGHAUS-25OCT15,KXHIGHAUS-25OCT15-B91.5,between,91.5,91.0,92.0,0.01,0.0,1.0,0.0,1.0,17247.0,0.0,no,0.0,93.0,finalized,KXHIGHAUS,92.44898786544799,0.99871707,0.2531012723804773,0.01,0.2431012723804773,0.0,YES,1.0,0.2431012723804773,stop_loss,0.0,6.930000000000001,-1.0,-7.930000000000001,17.325000000000003,-19.825000000000003
2025-10-16,KXHIGHAUS,KXHIGHAUS-25OCT16,KXHIGHAUS-25OCT16-T86,less,86.0,,86.0,0.01,0.0,1.0,0.0,1.0,30358.0,0.0,no,0.0,88.0,finalized,KXHIGHAUS,86.51595719655354,1.141382,0.3256179099612392,0.01,0.3156179099612392,0.0,YES,1.0,0.3156179099612392,stop_loss,0.0,6.930000000000001,-1.0,-7.930000000000001,17.325000000000003,-19.825000000000003
2025-10-16,KXHIGHAUS,KXHIGHAUS-25OCT16,KXHIGHAUS-25OCT16-B88.5,between,88.5,88.0,89.0,0.99,0.0,1.0,0.0,1.0,35021.0,0.0,yes,1.0,88.0,finalized,KXHIGHAUS,86.51595719655354,1.141382,0.08199884406612845,0.99,-0.9080011559338715,1.0,NO,1.0000000000000009,0.9080011559338715,stop_loss,0.0,6.930000000000001,-1.0000000000000009,-7.9300000000000015,17.325000000000003,-19.825000000000003
2025-10-16,KXHIGHAUS,KXHIGHAUS-25OCT16,KXHIGHAUS-25OCT16-B86.5,between,86.5,86.0,87.0,0.01,0.0,1.0,0.0,1.0,40617.0,0.0,no,0.0,88.0,finalized,KXHIGHAUS,86.51595719655354,1.141382,0.3386301224953062,0.01,0.3286301224953062,0.0,YES,1.0,0.3286301224953062,stop_loss,0.0,6.930000000000001,-1.0,-7.930000000000001,17.325000000000003,-19.825000000000003
2025-10-17,KXHIGHAUS,KXHIGHAUS-25OCT17,KXHIGHAUS-25OCT17-B92.5,between,92.5,92.0,93.0,0.99,0.0,1.0,0.0,1.0,18122.0,0.0,yes,1.0,93.0,finalized,KXHIGHAUS,91.90645066102347,1.02289,0.32104794309219364,0.99,-0.6689520569078063,1.0,NO,1.0000000000000009,0.6689520569078063,stop_loss,0.0,6.930000000000001,-1.0000000000000009,-7.9300000000000015,17.325000000000003,-19.825000000000003
2025-10-17,KXHIGHAUS,KXHIGHAUS-25OCT17,KXHIGHAUS-25OCT17-B90.5,between,90.5,90.0,91.0,0.01,0.0,1.0,0.0,1.0,39125.0,0.0,no,0.0,93.0,finalized,KXHIGHAUS,91.90645066102347,1.02289,0.15658825069700383,0.01,0.14658825069700382,0.0,YES,1.0,0.14658825069700382,stop_loss,0.0,6.930000000000001,-1.0,-7.930000000000001,17.325000000000003,-19.825000000000003
2025-10-18,KXHIGHAUS,KXHIGHAUS-25OCT18,KXHIGHAUS-25OCT18-B96.5,between,96.5,96.0,97.0,0.01,0.0,1.0,0.0,1.0,9566.0,0.0,no,0.0,95.0,finalized,KXHIGHAUS,95.0945678393046,0.949291,0.14772953872356565,0.01,0.13772953872356564,0.0,YES,1.0,0.13772953872356564,stop_loss,0.0,6.930000000000001,-1.0,-7.930000000000001,17.325000000000003,-19.825000000000003
2025-10-18,KXHIGHAUS,KXHIGHAUS-25OCT18,KXHIGHAUS-25OCT18-B94.5,between,94.5,94.0,95.0,0.99,0.0,1.0,0.0,1.0,19281.0,0.0,yes,1.0,95.0,finalized,KXHIGHAUS,95.0945678393046,0.949291,0.335875673712119,0.99,-0.654124326287881,1.0,NO,1.0000000000000009,0.654124326287881,stop_loss,0.0,6.930000000000001,-1.0000000000000009,-7.9300000000000015,17.325000000000003,-19.825000000000003
2025-10-19,KXHIGHAUS,KXHIGHAUS-25OCT19,KXHIGHAUS-25OCT19-B87.5,between,87.5,87.0,88.0,0.01,0.0,1.0,0.0,1.0,17452.0,0.0,no,0.0,86.0,finalized,KXHIGHAUS,86.42821250756582,1.1184872,0.2246311956920185,0.01,0.2146311956920185,0.0,YES,1.0,0.2146311956920185,stop_loss,0.0,6.930000000000001,-1.0,-7.930000000000001,17.325000000000003,-19.825000000000003
2025-10-19,KXHIGHAUS,KXHIGHAUS-25OCT19,KXHIGHAUS-25OCT19-B85.5,between,85.5,85.0,86.0,0.99,0.0,1.0,0.0,1.0,21187.0,0.0,yes,1.0,86.0,finalized,KXHIGHAUS,86.42821250756582,1.1184872,0.25009937545539196,0.99,-0.739900624544608,1.0,NO,1.0000000000000009,0.739900624544608,stop_loss,0.0,6.930000000000001,-1.0000000000000009,-7.9300000000000015,17.325000000000003,-19.825000000000003
2025-10-20,KXHIGHAUS,KXHIGHAUS-25OCT20,KXHIGHAUS-25OCT20-B94.5,between,94.5,94.0,95.0,0.99,0.0,1.0,0.0,1.0,19378.0,0.0,yes,1.0,94.0,finalized,KXHIGHAUS,93.84051856199899,1.0252852,0.3091431235165283,0.99,-0.6808568764834717,1.0,NO,1.0000000000000009,0.6808568764834717,stop_loss,0.0,6.930000000000001,-1.0000000000000009,-7.9300000000000015,17.325000000000003,-19.825000000000003
2025-10-20,KXHIGHAUS,KXHIGHAUS-25OCT20,KXHIGHAUS-25OCT20-B92.5,between,92.5,92.0,93.0,0.01,0.0,1.0,0.0,1.0,19186.0,0.0,no,0.0,94.0,finalized,KXHIGHAUS,93.84051856199899,1.0252852,0.16985129419922118,0.01,0.15985129419922117,0.0,YES,1.0,0.15985129419922117,stop_loss,0.0,6.930000000000001,-1.0,-7.930000000000001,17.325000000000003,-19.825000000000003
2025-10-21,KXHIGHAUS,KXHIGHAUS-25OCT21,KXHIGHAUS-25OCT21-B89.5,between,89.5,89.0,90.0,0.99,0.0,1.0,0.0,1.0,23332.0,0.0,yes,1.0,89.0,finalized,KXHIGHAUS,88.83475694656373,1.0341015,0.3066117888215594,0.99,-0.6833882111784406,1.0,NO,1.0000000000000009,0.6833882111784406,stop_loss,0.0,6.930000000000001,-1.0000000000000009,-7.9300000000000015,17.325000000000003,-19.825000000000003
2025-10-21,KXHIGHAUS,KXHIGHAUS-25OCT21,KXHIGHAUS-25OCT21-B87.5,between,87.5,87.0,88.0,0.01,0.0,1.0,0.0,1.0,78437.0,0.0,no,0.0,89.0,finalized,KXHIGHAUS,88.83475694656373,1.0341015,0.17175650122737393,0.01,0.16175650122737392,0.0,YES,1.0,0.16175650122737392,stop_loss,0.0,6.930000000000001,-1.0,-7.930000000000001,17.325000000000003,-19.825000000000003
2025-10-22,KXHIGHAUS,KXHIGHAUS-25OCT22,KXHIGHAUS-25OCT22-B88.5,between,88.5,88.0,89.0,0.99,0.0,1.0,0.0,1.0,37967.0,0.0,yes,1.0,88.0,finalized,KXHIGHAUS,86.93742077350616,0.93816686,0.11473256016555178,0.99,-0.8752674398344482,1.0,NO,1.0000000000000009,0.8752674398344482,stop_loss,0.0,6.930000000000001,-1.0000000000000009,-7.9300000000000015,17.325000000000003,-19.825000000000003
2025-10-22,KXHIGHAUS,KXHIGHAUS-25OCT22,KXHIGHAUS-25OCT22-B86.5,between,86.5,86.0,87.0,0.01,0.0,1.0,0.0,1.0,45327.0,0.0,no,0.0,88.0,finalized,KXHIGHAUS,86.93742077350616,0.93816686,0.36774345742157677,0.01,0.35774345742157676,0.0,YES,1.0,0.35774345742157676,stop_loss,0.0,6.930000000000001,-1.0,-7.930000000000001,17.325000000000003,-19.825000000000003
2025-10-23,KXHIGHAUS,KXHIGHAUS-25OCT23,KXHIGHAUS-25OCT23-B92.5,between,92.5,92.0,93.0,0.99,0.0,1.0,0.0,1.0,67450.0,0.0,yes,1.0,92.0,finalized,KXHIGHAUS,90.81153084437052,0.9712099,0.09841402350532547,0.99,-0.8915859764946745,1.0,NO,1.0000000000000009,0.8915859764946745,stop_loss,0.0,6.930000000000001,-1.0000000000000009,-7.9300000000000015,17.325000000000003,-19.825000000000003
2025-10-23,KXHIGHAUS,KXHIGHAUS-25OCT23,KXHIGHAUS-25OCT23-B90.5,between,90.5,90.0,91.0,0.01,0.0,1.0,0.0,1.0,32893.0,0.0,no,0.0,92.0,finalized,KXHIGHAUS,90.81153084437052,0.9712099,0.37524050356121613,0.01,0.3652405035612161,0.0,YES,1.0,0.3652405035612161,stop_loss,0.0,6.930000000000001,-1.0,-7.930000000000001,17.325000000000003,-19.825000000000003
2025-10-24,KXHIGHAUS,KXHIGHAUS-25OCT24,KXHIGHAUS-25OCT24-B90.5,between,90.5,90.0,91.0,0.99,0.0,1.0,0.0,1.0,28497.0,0.0,yes,1.0,90.0,finalized,KXHIGHAUS,88.61015900770822,1.1312677,0.09229626941777824,0.99,-0.8977037305822217,1.0,NO,1.0000000000000009,0.8977037305822217,stop_loss,0.0,6.930000000000001,-1.0000000000000009,-7.9300000000000015,17.325000000000003,-19.825000000000003
2025-10-24,KXHIGHAUS,KXHIGHAUS-25OCT24,KXHIGHAUS-25OCT24-B88.5,between,88.5,88.0,89.0,0.01,0.0,1.0,0.0,1.0,43607.0,0.0,no,0.0,90.0,finalized,KXHIGHAUS,88.61015900770822,1.1312677,0.3399847906614962,0.01,0.32998479066149616,0.0,YES,1.0,0.32998479066149616,stop_loss,0.0,6.930000000000001,-1.0,-7.930000000000001,17.325000000000003,-19.825000000000003
2025-10-26,KXHIGHAUS,KXHIGHAUS-25OCT26,KXHIGHAUS-25OCT26-T80,less,80.0,,80.0,0.01,0.0,1.0,0.0,1.0,24019.0,0.0,no,0.0,82.0,finalized,KXHIGHAUS,81.00161399841308,1.4134032,0.23926956464424082,0.01,0.2292695646442408,0.0,YES,1.0,0.2292695646442408,stop_loss,0.0,6.930000000000001,-1.0,-7.930000000000001,17.325000000000003,-19.825000000000003
2025-10-26,KXHIGHAUS,KXHIGHAUS-25OCT26,KXHIGHAUS-25OCT26-B82.5,between,82.5,82.0,83.0,0.95,0.0,1.0,0.0,1.0,13632.0,0.0,yes,1.0,82.0,finalized,KXHIGHAUS,81.00161399841308,1.4134032,0.1612807439018471,0.95,-0.7887192560981529,1.0,NO,5.000000000000004,0.7887192560981529,stop_loss,0.0,6.65,-5.000000000000004,-11.650000000000006,16.625,-29.125000000000014
2025-10-26,KXHIGHAUS,KXHIGHAUS-25OCT26,KXHIGHAUS-25OCT26-B80.5,between,80.5,80.0,81.0,0.01,0.0,1.0,0.0,1.0,37342.0,0.0,no,0.0,82.0,finalized,KXHIGHAUS,81.00161399841308,1.4134032,0.2602748738509037,0.01,0.2502748738509037,0.0,YES,1.0,0.2502748738509037,stop_loss,0.0,6.930000000000001,-1.0,-7.930000000000001,17.325000000000003,-19.825000000000003
2025-10-27,KXHIGHAUS,KXHIGHAUS-25OCT27,KXHIGHAUS-25OCT27-B89.5,between,89.5,89.0,90.0,0.99,0.0,1.0,0.0,1.0,18643.0,0.0,yes,1.0,90.0,finalized,KXHIGHAUS,88.59807653427123,0.93088233,0.26692413414460814,0.99,-0.7230758658553919,1.0,NO,1.0000000000000009,0.7230758658553919,stop_loss,0.0,6.930000000000001,-1.0000000000000009,-7.9300000000000015,17.325000000000003,-19.825000000000003
2025-10-27,KXHIGHAUS,KXHIGHAUS-25OCT27,KXHIGHAUS-25OCT27-B87.5,between,87.5,87.0,88.0,0.01,0.0,1.0,0.0,1.0,17104.0,0.0,no,0.0,90.0,finalized,KXHIGHAUS,88.59807653427123,0.93088233,0.2172656788629702,0.01,0.2072656788629702,0.0,YES,1.0,0.2072656788629702,stop_loss,0.0,6.930000000000001,-1.0,-7.930000000000001,17.325000000000003,-19.825000000000003
2025-10-28,KXHIGHAUS,KXHIGHAUS-25OCT28,KXHIGHAUS-25OCT28-B88.5,between,88.5,88.0,89.0,0.99,0.0,1.0,0.0,1.0,37465.0,0.0,yes,1.0,89.0,finalized,KXHIGHAUS,86.97816429138184,0.9379354,0.12242074828800797,0.99,-0.867579251711992,1.0,NO,1.0000000000000009,0.867579251711992,stop_loss,0.0,6.930000000000001,-1.0000000000000009,-7.9300000000000015,17.325000000000003,-19.825000000000003
2025-10-28,KXHIGHAUS,KXHIGHAUS-25OCT28,KXHIGHAUS-25OCT28-B86.5,between,86.5,86.0,87.0,0.01,0.0,1.0,0.0,1.0,21755.0,0.0,no,0.0,89.0,finalized,KXHIGHAUS,86.97816429138184,0.9379354,0.3607873648465232,0.01,0.3507873648465232,0.0,YES,1.0,0.3507873648465232,stop_loss,0.0,6.930000000000001,-1.0,-7.930000000000001,17.325000000000003,-19.825000000000003
2025-10-29,KXHIGHAUS,KXHIGHAUS-25OCT29,KXHIGHAUS-25OCT29-T66,less,66.0,,66.0,0.01,0.0,1.0,0.0,1.0,1411.0,0.0,no,0.0,69.0,finalized,KXHIGHAUS,67.1414309978485,1.0249552,0.13271684191261995,0.01,0.12271684191261996,0.0,YES,1.0,0.12271684191261996,stop_loss,0.0,6.930000000000001,-1.0,-7.930000000000001,17.325000000000003,-19.825000000000003
2025-10-29,KXHIGHAUS,KXHIGHAUS-25OCT29,KXHIGHAUS-25OCT29-B68.5,between,68.5,68.0,69.0,0.99,0.0,1.0,0.0,1.0,24318.0,0.0,yes,1.0,69.0,finalized,KXHIGHAUS,67.1414309978485,1.0249552,0.16621801188051033,0.99,-0.8237819881194897,1.0,NO,1.0000000000000009,0.8237819881194897,stop_loss,0.0,6.930000000000001,-1.0000000000000009,-7.9300000000000015,17.325000000000003,-19.825000000000003
2025-10-29,KXHIGHAUS,KXHIGHAUS-25OCT29,KXHIGHAUS-25OCT29-B66.5,between,66.5,66.0,67.0,0.01,0.0,1.0,0.0,1.0,30868.0,0.0,no,0.0,69.0,finalized,KXHIGHAUS,67.1414309978485,1.0249552,0.31240830692113797,0.01,0.30240830692113796,0.0,YES,1.0,0.30240830692113796,stop_loss,0.0,6.930000000000001,-1.0,-7.930000000000001,17.325000000000003,-19.825000000000003
2025-10-30,KXHIGHAUS,KXHIGHAUS-25OCT30,KXHIGHAUS-25OCT30-B71.5,between,71.5,71.0,72.0,0.99,0.0,1.0,0.0,1.0,10487.0,0.0,yes,1.0,72.0,finalized,KXHIGHAUS,71.11479653517405,0.7661387,0.4355922048383303,0.99,-0.5544077951616697,1.0,NO,1.0000000000000009,0.5544077951616697,stop_loss,0.0,6.930000000000001,-1.0000000000000009,-7.9300000000000015,17.325000000000003,-19.825000000000003
2025-10-31,KXHIGHAUS,KXHIGHAUS-25OCT31,KXHIGHAUS-25OCT31-B75.5,between,75.5,75.0,76.0,0.99,0.0,1.0,0.0,1.0,15703.0,0.0,yes,1.0,,finalized,KXHIGHAUS,74.61410976250967,0.7784705,0.2725363284537905,0.99,-0.7174636715462095,1.0,NO,1.0000000000000009,0.7174636715462095,stop_loss,0.0,6.930000000000001,-1.0000000000000009,-7.9300000000000015,17.325000000000003,-19.825000000000003
2025-10-31,KXHIGHAUS,KXHIGHAUS-25OCT31,KXHIGHAUS-25OCT31-B73.5,between,73.5,73.0,74.0,0.01,0.0,1.0,0.0,1.0,19563.0,0.0,no,0.0,,finalized,KXHIGHAUS,74.61410976250967,0.7784705,0.19602904641026617,0.01,0.18602904641026616,0.0,YES,1.0,0.18602904641026616,stop_loss,0.0,6.930000000000001,-1.0,-7.930000000000001,17.325000000000003,-19.825000000000003
2025-11-02,KXHIGHAUS,KXHIGHAUS-25NOV02,KXHIGHAUS-25NOV02-B74.5,between,74.5,74.0,75.0,0.99,0.0,1.0,0.0,1.0,25697.0,0.0,yes,1.0,,finalized,KXHIGHAUS,73.63912225564322,1.008739,0.2716103581862398,0.99,-0.7183896418137602,1.0,NO,1.0000000000000009,0.7183896418137602,stop_loss,0.0,6.930000000000001,-1.0000000000000009,-7.9300000000000015,17.325000000000003,-19.825000000000003
2025-11-02,KXHIGHAUS,KXHIGHAUS-25NOV02,KXHIGHAUS-25NOV02-B72.5,between,72.5,72.0,73.0,0.01,0.0,1.0,0.0,1.0,24330.0,0.0,no,0.0,,finalized,KXHIGHAUS,73.63912225564322,1.008739,0.21108614746289092,0.01,0.2010861474628909,0.0,YES,1.0,0.2010861474628909,stop_loss,0.0,6.930000000000001,-1.0,-7.930000000000001,17.325000000000003,-19.825000000000003
2025-11-03,KXHIGHAUS,KXHIGHAUS-25NOV03,KXHIGHAUS-25NOV03-T77,less,77.0,,77.0,0.01,0.0,1.0,0.0,1.0,8224.0,0.0,no,0.0,,finalized,KXHIGHAUS,77.64017112255097,0.9069106,0.2401310163665588,0.01,0.2301310163665588,0.0,YES,1.0,0.2301310163665588,stop_loss,0.0,6.930000000000001,-1.0,-7.930000000000001,17.325000000000003,-19.825000000000003
2025-11-03,KXHIGHAUS,KXHIGHAUS-25NOV03,KXHIGHAUS-25NOV03-B79.5,between,79.5,79.0,80.0,0.99,0.0,1.0,0.0,1.0,33731.0,0.0,yes,1.0,,finalized,KXHIGHAUS,77.64017112255097,0.9069106,0.062250543233820954,0.99,-0.927749456766179,1.0,NO,1.0000000000000009,0.927749456766179,stop_loss,0.0,6.930000000000001,-1.0000000000000009,-7.9300000000000015,17.325000000000003,-19.825000000000003
2025-11-03,KXHIGHAUS,KXHIGHAUS-25NOV03,KXHIGHAUS-25NOV03-B77.5,between,77.5,77.0,78.0,0.01,0.0,1.0,0.0,1.0,26754.0,0.0,no,0.0,,finalized,KXHIGHAUS,77.64017112255097,0.9069106,0.4140979899182466,0.01,0.4040979899182466,0.0,YES,1.0,0.4040979899182466,stop_loss,0.0,6.930000000000001,-1.0,-7.930000000000001,17.325000000000003,-19.825000000000003
2025-11-04,KXHIGHAUS,KXHIGHAUS-25NOV04,KXHIGHAUS-25NOV04-B80.5,between,80.5,80.0,81.0,0.99,0.0,1.0,0.0,1.0,11106.0,0.0,yes,1.0,,finalized,KXHIGHAUS,79.78966432412466,0.9848044,0.3059030475362646,0.99,-0.6840969524637354,1.0,NO,1.0000000000000009,0.6840969524637354,stop_loss,0.0,6.930000000000001,-1.0000000000000009,-7.9300000000000015,17.325000000000003,-19.825000000000003
2025-11-04,KXHIGHAUS,KXHIGHAUS-25NOV04,KXHIGHAUS-25NOV04-B78.5,between,78.5,78.0,79.0,0.01,0.0,1.0,0.0,1.0,19387.0,0.0,no,0.0,,finalized,KXHIGHAUS,79.78966432412466,0.9848044,0.17673297922764178,0.01,0.16673297922764177,0.0,YES,1.0,0.16673297922764177,stop_loss,0.0,6.930000000000001,-1.0,-7.930000000000001,17.325000000000003,-19.825000000000003
2025-11-05,KXHIGHAUS,KXHIGHAUS-25NOV05,KXHIGHAUS-25NOV05-B83.5,between,83.5,83.0,84.0,0.99,0.0,1.0,0.0,1.0,13428.0,0.0,yes,1.0,,finalized,KXHIGHAUS,83.23576783339182,0.8896742,0.40932745075114346,0.99,-0.5806725492488565,1.0,NO,1.0000000000000009,0.5806725492488565,stop_loss,0.0,6.930000000000001,-1.0000000000000009,-7.9300000000000015,17.325000000000003,-19.825000000000003
2025-11-06,KXHIGHAUS,KXHIGHAUS-25NOV06,KXHIGHAUS-25NOV06-B84.5,between,84.5,84.0,85.0,0.99,0.0,1.0,0.0,1.0,10397.0,0.0,yes,1.0,,finalized,KXHIGHAUS,83.85987187226613,0.8976507,0.3359548182286032,0.99,-0.6540451817713968,1.0,NO,1.0000000000000009,0.6540451817713968,stop_loss,0.0,6.930000000000001,-1.0000000000000009,-7.9300000000000015,17.325000000000003,-19.825000000000003
2025-11-06,KXHIGHAUS,KXHIGHAUS-25NOV06,KXHIGHAUS-25NOV06-B82.5,between,82.5,82.0,83.0,0.01,0.0,1.0,0.0,1.0,6384.0,0.0,no,0.0,,finalized,KXHIGHAUS,83.85987187226613,0.8976507,0.14991729332463213,0.01,0.13991729332463212,0.0,YES,1.0,0.13991729332463212,stop_loss,0.0,6.930000000000001,-1.0,-7.930000000000001,17.325000000000003,-19.825000000000003
2025-11-07,KXHIGHAUS,KXHIGHAUS-25NOV07,KXHIGHAUS-25NOV07-B91.5,between,91.5,91.0,92.0,0.99,0.0,1.0,0.0,1.0,26752.0,0.0,yes,1.0,,finalized,KXHIGHAUS,91.92171646753947,0.8566007,0.39544814295978054,0.99,-0.5945518570402195,1.0,NO,1.0000000000000009,0.5945518570402195,stop_loss,0.0,6.930000000000001,-1.0000000000000009,-7.9300000000000015,17.325000000000003,-19.825000000000003
2025-11-08,KXHIGHAUS,KXHIGHAUS-25NOV08,KXHIGHAUS-25NOV08-B85.5,between,85.5,85.0,86.0,0.99,0.0,1.0,0.0,1.0,17662.0,0.0,yes,1.0,,finalized,KXHIGHAUS,85.86181174914041,0.92339194,0.3841510142430231,0.99,-0.6058489857569769,1.0,NO,1.0000000000000009,0.6058489857569769,stop_loss,0.0,6.930000000000001,-1.0000000000000009,-7.9300000000000015,17.325000000000003,-19.825000000000003
2025-11-09,KXHIGHAUS,KXHIGHAUS-25NOV09,KXHIGHAUS-25NOV09-T72,greater,72.0,72.0,,0.01,0.0,1.0,0.0,1.0,9241.0,0.0,no,0.0,71.0,finalized,KXHIGHAUS,70.67123740116756,1.237818,0.1415297642023135,0.01,0.1315297642023135,0.0,YES,1.0,0.1315297642023135,stop_loss,0.0,6.930000000000001,-1.0,-7.930000000000001,17.325000000000003,-19.825000000000003
2025-11-09,KXHIGHAUS,KXHIGHAUS-25NOV09,KXHIGHAUS-25NOV09-B71.5,between,71.5,71.0,72.0,0.99,0.0,1.0,0.0,1.0,10599.0,0.0,yes,1.0,71.0,finalized,KXHIGHAUS,70.67123740116756,1.237818,0.25374445812393587,0.99,-0.7362555418760641,1.0,NO,1.0000000000000009,0.7362555418760641,stop_loss,0.0,6.930000000000001,-1.0000000000000009,-7.9300000000000015,17.325000000000003,-19.825000000000003
2025-11-09,KXHIGHAUS,KXHIGHAUS-25NOV09,KXHIGHAUS-25NOV09-B69.5,between,69.5,69.0,70.0,0.01,0.0,1.0,0.0,1.0,9584.0,0.0,no,0.0,71.0,finalized,KXHIGHAUS,70.67123740116756,1.237818,0.2053303667424029,0.01,0.1953303667424029,0.0,YES,1.0,0.1953303667424029,stop_loss,0.0,6.930000000000001,-1.0,-7.930000000000001,17.325000000000003,-19.825000000000003
2025-11-10,KXHIGHAUS,KXHIGHAUS-25NOV10,KXHIGHAUS-25NOV10-B60.5,between,60.5,60.0,61.0,0.99,0.0,1.0,0.0,1.0,14848.0,0.0,yes,1.0,,finalized,KXHIGHAUS,59.228047672907515,0.95659626,0.1778518245593107,0.99,-0.8121481754406893,1.0,NO,1.0000000000000009,0.8121481754406893,stop_loss,0.0,6.930000000000001,-1.0000000000000009,-7.9300000000000015,17.325000000000003,-19.825000000000003
2025-11-10,KXHIGHAUS,KXHIGHAUS-25NOV10,KXHIGHAUS-25NOV10-B58.5,between,58.5,58.0,59.0,0.01,0.0,1.0,0.0,1.0,15586.0,0.0,no,0.0,,finalized,KXHIGHAUS,59.228047672907515,0.95659626,0.3061758399797221,0.01,0.2961758399797221,0.0,YES,1.0,0.2961758399797221,stop_loss,0.0,6.930000000000001,-1.0,-7.930000000000001,17.325000000000003,-19.825000000000003
2025-11-11,KXHIGHAUS,KXHIGHAUS-25NOV11,KXHIGHAUS-25NOV11-B75.5,between,75.5,75.0,76.0,0.99,0.0,1.0,0.0,1.0,19894.0,0.0,yes,1.0,,finalized,KXHIGHAUS,72.05403091112773,0.8225487,0.00017000054556592925,0.99,-0.9898299994544341,1.0,NO,1.0000000000000009,0.9898299994544341,stop_loss,0.0,6.930000000000001,-1.0000000000000009,-7.9300000000000015,17.325000000000003,-19.825000000000003
2025-11-11,KXHIGHAUS,KXHIGHAUS-25NOV11,KXHIGHAUS-25NOV11-B73.5,between,73.5,73.0,74.0,0.01,0.0,1.0,0.0,1.0,14454.0,0.0,no,0.0,,finalized,KXHIGHAUS,72.05403091112773,0.8225487,0.11606632699223707,0.01,0.10606632699223707,0.0,YES,1.0,0.10606632699223707,stop_loss,0.0,6.930000000000001,-1.0,-7.930000000000001,17.325000000000003,-19.825000000000003
2025-11-11,KXHIGHAUS,KXHIGHAUS-25NOV11,KXHIGHAUS-25NOV11-B71.5,between,71.5,71.0,72.0,0.01,0.0,1.0,0.0,1.0,18581.0,0.0,no,0.0,,finalized,KXHIGHAUS,72.05403091112773,0.8225487,0.37379046661608795,0.01,0.36379046661608794,0.0,YES,1.0,0.36379046661608794,stop_loss,0.0,6.930000000000001,-1.0,-7.930000000000001,17.325000000000003,-19.825000000000003
2025-11-12,KXHIGHAUS,KXHIGHAUS-25NOV12,KXHIGHAUS-25NOV12-B82.5,between,82.5,82.0,83.0,0.99,0.0,1.0,0.0,1.0,11058.0,0.0,yes,1.0,,finalized,KXHIGHAUS,81.73381145000458,0.87906235,0.3061382694498981,0.99,-0.6838617305501019,1.0,NO,1.0000000000000009,0.6838617305501019,stop_loss,0.0,6.930000000000001,-1.0000000000000009,-7.9300000000000015,17.325000000000003,-19.825000000000003
2025-11-12,KXHIGHAUS,KXHIGHAUS-25NOV12,KXHIGHAUS-25NOV12-B80.5,between,80.5,80.0,81.0,0.01,0.0,1.0,0.0,1.0,13542.0,0.0,no,0.0,,finalized,KXHIGHAUS,81.73381145000458,0.87906235,0.17763941033434483,0.01,0.16763941033434482,0.0,YES,1.0,0.16763941033434482,stop_loss,0.0,6.930000000000001,-1.0,-7.930000000000001,17.325000000000003,-19.825000000000003
2025-11-13,KXHIGHAUS,KXHIGHAUS-25NOV13,KXHIGHAUS-25NOV13-B86.5,between,86.5,86.0,87.0,0.99,0.0,1.0,0.0,1.0,21994.0,0.0,yes,1.0,,finalized,KXHIGHAUS,84.01518592834474,0.9535355,0.017819388778992917,0.99,-0.9721806112210071,1.0,NO,1.0000000000000009,0.9721806112210071,stop_loss,0.0,6.930000000000001,-1.0000000000000009,-7.9300000000000015,17.325000000000003,-19.825000000000003
2025-11-13,KXHIGHAUS,KXHIGHAUS-25NOV13,KXHIGHAUS-25NOV13-B84.5,between,84.5,84.0,85.0,0.01,0.0,1.0,0.0,1.0,48179.0,0.0,no,0.0,,finalized,KXHIGHAUS,84.01518592834474,0.9535355,0.3555051423252895,0.01,0.3455051423252895,0.0,YES,1.0,0.3455051423252895,stop_loss,0.0,6.930000000000001,-1.0,-7.930000000000001,17.325000000000003,-19.825000000000003
2025-11-13,KXHIGHAUS,KXHIGHAUS-25NOV13,KXHIGHAUS-25NOV13-B82.5,between,82.5,82.0,83.0,0.01,0.0,1.0,0.0,1.0,26129.0,0.0,no,0.0,,finalized,KXHIGHAUS,84.01518592834474,0.9535355,0.12623214681122624,0.01,0.11623214681122625,0.0,YES,1.0,0.11623214681122625,stop_loss,0.0,6.930000000000001,-1.0,-7.930000000000001,17.325000000000003,-19.825000000000003
2025-11-14,KXHIGHAUS,KXHIGHAUS-25NOV14,KXHIGHAUS-25NOV14-B84.5,between,84.5,84.0,85.0,0.99,0.0,1.0,0.0,1.0,16464.0,0.0,yes,1.0,,finalized,KXHIGHAUS,84.88320140838623,0.95201236,0.37204584719530626,0.99,-0.6179541528046937,1.0,NO,1.0000000000000009,0.6179541528046937,stop_loss,0.0,6.930000000000001,-1.0000000000000009,-7.9300000000000015,17.325000000000003,-19.825000000000003
2025-11-15,KXHIGHAUS,KXHIGHAUS-25NOV15,KXHIGHAUS-25NOV15-B85.5,between,85.5,85.0,86.0,0.99,0.0,1.0,0.0,1.0,16730.0,0.0,yes,1.0,,finalized,KXHIGHAUS,84.31624825795491,0.97932565,0.199750205247886,0.99,-0.790249794752114,1.0,NO,1.0000000000000009,0.790249794752114,stop_loss,0.0,6.930000000000001,-1.0000000000000009,-7.9300000000000015,17.325000000000003,-19.825000000000003
2025-11-15,KXHIGHAUS,KXHIGHAUS-25NOV15,KXHIGHAUS-25NOV15-B83.5,between,83.5,83.0,84.0,0.01,0.0,1.0,0.0,1.0,24429.0,0.0,no,0.0,,finalized,KXHIGHAUS,84.31624825795491,0.97932565,0.2839077219404501,0.01,0.2739077219404501,0.0,YES,1.0,0.2739077219404501,stop_loss,0.0,6.930000000000001,-1.0,-7.930000000000001,17.325000000000003,-19.825000000000003
2025-11-16,KXHIGHAUS,KXHIGHAUS-25NOV16,KXHIGHAUS-25NOV16-B86.5,between,86.5,86.0,87.0,0.99,0.0,1.0,0.0,1.0,20803.0,0.0,yes,1.0,,finalized,KXHIGHAUS,86.09671478271484,0.9799214,0.3609922252786359,0.99,-0.629007774721364,1.0,NO,1.0000000000000009,0.629007774721364,stop_loss,0.0,6.930000000000001,-1.0000000000000009,-7.9300000000000015,17.325000000000003,-19.825000000000003
2025-11-16,KXHIGHAUS,KXHIGHAUS-25NOV16,KXHIGHAUS-25NOV16-B84.5,between,84.5,84.0,85.0,0.01,0.0,1.0,0.0,1.0,13695.0,0.0,no,0.0,,finalized,KXHIGHAUS,86.09671478271484,0.9799214,0.11533983592978063,0.01,0.10533983592978063,0.0,YES,1.0,0.10533983592978063,stop_loss,0.0,6.930000000000001,-1.0,-7.930000000000001,17.325000000000003,-19.825000000000003
2025-11-17,KXHIGHAUS,KXHIGHAUS-25NOV17,KXHIGHAUS-25NOV17-T85,less,85.0,,85.0,0.01,0.0,1.0,0.0,1.0,9152.0,0.0,no,0.0,,finalized,KXHIGHAUS,86.18000117937724,1.1053154,0.14285734930356264,0.01,0.13285734930356263,0.0,YES,1.0,0.13285734930356263,stop_loss,0.0,6.930000000000001,-1.0,-7.930000000000001,17.325000000000003,-19.825000000000003
2025-11-17,KXHIGHAUS,KXHIGHAUS-25NOV17,KXHIGHAUS-25NOV17-B87.5,between,87.5,87.0,88.0,0.99,0.0,1.0,0.0,1.0,13012.0,0.0,yes,1.0,,finalized,KXHIGHAUS,86.18000117937724,1.1053154,0.17926206667607347,0.99,-0.8107379333239265,1.0,NO,1.0000000000000009,0.8107379333239265,stop_loss,0.0,6.930000000000001,-1.0000000000000009,-7.9300000000000015,17.325000000000003,-19.825000000000003
2025-11-17,KXHIGHAUS,KXHIGHAUS-25NOV17,KXHIGHAUS-25NOV17-B85.5,between,85.5,85.0,86.0,0.01,0.0,1.0,0.0,1.0,33616.0,0.0,no,0.0,,finalized,KXHIGHAUS,86.18000117937724,1.1053154,0.29246072133872153,0.01,0.2824607213387215,0.0,YES,1.0,0.2824607213387215,stop_loss,0.0,6.930000000000001,-1.0,-7.930000000000001,17.325000000000003,-19.825000000000003
2025-11-18,KXHIGHAUS,KXHIGHAUS-25NOV18,KXHIGHAUS-25NOV18-T84,less,84.0,,84.0,0.01,0.0,1.0,0.0,1.0,14942.0,0.0,no,0.0,,finalized,KXHIGHAUS,84.85245780944824,1.2390972,0.24573683212775255,0.01,0.23573683212775254,0.0,YES,1.0,0.23573683212775254,stop_loss,0.0,6.930000000000001,-1.0,-7.930000000000001,17.325000000000003,-19.825000000000003
2025-11-18,KXHIGHAUS,KXHIGHAUS-25NOV18,KXHIGHAUS-25NOV18-B86.5,between,86.5,86.0,87.0,0.99,0.0,1.0,0.0,1.0,15407.0,0.0,yes,1.0,,finalized,KXHIGHAUS,84.85245780944824,1.2390972,0.1356595740065606,0.99,-0.8543404259934394,1.0,NO,1.0000000000000009,0.8543404259934394,stop_loss,0.0,6.930000000000001,-1.0000000000000009,-7.9300000000000015,17.325000000000003,-19.825000000000003
2025-11-18,KXHIGHAUS,KXHIGHAUS-25NOV18,KXHIGHAUS-25NOV18-B84.5,between,84.5,84.0,85.0,0.01,0.0,1.0,0.0,1.0,24818.0,0.0,no,0.0,,finalized,KXHIGHAUS,84.85245780944824,1.2390972,0.3016541402850521,0.01,0.2916541402850521,0.0,YES,1.0,0.2916541402850521,stop_loss,0.0,6.930000000000001,-1.0,-7.930000000000001,17.325000000000003,-19.825000000000003
2025-11-19,KXHIGHAUS,KXHIGHAUS-25NOV19,KXHIGHAUS-25NOV19-B87.5,between,87.5,87.0,88.0,0.99,0.0,1.0,0.0,1.0,39022.0,0.0,yes,1.0,,finalized,KXHIGHAUS,84.910342558225,1.3478203,0.04957992665439004,0.99,-0.94042007334561,1.0,NO,1.0000000000000009,0.94042007334561,stop_loss,0.0,6.930000000000001,-1.0000000000000009,-7.9300000000000015,17.325000000000003,-19.825000000000003
2025-11-19,KXHIGHAUS,KXHIGHAUS-25NOV19,KXHIGHAUS-25NOV19-B85.5,between,85.5,85.0,86.0,0.01,0.0,1.0,0.0,1.0,41870.0,0.0,no,0.0,,finalized,KXHIGHAUS,84.910342558225,1.3478203,0.26406858997599136,0.01,0.25406858997599135,0.0,YES,1.0,0.25406858997599135,stop_loss,0.0,6.930000000000001,-1.0,-7.930000000000001,17.325000000000003,-19.825000000000003
2025-11-19,KXHIGHAUS,KXHIGHAUS-25NOV19,KXHIGHAUS-25NOV19-B83.5,between,83.5,83.0,84.0,0.01,0.0,1.0,0.0,1.0,22252.0,0.0,no,0.0,,finalized,KXHIGHAUS,84.910342558225,1.3478203,0.1715157196058159,0.01,0.1615157196058159,0.0,YES,1.0,0.1615157196058159,stop_loss,0.0,6.930000000000001,-1.0,-7.930000000000001,17.325000000000003,-19.825000000000003
2025-11-20,KXHIGHAUS,KXHIGHAUS-25NOV20,KXHIGHAUS-25NOV20-B85.5,between,85.5,85.0,86.0,0.99,0.0,1.0,0.0,1.0,15026.0,0.0,yes,1.0,,finalized,KXHIGHAUS,82.26686544418335,1.3165138,0.016658318702257535,0.99,-0.9733416812977425,1.0,NO,1.0000000000000009,0.9733416812977425,stop_loss,0.0,6.930000000000001,-1.0000000000000009,-7.9300000000000015,17.325000000000003,-19.825000000000003
2025-11-20,KXHIGHAUS,KXHIGHAUS-25NOV20,KXHIGHAUS-25NOV20-B83.5,between,83.5,83.0,84.0,0.01,0.0,1.0,0.0,1.0,21678.0,0.0,no,0.0,,finalized,KXHIGHAUS,82.26686544418335,1.3165138,0.19479592101546295,0.01,0.18479592101546294,0.0,YES,1.0,0.18479592101546294,stop_loss,0.0,6.930000000000001,-1.0,-7.930000000000001,17.325000000000003,-19.825000000000003
2025-11-20,KXHIGHAUS,KXHIGHAUS-25NOV20,KXHIGHAUS-25NOV20-B81.5,between,81.5,81.0,82.0,0.01,0.0,1.0,0.0,1.0,26150.0,0.0,no,0.0,,finalized,KXHIGHAUS,82.26686544418335,1.3165138,0.2517298855672581,0.01,0.2417298855672581,0.0,YES,1.0,0.2417298855672581,stop_loss,0.0,6.930000000000001,-1.0,-7.930000000000001,17.325000000000003,-19.825000000000003
2025-11-21,KXHIGHAUS,KXHIGHAUS-25NOV21,KXHIGHAUS-25NOV21-T77,less,77.0,,77.0,0.01,0.0,1.0,0.0,1.0,16478.0,0.0,no,0.0,,finalized,KXHIGHAUS,76.9096177816391,1.4765959,0.5244039590116079,0.01,0.5144039590116078,0.0,YES,1.0,0.5144039590116078,stop_loss,0.0,6.930000000000001,-1.0,-7.930000000000001,17.325000000000003,-19.825000000000003
2025-11-21,KXHIGHAUS,KXHIGHAUS-25NOV21,KXHIGHAUS-25NOV21-B77.5,between,77.5,77.0,78.0,0.99,0.0,1.0,0.0,1.0,23147.0,0.0,yes,1.0,,finalized,KXHIGHAUS,76.9096177816391,1.4765959,0.24547346212947863,0.99,-0.7445265378705214,1.0,NO,1.0000000000000009,0.7445265378705214,stop_loss,0.0,6.930000000000001,-1.0000000000000009,-7.9300000000000015,17.325000000000003,-19.825000000000003
2025-11-22,KXHIGHAUS,KXHIGHAUS-25NOV22,KXHIGHAUS-25NOV22-B77.5,between,77.5,77.0,78.0,0.01,0.0,1.0,0.0,1.0,12058.0,0.0,no,0.0,76.0,finalized,KXHIGHAUS,76.84533767700196,1.037386,0.3078983982630261,0.01,0.2978983982630261,0.0,YES,1.0,0.2978983982630261,stop_loss,0.0,6.930000000000001,-1.0,-7.930000000000001,17.325000000000003,-19.825000000000003
2025-11-22,KXHIGHAUS,KXHIGHAUS-25NOV22,KXHIGHAUS-25NOV22-B75.5,between,75.5,75.0,76.0,0.99,0.0,1.0,0.0,1.0,8031.0,0.0,yes,1.0,76.0,finalized,KXHIGHAUS,76.84533767700196,1.037386,0.16993906967201072,0.99,-0.8200609303279893,1.0,NO,1.0000000000000009,0.8200609303279893,stop_loss,0.0,6.930000000000001,-1.0000000000000009,-7.9300000000000015,17.325000000000003,-19.825000000000003
2025-11-24,KXHIGHAUS,KXHIGHAUS-25NOV24,KXHIGHAUS-25NOV24-T77,less,77.0,,77.0,0.01,0.0,1.0,0.0,1.0,19688.0,0.0,no,0.0,,finalized,KXHIGHAUS,76.63938757578532,1.0573846,0.6334639690668041,0.01,0.6234639690668041,0.0,YES,1.0,0.6234639690668041,stop_loss,0.0,6.930000000000001,-1.0,-7.930000000000001,17.325000000000003,-19.825000000000003
2025-11-24,KXHIGHAUS,KXHIGHAUS-25NOV24,KXHIGHAUS-25NOV24-B77.5,between,77.5,77.0,78.0,0.99,0.0,1.0,0.0,1.0,29773.0,0.0,yes,1.0,,finalized,KXHIGHAUS,76.63938757578532,1.0573846,0.2674490663995859,0.99,-0.7225509336004141,1.0,NO,1.0000000000000009,0.7225509336004141,stop_loss,0.0,6.930000000000001,-1.0000000000000009,-7.9300000000000015,17.325000000000003,-19.825000000000003
2025-11-25,KXHIGHAUS,KXHIGHAUS-25NOV25,KXHIGHAUS-25NOV25-T82,greater,82.0,82.0,,0.01,0.0,1.0,0.0,1.0,5808.0,0.0,no,0.0,,finalized,KXHIGHAUS,81.68596099217733,0.9125142,0.3653678773569521,0.01,0.3553678773569521,0.0,YES,1.0,0.3553678773569521,stop_loss,0.0,6.930000000000001,-1.0,-7.930000000000001,17.325000000000003,-19.825000000000003
2025-11-25,KXHIGHAUS,KXHIGHAUS-25NOV25,KXHIGHAUS-25NOV25-B81.5,between,81.5,81.0,82.0,0.99,0.0,1.0,0.0,1.0,15061.0,0.0,yes,1.0,,finalized,KXHIGHAUS,81.68596099217733,0.9125142,0.40852430746661317,0.99,-0.5814756925333868,1.0,NO,1.0000000000000009,0.5814756925333868,stop_loss,0.0,6.930000000000001,-1.0000000000000009,-7.9300000000000015,17.325000000000003,-19.825000000000003
2025-11-26,KXHIGHAUS,KXHIGHAUS-25NOV26,KXHIGHAUS-25NOV26-B65.5,between,65.5,65.0,66.0,0.99,0.0,1.0,0.0,1.0,8198.0,0.0,yes,1.0,66.0,finalized,KXHIGHAUS,65.28107553323109,1.142216,0.33264984503111117,0.99,-0.6573501549688888,1.0,NO,1.0000000000000009,0.6573501549688888,stop_loss,0.0,6.930000000000001,-1.0000000000000009,-7.9300000000000015,17.325000000000003,-19.825000000000003
2025-11-27,KXHIGHAUS,KXHIGHAUS-25NOV27,KXHIGHAUS-25NOV27-T62,less,62.0,,62.0,0.01,0.0,1.0,0.0,1.0,7494.0,0.0,no,0.0,,finalized,KXHIGHAUS,62.6233603934447,0.9437247,0.2544562331108018,0.01,0.24445623311080178,0.0,YES,1.0,0.24445623311080178,stop_loss,0.0,6.930000000000001,-1.0,-7.930000000000001,17.325000000000003,-19.825000000000003
2025-11-27,KXHIGHAUS,KXHIGHAUS-25NOV27,KXHIGHAUS-25NOV27-B64.5,between,64.5,64.0,65.0,0.99,0.0,1.0,0.0,1.0,18179.0,0.0,yes,1.0,,finalized,KXHIGHAUS,62.6233603934447,0.9437247,0.06642458728128553,0.99,-0.9235754127187145,1.0,NO,1.0000000000000009,0.9235754127187145,stop_loss,0.0,6.930000000000001,-1.0000000000000009,-7.9300000000000015,17.325000000000003,-19.825000000000003
2025-11-27,KXHIGHAUS,KXHIGHAUS-25NOV27,KXHIGHAUS-25NOV27-B62.5,between,62.5,62.0,63.0,0.01,0.0,1.0,0.0,1.0,7051.0,0.0,no,0.0,,finalized,KXHIGHAUS,62.6233603934447,0.9437247,0.4006336474026345,0.01,0.3906336474026345,0.0,YES,1.0,0.3906336474026345,stop_loss,0.0,6.930000000000001,-1.0,-7.930000000000001,17.325000000000003,-19.825000000000003
2025-11-28,KXHIGHAUS,KXHIGHAUS-25NOV28,KXHIGHAUS-25NOV28-B68.5,between,68.5,68.0,69.0,0.99,0.0,1.0,0.0,1.0,10111.0,0.0,yes,1.0,,finalized,KXHIGHAUS,66.99575145244599,0.8741405,0.11438162296446397,0.99,-0.875618377035536,1.0,NO,1.0000000000000009,0.875618377035536,stop_loss,0.0,6.930000000000001,-1.0000000000000009,-7.9300000000000015,17.325000000000003,-19.825000000000003
2025-11-28,KXHIGHAUS,KXHIGHAUS-25NOV28,KXHIGHAUS-25NOV28-B66.5,between,66.5,66.0,67.0,0.01,0.0,1.0,0.0,1.0,14165.0,0.0,no,0.0,,finalized,KXHIGHAUS,66.99575145244599,0.8741405,0.3746125262473117,0.01,0.36461252624731166,0.0,YES,1.0,0.36461252624731166,stop_loss,0.0,6.930000000000001,-1.0,-7.930000000000001,17.325000000000003,-19.825000000000003
2025-11-29,KXHIGHAUS,KXHIGHAUS-25NOV29,KXHIGHAUS-25NOV29-B81.5,between,81.5,81.0,82.0,0.99,0.0,1.0,0.0,1.0,9230.0,0.0,yes,1.0,,finalized,KXHIGHAUS,78.89817428588867,0.9862539,0.015709347918346883,0.99,-0.9742906520816531,1.0,NO,1.0000000000000009,0.9742906520816531,stop_loss,0.0,6.930000000000001,-1.0000000000000009,-7.9300000000000015,17.325000000000003,-19.825000000000003
2025-11-29,KXHIGHAUS,KXHIGHAUS-25NOV29,KXHIGHAUS-25NOV29-B79.5,between,79.5,79.0,80.0,0.01,0.0,1.0,0.0,1.0,11446.0,0.0,no,0.0,,finalized,KXHIGHAUS,78.89817428588867,0.9862539,0.3269261620575602,0.01,0.3169261620575602,0.0,YES,1.0,0.3169261620575602,stop_loss,0.0,6.930000000000001,-1.0,-7.930000000000001,17.325000000000003,-19.825000000000003
2025-11-29,KXHIGHAUS,KXHIGHAUS-25NOV29,KXHIGHAUS-25NOV29-B77.5,between,77.5,77.0,78.0,0.01,0.0,1.0,0.0,1.0,31254.0,0.0,no,0.0,,finalized,KXHIGHAUS,78.89817428588867,0.9862539,0.15409083845851249,0.01,0.14409083845851248,0.0,YES,1.0,0.14409083845851248,stop_loss,0.0,6.930000000000001,-1.0,-7.930000000000001,17.325000000000003,-19.825000000000003
2025-11-30,KXHIGHAUS,KXHIGHAUS-25NOV30,KXHIGHAUS-25NOV30-T62,greater,62.0,62.0,,0.01,0.0,1.0,0.0,1.0,8766.0,0.0,no,0.0,60.0,finalized,KXHIGHAUS,62.06775124073028,1.5557264,0.517368280880266,0.01,0.507368280880266,0.0,YES,1.0,0.507368280880266,stop_loss,0.0,6.930000000000001,-1.0,-7.930000000000001,17.325000000000003,-19.825000000000003
2025-11-30,KXHIGHAUS,KXHIGHAUS-25NOV30,KXHIGHAUS-25NOV30-B61.5,between,61.5,61.0,62.0,0.01,0.0,1.0,0.0,1.0,17443.0,0.0,no,0.0,60.0,finalized,KXHIGHAUS,62.06775124073028,1.5557264,0.23638113343753703,0.01,0.22638113343753702,0.0,YES,1.0,0.22638113343753702,stop_loss,0.0,6.930000000000001,-1.0,-7.930000000000001,17.325000000000003,-19.825000000000003
2025-11-30,KXHIGHAUS,KXHIGHAUS-25NOV30,KXHIGHAUS-25NOV30-B59.5,between,59.5,59.0,60.0,0.99,0.0,1.0,0.0,1.0,17526.0,0.0,yes,1.0,60.0,finalized,KXHIGHAUS,62.06775124073028,1.5557264,0.06759376522048449,0.99,-0.9224062347795154,1.0,NO,1.0000000000000009,0.9224062347795154,stop_loss,0.0,6.930000000000001,-1.0000000000000009,-7.9300000000000015,17.325000000000003,-19.825000000000003
2025-12-02,KXHIGHAUS,KXHIGHAUS-25DEC02,KXHIGHAUS-25DEC02-T55,less,55.0,,55.0,0.01,0.0,1.0,0.0,1.0,63393.0,0.0,no,0.0,,finalized,KXHIGHAUS,55.1461480696996,1.0260684,0.44336820518972864,0.01,0.43336820518972863,0.0,YES,1.0,0.43336820518972863,stop_loss,0.0,6.930000000000001,-1.0,-7.930000000000001,17.325000000000003,-19.825000000000003
2025-12-02,KXHIGHAUS,KXHIGHAUS-25DEC02,KXHIGHAUS-25DEC02-B55.5,between,55.5,55.0,56.0,0.99,0.0,1.0,0.0,1.0,20601.0,0.0,yes,1.0,,finalized,KXHIGHAUS,55.1461480696996,1.0260684,0.3539721482195851,0.99,-0.6360278517804149,1.0,NO,1.0000000000000009,0.6360278517804149,stop_loss,0.0,6.930000000000001,-1.0000000000000009,-7.9300000000000015,17.325000000000003,-19.825000000000003
2025-12-04,KXHIGHAUS,KXHIGHAUS-25DEC04,KXHIGHAUS-25DEC04-T55,less,55.0,,55.0,0.01,0.0,1.0,0.0,1.0,145260.0,0.0,no,0.0,,finalized,KXHIGHAUS,54.82173376878103,1.2785021,0.5554462633242832,0.01,0.5454462633242831,0.0,YES,1.0,0.5454462633242831,stop_loss,0.0,6.930000000000001,-1.0,-7.930000000000001,17.325000000000003,-19.825000000000003
2025-12-04,KXHIGHAUS,KXHIGHAUS-25DEC04,KXHIGHAUS-25DEC04-B55.5,between,55.5,55.0,56.0,0.99,0.0,1.0,0.0,1.0,19342.0,0.0,yes,1.0,,finalized,KXHIGHAUS,54.82173376878103,1.2785021,0.26618484003771137,0.99,-0.7238151599622886,1.0,NO,1.0000000000000009,0.7238151599622886,stop_loss,0.0,6.930000000000001,-1.0000000000000009,-7.9300000000000015,17.325000000000003,-19.825000000000003
2025-12-05,KXHIGHAUS,KXHIGHAUS-25DEC05,KXHIGHAUS-25DEC05-B54.5,between,54.5,54.0,55.0,0.01,0.0,1.0,0.0,1.0,21489.0,0.0,no,0.0,,finalized,KXHIGHAUS,52.87441740234693,1.1230392,0.1289093623809736,0.01,0.11890936238097362,0.0,YES,1.0,0.11890936238097362,stop_loss,0.0,6.930000000000001,-1.0,-7.930000000000001,17.325000000000003,-19.825000000000003
2025-12-05,KXHIGHAUS,KXHIGHAUS-25DEC05,KXHIGHAUS-25DEC05-B52.5,between,52.5,52.0,53.0,0.99,0.0,1.0,0.0,1.0,25246.0,0.0,yes,1.0,,finalized,KXHIGHAUS,52.87441740234693,1.1230392,0.3264157777434011,0.99,-0.6635842222565989,1.0,NO,1.0000000000000009,0.6635842222565989,stop_loss,0.0,6.930000000000001,-1.0000000000000009,-7.9300000000000015,17.325000000000003,-19.825000000000003
2025-12-06,KXHIGHAUS,KXHIGHAUS-25DEC06,KXHIGHAUS-25DEC06-T77,greater,77.0,77.0,,0.99,0.0,1.0,0.0,1.0,31414.0,0.0,yes,1.0,,finalized,KXHIGHAUS,76.55372597376505,1.0476358,0.33506046872256934,0.99,-0.6549395312774307,1.0,NO,1.0000000000000009,0.6549395312774307,stop_loss,0.0,6.930000000000001,-1.0000000000000009,-7.9300000000000015,17.325000000000003,-19.825000000000003
2025-12-06,KXHIGHAUS,KXHIGHAUS-25DEC06,KXHIGHAUS-25DEC06-B76.5,between,76.5,76.0,77.0,0.01,0.0,1.0,0.0,1.0,43508.0,0.0,no,0.0,,finalized,KXHIGHAUS,76.55372597376505,1.0476358,0.36638006718610305,0.01,0.35638006718610304,0.0,YES,1.0,0.35638006718610304,stop_loss,0.0,6.930000000000001,-1.0,-7.930000000000001,17.325000000000003,-19.825000000000003
2025-12-07,KXHIGHAUS,KXHIGHAUS-25DEC07,KXHIGHAUS-25DEC07-B72.5,between,72.5,72.0,73.0,0.99,0.0,1.0,0.0,1.0,27901.0,0.0,yes,1.0,73.0,finalized,KXHIGHAUS,69.91910719871521,1.2004603,0.036373572712807944,0.99,-0.953626427287192,1.0,NO,1.0000000000000009,0.953626427287192,stop_loss,0.0,6.930000000000001,-1.0000000000000009,-7.9300000000000015,17.325000000000003,-19.825000000000003
2025-12-07,KXHIGHAUS,KXHIGHAUS-25DEC07,KXHIGHAUS-25DEC07-B70.5,between,70.5,70.0,71.0,0.01,0.0,1.0,0.0,1.0,42443.0,0.0,no,0.0,73.0,finalized,KXHIGHAUS,69.91910719871521,1.2004603,0.2891835975427087,0.01,0.2791835975427087,0.0,YES,1.0,0.2791835975427087,stop_loss,0.0,6.930000000000001,-1.0,-7.930000000000001,17.325000000000003,-19.825000000000003
2025-12-07,KXHIGHAUS,KXHIGHAUS-25DEC07,KXHIGHAUS-25DEC07-B68.5,between,68.5,68.0,69.0,0.01,0.0,1.0,0.0,1.0,27024.0,0.0,no,0.0,73.0,finalized,KXHIGHAUS,69.91910719871521,1.2004603,0.1669985491185469,0.01,0.15699854911854688,0.0,YES,1.0,0.15699854911854688,stop_loss,0.0,6.930000000000001,-1.0,-7.930000000000001,17.325000000000003,-19.825000000000003
2025-12-08,KXHIGHAUS,KXHIGHAUS-25DEC08,KXHIGHAUS-25DEC08-T59,less,59.0,,59.0,0.01,0.0,1.0,0.0,1.0,30526.0,0.0,no,0.0,,finalized,KXHIGHAUS,59.789227390289305,0.8776153,0.18425009179888585,0.01,0.17425009179888584,0.0,YES,1.0,0.17425009179888584,stop_loss,0.0,6.930000000000001,-1.0,-7.930000000000001,17.325000000000003,-19.825000000000003
2025-12-08,KXHIGHAUS,KXHIGHAUS-25DEC08,KXHIGHAUS-25DEC08-B59.5,between,59.5,59.0,60.0,0.99,0.0,1.0,0.0,1.0,48017.0,0.0,yes,1.0,,finalized,KXHIGHAUS,59.789227390289305,0.8776153,0.4106487961765445,0.99,-0.5793512038234555,1.0,NO,1.0000000000000009,0.5793512038234555,stop_loss,0.0,6.930000000000001,-1.0000000000000009,-7.9300000000000015,17.325000000000003,-19.825000000000003
2025-12-09,KXHIGHAUS,KXHIGHAUS-25DEC09,KXHIGHAUS-25DEC09-B69.5,between,69.5,69.0,70.0,0.99,0.0,1.0,0.0,1.0,22629.0,0.0,yes,1.0,,finalized,KXHIGHAUS,67.06770508289338,0.81220776,0.008525376283939679,0.99,-0.9814746237160603,1.0,NO,1.0000000000000009,0.9814746237160603,stop_loss,0.0,6.930000000000001,-1.0000000000000009,-7.9300000000000015,17.325000000000003,-19.825000000000003
2025-12-09,KXHIGHAUS,KXHIGHAUS-25DEC09,KXHIGHAUS-25DEC09-B67.5,between,67.5,67.0,68.0,0.01,0.0,1.0,0.0,1.0,49808.0,0.0,no,0.0,,finalized,KXHIGHAUS,67.06770508289338,0.81220776,0.4077024050242475,0.01,0.3977024050242475,0.0,YES,1.0,0.3977024050242475,stop_loss,0.0,6.930000000000001,-1.0,-7.930000000000001,17.325000000000003,-19.825000000000003
2025-12-10,KXHIGHAUS,KXHIGHAUS-25DEC10,KXHIGHAUS-25DEC10-T71,less,71.0,,71.0,0.01,0.0,1.0,0.0,1.0,26710.0,0.0,no,0.0,,finalized,KXHIGHAUS,71.39926669597627,0.89124584,0.32708123068393147,0.01,0.31708123068393146,0.0,YES,1.0,0.31708123068393146,stop_loss,0.0,6.930000000000001,-1.0,-7.930000000000001,17.325000000000003,-19.825000000000003
2025-12-10,KXHIGHAUS,KXHIGHAUS-25DEC10,KXHIGHAUS-25DEC10-B73.5,between,73.5,73.0,74.0,0.99,0.0,1.0,0.0,1.0,51130.0,0.0,yes,1.0,,finalized,KXHIGHAUS,71.39926669597627,0.89124584,0.03448135480671222,0.99,-0.9555186451932878,1.0,NO,1.0000000000000009,0.9555186451932878,stop_loss,0.0,6.930000000000001,-1.0000000000000009,-7.9300000000000015,17.325000000000003,-19.825000000000003
2025-12-10,KXHIGHAUS,KXHIGHAUS-25DEC10,KXHIGHAUS-25DEC10-B71.5,between,71.5,71.0,72.0,0.01,0.0,1.0,0.0,1.0,129034.0,0.0,no,0.0,,finalized,KXHIGHAUS,71.39926669597627,0.89124584,0.4227750987969767,0.01,0.4127750987969767,0.0,YES,1.0,0.4127750987969767,stop_loss,0.0,6.930000000000001,-1.0,-7.930000000000001,17.325000000000003,-19.825000000000003
2025-12-11,KXHIGHAUS,KXHIGHAUS-25DEC11,KXHIGHAUS-25DEC11-B71.5,between,71.5,71.0,72.0,0.99,0.0,1.0,0.0,1.0,36643.0,0.0,yes,1.0,,finalized,KXHIGHAUS,69.57594711780548,0.79764223,0.035917343071028784,0.99,-0.9540826569289712,1.0,NO,1.0000000000000009,0.9540826569289712,stop_loss,0.0,6.930000000000001,-1.0000000000000009,-7.9300000000000015,17.325000000000003,-19.825000000000003
2025-12-11,KXHIGHAUS,KXHIGHAUS-25DEC11,KXHIGHAUS-25DEC11-B69.5,between,69.5,69.0,70.0,0.01,0.0,1.0,0.0,1.0,69024.0,0.0,no,0.0,,finalized,KXHIGHAUS,69.57594711780548,0.79764223,0.4673816858883318,0.01,0.4573816858883318,0.0,YES,1.0,0.4573816858883318,stop_loss,0.0,6.930000000000001,-1.0,-7.930000000000001,17.325000000000003,-19.825000000000003
2025-12-12,KXHIGHAUS,KXHIGHAUS-25DEC12,KXHIGHAUS-25DEC12-T75,less,75.0,,75.0,0.01,0.0,1.0,0.0,1.0,96034.0,0.0,no,0.0,,finalized,KXHIGHAUS,75.09572014013928,0.840122,0.4546442629404144,0.01,0.44464426294041437,0.0,YES,1.0,0.44464426294041437,stop_loss,0.0,6.930000000000001,-1.0,-7.930000000000001,17.325000000000003,-19.825000000000003
2025-12-12,KXHIGHAUS,KXHIGHAUS-25DEC12,KXHIGHAUS-25DEC12-B77.5,between,77.5,77.0,78.0,0.99,0.0,1.0,0.0,1.0,28513.0,0.0,yes,1.0,,finalized,KXHIGHAUS,75.09572014013928,0.840122,0.011432036995076444,0.99,-0.9785679630049235,1.0,NO,1.0000000000000009,0.9785679630049235,stop_loss,0.0,6.930000000000001,-1.0000000000000009,-7.9300000000000015,17.325000000000003,-19.825000000000003
2025-12-12,KXHIGHAUS,KXHIGHAUS-25DEC12,KXHIGHAUS-25DEC12-B75.5,between,75.5,75.0,76.0,0.01,0.0,1.0,0.0,1.0,49576.0,0.0,no,0.0,,finalized,KXHIGHAUS,75.09572014013928,0.840122,0.4044742340428569,0.01,0.39447423404285686,0.0,YES,1.0,0.39447423404285686,stop_loss,0.0,6.930000000000001,-1.0,-7.930000000000001,17.325000000000003,-19.825000000000003
2025-12-13,KXHIGHAUS,KXHIGHAUS-25DEC13,KXHIGHAUS-25DEC13-T78,greater,78.0,78.0,,0.99,0.0,1.0,0.0,1.0,55778.0,0.0,yes,1.0,,finalized,KXHIGHAUS,77.27404735883077,1.0377647,0.24210889385141054,0.99,-0.7478911061485894,1.0,NO,1.0000000000000009,0.7478911061485894,stop_loss,0.0,6.930000000000001,-1.0000000000000009,-7.9300000000000015,17.325000000000003,-19.825000000000003
2025-12-13,KXHIGHAUS,KXHIGHAUS-25DEC13,KXHIGHAUS-25DEC13-B77.5,between,77.5,77.0,78.0,0.01,0.0,1.0,0.0,1.0,67980.0,0.0,no,0.0,,finalized,KXHIGHAUS,77.27404735883077,1.0377647,0.36202991398993095,0.01,0.35202991398993094,0.0,YES,1.0,0.35202991398993094,stop_loss,0.0,6.930000000000001,-1.0,-7.930000000000001,17.325000000000003,-19.825000000000003
2025-12-14,KXHIGHAUS,KXHIGHAUS-25DEC14,KXHIGHAUS-25DEC14-B64.5,between,64.5,64.0,65.0,0.99,0.0,1.0,0.0,1.0,29832.0,0.0,yes,1.0,,finalized,KXHIGHAUS,64.39467115998268,1.4492084,0.26923341718480187,0.99,-0.7207665828151981,1.0,NO,1.0000000000000009,0.7207665828151981,stop_loss,0.0,6.930000000000001,-1.0000000000000009,-7.9300000000000015,17.325000000000003,-19.825000000000003
2025-12-14,KXHIGHAUS,KXHIGHAUS-25DEC14,KXHIGHAUS-25DEC14-B62.5,between,62.5,62.0,63.0,0.01,0.0,1.0,0.0,1.0,26927.0,0.0,no,0.0,,finalized,KXHIGHAUS,64.39467115998268,1.4492084,0.11870592500126817,0.01,0.10870592500126817,0.0,YES,1.0,0.10870592500126817,stop_loss,0.0,6.930000000000001,-1.0,-7.930000000000001,17.325000000000003,-19.825000000000003
2025-12-15,KXHIGHAUS,KXHIGHAUS-25DEC15,KXHIGHAUS-25DEC15-T53,less,53.0,,53.0,0.01,0.0,1.0,0.0,1.0,15940.0,0.0,no,0.0,,finalized,KXHIGHAUS,53.48448929886023,0.9301471,0.30122732962689924,0.01,0.29122732962689923,0.0,YES,1.0,0.29122732962689923,stop_loss,0.0,6.930000000000001,-1.0,-7.930000000000001,17.325000000000003,-19.825000000000003
2025-12-15,KXHIGHAUS,KXHIGHAUS-25DEC15,KXHIGHAUS-25DEC15-B55.5,between,55.5,55.0,56.0,0.99,0.0,1.0,0.0,1.0,35922.0,0.0,yes,1.0,,finalized,KXHIGHAUS,53.48448929886023,0.9301471,0.04820109715270704,0.99,-0.941798902847293,1.0,NO,1.0000000000000009,0.941798902847293,stop_loss,0.0,6.930000000000001,-1.0000000000000009,-7.9300000000000015,17.325000000000003,-19.825000000000003
2025-12-15,KXHIGHAUS,KXHIGHAUS-25DEC15,KXHIGHAUS-25DEC15-B53.5,between,53.5,53.0,54.0,0.01,0.0,1.0,0.0,1.0,34420.0,0.0,no,0.0,,finalized,KXHIGHAUS,53.48448929886023,0.9301471,0.4090602048407852,0.01,0.3990602048407852,0.0,YES,1.0,0.3990602048407852,stop_loss,0.0,6.930000000000001,-1.0,-7.930000000000001,17.325000000000003,-19.825000000000003
2025-12-16,KXHIGHAUS,KXHIGHAUS-25DEC16,KXHIGHAUS-25DEC16-T60,less,60.0,,60.0,0.01,0.0,1.0,0.0,1.0,71130.0,0.0,no,0.0,,finalized,KXHIGHAUS,60.32564770380656,1.0386574,0.37693995188644736,0.01,0.36693995188644735,0.0,YES,1.0,0.36693995188644735,stop_loss,0.0,6.930000000000001,-1.0,-7.930000000000001,17.325000000000003,-19.825000000000003
2025-12-16,KXHIGHAUS,KXHIGHAUS-25DEC16,KXHIGHAUS-25DEC16-B62.5,between,62.5,62.0,63.0,0.99,0.0,1.0,0.0,1.0,41996.0,0.0,yes,1.0,,finalized,KXHIGHAUS,60.32564770380656,1.0386574,0.048462480141461706,0.99,-0.9415375198585383,1.0,NO,1.0000000000000009,0.9415375198585383,stop_loss,0.0,6.930000000000001,-1.0000000000000009,-7.9300000000000015,17.325000000000003,-19.825000000000003
2025-12-16,KXHIGHAUS,KXHIGHAUS-25DEC16,KXHIGHAUS-25DEC16-B60.5,between,60.5,60.0,61.0,0.01,0.0,1.0,0.0,1.0,52785.0,0.0,no,0.0,,finalized,KXHIGHAUS,60.32564770380656,1.0386574,0.36497288154187035,0.01,0.35497288154187034,0.0,YES,1.0,0.35497288154187034,stop_loss,0.0,6.930000000000001,-1.0,-7.930000000000001,17.325000000000003,-19.825000000000003
2025-12-17,KXHIGHAUS,KXHIGHAUS-25DEC17,KXHIGHAUS-25DEC17-T66,less,66.0,,66.0,0.09,0.0,1.0,0.0,1.0,153847.0,0.0,no,0.0,66.0,finalized,KXHIGHAUS,65.06230396429697,1.1489388,0.7927902503948364,0.09,0.7027902503948364,0.0,YES,9.0,0.7027902503948364,stop_loss,0.0,6.370000000000001,-9.0,-15.370000000000001,15.925000000000002,-38.425000000000004
2025-12-17,KXHIGHAUS,KXHIGHAUS-25DEC17,KXHIGHAUS-25DEC17-B66.5,between,66.5,66.0,67.0,0.96,0.0,1.0,0.0,1.0,29661.0,0.0,yes,1.0,66.0,finalized,KXHIGHAUS,65.06230396429697,1.1489388,0.1613608858477058,0.96,-0.7986391141522942,1.0,NO,4.0000000000000036,0.7986391141522942,stop_loss,0.0,6.720000000000001,-4.0000000000000036,-10.720000000000004,16.8,-26.800000000000008
2025-12-18,KXHIGHAUS,KXHIGHAUS-25DEC18,KXHIGHAUS-25DEC18-B78.5,between,78.5,78.0,79.0,0.01,0.0,1.0,0.0,1.0,26659.0,0.0,no,0.0,,finalized,KXHIGHAUS,77.548752784729,1.0046592,0.25236328793734863,0.01,0.24236328793734863,0.0,YES,1.0,0.24236328793734863,stop_loss,0.0,6.930000000000001,-1.0,-7.930000000000001,17.325000000000003,-19.825000000000003
2025-12-18,KXHIGHAUS,KXHIGHAUS-25DEC18,KXHIGHAUS-25DEC18-B76.5,between,76.5,76.0,77.0,0.99,0.0,1.0,0.0,1.0,28619.0,0.0,yes,1.0,,finalized,KXHIGHAUS,77.548752784729,1.0046592,0.23087249693519848,0.99,-0.7591275030648015,1.0,NO,1.0000000000000009,0.7591275030648015,stop_loss,0.0,6.930000000000001,-1.0000000000000009,-7.9300000000000015,17.325000000000003,-19.825000000000003
2025-12-19,KXHIGHAUS,KXHIGHAUS-25DEC19,KXHIGHAUS-25DEC19-B69.5,between,69.5,69.0,70.0,0.99,0.0,1.0,0.0,1.0,46381.0,0.0,yes,1.0,,finalized,KXHIGHAUS,67.9193794965744,0.9136364,0.10706614075778276,0.99,-0.8829338592422172,1.0,NO,1.0000000000000009,0.8829338592422172,stop_loss,0.0,6.930000000000001,-1.0000000000000009,-7.9300000000000015,17.325000000000003,-19.825000000000003
2025-12-19,KXHIGHAUS,KXHIGHAUS-25DEC19,KXHIGHAUS-25DEC19-B67.5,between,67.5,67.0,68.0,0.01,0.0,1.0,0.0,1.0,42242.0,0.0,no,0.0,,finalized,KXHIGHAUS,67.9193794965744,0.9136364,0.3780185628217778,0.01,0.3680185628217778,0.0,YES,1.0,0.3680185628217778,stop_loss,0.0,6.930000000000001,-1.0,-7.930000000000001,17.325000000000003,-19.825000000000003
2025-12-20,KXHIGHAUS,KXHIGHAUS-25DEC20,KXHIGHAUS-25DEC20-T75,less,75.0,,75.0,0.99,0.0,1.0,0.0,1.0,46100.0,0.0,yes,1.0,,finalized,KXHIGHAUS,74.39963615338007,1.0091045,0.7240606026307269,0.99,-0.2659393973692731,1.0,NO,1.0000000000000009,0.2659393973692731,stop_loss,0.0,6.930000000000001,-1.0000000000000009,-7.9300000000000015,17.325000000000003,-19.825000000000003
2025-12-20,KXHIGHAUS,KXHIGHAUS-25DEC20,KXHIGHAUS-25DEC20-B75.5,between,75.5,75.0,76.0,0.01,0.0,1.0,0.0,1.0,30448.0,0.0,no,0.0,,finalized,KXHIGHAUS,74.39963615338007,1.0091045,0.2195612138077062,0.01,0.2095612138077062,0.0,YES,1.0,0.2095612138077062,stop_loss,0.0,6.930000000000001,-1.0,-7.930000000000001,17.325000000000003,-19.825000000000003
2025-12-21,KXHIGHAUS,KXHIGHAUS-25DEC21,KXHIGHAUS-25DEC21-B72.5,between,72.5,72.0,73.0,0.99,0.0,1.0,0.0,1.0,25218.0,0.0,yes,1.0,,finalized,KXHIGHAUS,71.71236463387807,1.1480047,0.2700699808882209,0.99,-0.7199300191117791,1.0,NO,1.0000000000000009,0.7199300191117791,stop_loss,0.0,6.930000000000001,-1.0000000000000009,-7.9300000000000015,17.325000000000003,-19.825000000000003
2025-12-21,KXHIGHAUS,KXHIGHAUS-25DEC21,KXHIGHAUS-25DEC21-B70.5,between,70.5,70.0,71.0,0.01,0.0,1.0,0.0,1.0,32038.0,0.0,no,0.0,,finalized,KXHIGHAUS,71.71236463387807,1.1480047,0.1995544562758665,0.01,0.18955445627586648,0.0,YES,1.0,0.18955445627586648,stop_loss,0.0,6.930000000000001,-1.0,-7.930000000000001,17.325000000000003,-19.825000000000003
2025-12-22,KXHIGHAUS,KXHIGHAUS-25DEC22,KXHIGHAUS-25DEC22-B76.5,between,76.5,76.0,77.0,0.99,0.0,1.0,0.0,1.0,29878.0,0.0,yes,1.0,,finalized,KXHIGHAUS,76.43020191987354,1.0180528,0.37585260951720445,0.99,-0.6141473904827955,1.0,NO,1.0000000000000009,0.6141473904827955,stop_loss,0.0,6.930000000000001,-1.0000000000000009,-7.9300000000000015,17.325000000000003,-19.825000000000003
2025-12-23,KXHIGHAUS,KXHIGHAUS-25DEC23,KXHIGHAUS-25DEC23-B80.5,between,80.5,80.0,81.0,0.99,0.0,1.0,0.0,1.0,32837.0,0.0,yes,1.0,,finalized,KXHIGHAUS,79.52878659566244,1.1744882,0.23896571553563561,0.99,-0.7510342844643644,1.0,NO,1.0000000000000009,0.7510342844643644,stop_loss,0.0,6.930000000000001,-1.0000000000000009,-7.9300000000000015,17.325000000000003,-19.825000000000003
2025-12-23,KXHIGHAUS,KXHIGHAUS-25DEC23,KXHIGHAUS-25DEC23-B78.5,between,78.5,78.0,79.0,0.01,0.0,1.0,0.0,1.0,86286.0,0.0,no,0.0,,finalized,KXHIGHAUS,79.52878659566244,1.1744882,0.22975730755464385,0.01,0.21975730755464384,0.0,YES,1.0,0.21975730755464384,stop_loss,0.0,6.930000000000001,-1.0,-7.930000000000001,17.325000000000003,-19.825000000000003
2025-12-24,KXHIGHAUS,KXHIGHAUS-25DEC24,KXHIGHAUS-25DEC24-B81.5,between,81.5,81.0,82.0,0.99,0.0,1.0,0.0,1.0,61451.0,0.0,yes,1.0,,finalized,KXHIGHAUS,79.37730824152628,1.0934399,0.06067157321546879,0.99,-0.9293284267845312,1.0,NO,1.0000000000000009,0.9293284267845312,stop_loss,0.0,6.930000000000001,-1.0000000000000009,-7.9300000000000015,17.325000000000003,-19.825000000000003
2025-12-24,KXHIGHAUS,KXHIGHAUS-25DEC24,KXHIGHAUS-25DEC24-B79.5,between,79.5,79.0,80.0,0.01,0.0,1.0,0.0,1.0,106646.0,0.0,no,0.0,,finalized,KXHIGHAUS,79.37730824152628,1.0934399,0.3504620323180486,0.01,0.3404620323180486,0.0,YES,1.0,0.3404620323180486,stop_loss,0.0,6.930000000000001,-1.0,-7.930000000000001,17.325000000000003,-19.825000000000003
2025-12-25,KXHIGHAUS,KXHIGHAUS-25DEC25,KXHIGHAUS-25DEC25-B78.5,between,78.5,78.0,79.0,0.99,0.0,1.0,0.0,1.0,24605.0,0.0,yes,1.0,,finalized,KXHIGHAUS,77.80283624728521,1.2991983,0.26128464713855615,0.99,-0.7287153528614438,1.0,NO,1.0000000000000009,0.7287153528614438,stop_loss,0.0,6.930000000000001,-1.0000000000000009,-7.9300000000000015,17.325000000000003,-19.825000000000003
2025-12-25,KXHIGHAUS,KXHIGHAUS-25DEC25,KXHIGHAUS-25DEC25-B76.5,between,76.5,76.0,77.0,0.01,0.0,1.0,0.0,1.0,53482.0,0.0,no,0.0,,finalized,KXHIGHAUS,77.80283624728521,1.2991983,0.18568361001687073,0.01,0.17568361001687072,0.0,YES,1.0,0.17568361001687072,stop_loss,0.0,6.930000000000001,-1.0,-7.930000000000001,17.325000000000003,-19.825000000000003
2025-12-26,KXHIGHAUS,KXHIGHAUS-25DEC26,KXHIGHAUS-25DEC26-B84.5,between,84.5,84.0,85.0,0.99,0.0,1.0,0.0,1.0,20110.0,0.0,yes,1.0,,finalized,KXHIGHAUS,83.83397521972655,0.966728,0.3179427429767614,0.99,-0.6720572570232386,1.0,NO,1.0000000000000009,0.6720572570232386,stop_loss,0.0,6.930000000000001,-1.0000000000000009,-7.9300000000000015,17.325000000000003,-19.825000000000003
2025-12-26,KXHIGHAUS,KXHIGHAUS-25DEC26,KXHIGHAUS-25DEC26-B82.5,between,82.5,82.0,83.0,0.01,0.0,1.0,0.0,1.0,58260.0,0.0,no,0.0,,finalized,KXHIGHAUS,83.83397521972655,0.966728,0.16524951803073082,0.01,0.1552495180307308,0.0,YES,1.0,0.1552495180307308,stop_loss,0.0,6.930000000000001,-1.0,-7.930000000000001,17.325000000000003,-19.825000000000003
2025-12-27,KXHIGHAUS,KXHIGHAUS-25DEC27,KXHIGHAUS-25DEC27-B81.5,between,81.5,81.0,82.0,0.99,0.0,1.0,0.0,1.0,25915.0,0.0,yes,1.0,,finalized,KXHIGHAUS,80.63833016554514,1.0769515,0.2654526582426686,0.99,-0.7245473417573314,1.0,NO,1.0000000000000009,0.7245473417573314,stop_loss,0.0,6.930000000000001,-1.0000000000000009,-7.9300000000000015,17.325000000000003,-19.825000000000003
2025-12-27,KXHIGHAUS,KXHIGHAUS-25DEC27,KXHIGHAUS-25DEC27-B79.5,between,79.5,79.0,80.0,0.01,0.0,1.0,0.0,1.0,29455.0,0.0,no,0.0,,finalized,KXHIGHAUS,80.63833016554514,1.0769515,0.2125879459020451,0.01,0.2025879459020451,0.0,YES,1.0,0.2025879459020451,stop_loss,0.0,6.930000000000001,-1.0,-7.930000000000001,17.325000000000003,-19.825000000000003
2025-12-28,KXHIGHAUS,KXHIGHAUS-25DEC28,KXHIGHAUS-25DEC28-B81.5,between,81.5,81.0,82.0,0.01,0.0,1.0,0.0,1.0,20486.0,0.0,no,0.0,,finalized,KXHIGHAUS,79.86646474997202,1.3359051,0.1429507209944033,0.01,0.1329507209944033,0.0,YES,1.0,0.1329507209944033,stop_loss,0.0,6.930000000000001,-1.0,-7.930000000000001,17.325000000000003,-19.825000000000003
2025-12-28,KXHIGHAUS,KXHIGHAUS-25DEC28,KXHIGHAUS-25DEC28-B79.5,between,79.5,79.0,80.0,0.99,0.0,1.0,0.0,1.0,28773.0,0.0,yes,1.0,,finalized,KXHIGHAUS,79.86646474997202,1.3359051,0.281512146086762,0.99,-0.708487853913238,1.0,NO,1.0000000000000009,0.708487853913238,stop_loss,0.0,6.930000000000001,-1.0000000000000009,-7.9300000000000015,17.325000000000003,-19.825000000000003
2025-12-29,KXHIGHAUS,KXHIGHAUS-25DEC29,KXHIGHAUS-25DEC29-B55.5,between,55.5,55.0,56.0,0.01,0.0,1.0,0.0,1.0,15667.0,0.0,no,0.0,,finalized,KXHIGHAUS,55.017244235674546,1.4138951,0.2613596950848705,0.01,0.2513596950848705,0.0,YES,1.0,0.2513596950848705,stop_loss,0.0,6.930000000000001,-1.0,-7.930000000000001,17.325000000000003,-19.825000000000003
2025-12-29,KXHIGHAUS,KXHIGHAUS-25DEC29,KXHIGHAUS-25DEC29-B53.5,between,53.5,53.0,54.0,0.99,0.0,1.0,0.0,1.0,39541.0,0.0,yes,1.0,,finalized,KXHIGHAUS,55.017244235674546,1.4138951,0.15909895444486932,0.99,-0.8309010455551307,1.0,NO,1.0000000000000009,0.8309010455551307,stop_loss,0.0,6.930000000000001,-1.0000000000000009,-7.9300000000000015,17.325000000000003,-19.825000000000003
2025-12-30,KXHIGHAUS,KXHIGHAUS-25DEC30,KXHIGHAUS-25DEC30-B57.5,between,57.5,57.0,58.0,0.99,0.0,1.0,0.0,1.0,20931.0,0.0,yes,1.0,,finalized,KXHIGHAUS,57.66816700299581,0.89135426,0.418412479006853,0.99,-0.5715875209931469,1.0,NO,1.0000000000000009,0.5715875209931469,stop_loss,0.0,6.930000000000001,-1.0000000000000009,-7.9300000000000015,17.325000000000003,-19.825000000000003
2025-12-31,KXHIGHAUS,KXHIGHAUS-25DEC31,KXHIGHAUS-25DEC31-B72.5,between,72.5,72.0,73.0,0.01,0.0,1.0,0.0,1.0,34348.0,0.0,no,0.0,,finalized,KXHIGHAUS,71.06973528862,0.9716193,0.14569249495657188,0.01,0.13569249495657187,0.0,YES,1.0,0.13569249495657187,stop_loss,0.0,6.930000000000001,-1.0,-7.930000000000001,17.325000000000003,-19.825000000000003
2025-12-31,KXHIGHAUS,KXHIGHAUS-25DEC31,KXHIGHAUS-25DEC31-B70.5,between,70.5,70.0,71.0,0.99,0.0,1.0,0.0,1.0,54109.0,0.0,yes,1.0,,finalized,KXHIGHAUS,71.06973528862,0.9716193,0.33593932118177516,0.99,-0.6540606788182248,1.0,NO,1.0000000000000009,0.6540606788182248,stop_loss,0.0,6.930000000000001,-1.0000000000000009,-7.9300000000000015,17.325000000000003,-19.825000000000003
2026-01-01,KXHIGHAUS,KXHIGHAUS-26JAN01,KXHIGHAUS-26JAN01-B73.5,between,73.5,73.0,74.0,0.99,0.0,1.0,0.0,1.0,37168.0,0.0,yes,1.0,,finalized,KXHIGHAUS,73.74009133974711,0.97262484,0.38199971509654645,0.99,-0.6080002849034536,1.0,NO,1.0000000000000009,0.6080002849034536,stop_loss,0.0,6.930000000000001,-1.0000000000000009,-7.9300000000000015,17.325000000000003,-19.825000000000003
2026-01-02,KXHIGHAUS,KXHIGHAUS-26JAN02,KXHIGHAUS-26JAN02-B88.5,between,88.5,88.0,89.0,0.99,0.0,1.0,0.0,1.0,64594.0,0.0,yes,1.0,,finalized,KXHIGHAUS,87.48482575416564,1.0408634,0.23757888475681022,0.99,-0.7524211152431898,1.0,NO,1.0000000000000009,0.7524211152431898,stop_loss,0.0,6.930000000000001,-1.0000000000000009,-7.9300000000000015,17.325000000000003,-19.825000000000003
2026-01-02,KXHIGHAUS,KXHIGHAUS-26JAN02,KXHIGHAUS-26JAN02-B86.5,between,86.5,86.0,87.0,0.01,0.0,1.0,0.0,1.0,97921.0,0.0,no,0.0,,finalized,KXHIGHAUS,87.48482575416564,1.0408634,0.24382492068095446,0.01,0.23382492068095445,0.0,YES,1.0,0.23382492068095445,stop_loss,0.0,6.930000000000001,-1.0,-7.930000000000001,17.325000000000003,-19.825000000000003
2026-01-03,KXHIGHAUS,KXHIGHAUS-26JAN03,KXHIGHAUS-26JAN03-B75.5,between,75.5,75.0,76.0,0.99,0.0,1.0,0.0,1.0,29660.0,0.0,yes,1.0,,finalized,KXHIGHAUS,75.37583707968393,1.281895,0.3021486953923658,0.99,-0.6878513046076342,1.0,NO,1.0000000000000009,0.6878513046076342,stop_loss,0.0,6.930000000000001,-1.0000000000000009,-7.9300000000000015,17.325000000000003,-19.825000000000003
2026-01-04,KXHIGHAUS,KXHIGHAUS-26JAN04,KXHIGHAUS-26JAN04-T70,less,70.0,,70.0,0.01,0.0,1.0,0.0,1.0,60106.0,0.0,no,0.0,,finalized,KXHIGHAUS,69.38425763448079,0.85599333,0.7640314379257813,0.01,0.7540314379257813,0.0,YES,1.0,0.7540314379257813,stop_loss,0.0,6.930000000000001,-1.0,-7.930000000000001,17.325000000000003,-19.825000000000003
2026-01-04,KXHIGHAUS,KXHIGHAUS-26JAN04,KXHIGHAUS-26JAN04-B72.5,between,72.5,72.0,73.0,0.98,0.0,1.0,0.0,1.0,43776.0,0.0,yes,1.0,,finalized,KXHIGHAUS,69.38425763448079,0.85599333,0.0011103150596940559,0.98,-0.9788896849403059,1.0,NO,2.0000000000000018,0.9788896849403059,stop_loss,0.0,6.86,-2.0000000000000018,-8.860000000000003,17.15,-22.15000000000001
2026-01-04,KXHIGHAUS,KXHIGHAUS-26JAN04,KXHIGHAUS-26JAN04-B70.5,between,70.5,70.0,71.0,0.01,0.0,1.0,0.0,1.0,98700.0,0.0,no,0.0,,finalized,KXHIGHAUS,69.38425763448079,0.85599333,0.20642632204233013,0.01,0.19642632204233013,0.0,YES,1.0,0.19642632204233013,stop_loss,0.0,6.930000000000001,-1.0,-7.930000000000001,17.325000000000003,-19.825000000000003
2026-01-05,KXHIGHAUS,KXHIGHAUS-26JAN05,KXHIGHAUS-26JAN05-B77.5,between,77.5,77.0,78.0,0.99,0.0,1.0,0.0,1.0,30058.0,0.0,yes,1.0,,finalized,KXHIGHAUS,74.9411623477936,1.1691971,0.03468187440907111,0.99,-0.9553181255909289,1.0,NO,1.0000000000000009,0.9553181255909289,stop_loss,0.0,6.930000000000001,-1.0000000000000009,-7.9300000000000015,17.325000000000003,-19.825000000000003
2026-01-05,KXHIGHAUS,KXHIGHAUS-26JAN05,KXHIGHAUS-26JAN05-B75.5,between,75.5,75.0,76.0,0.01,0.0,1.0,0.0,1.0,70021.0,0.0,no,0.0,,finalized,KXHIGHAUS,74.9411623477936,1.1691971,0.29736153566784684,0.01,0.28736153566784683,0.0,YES,1.0,0.28736153566784683,stop_loss,0.0,6.930000000000001,-1.0,-7.930000000000001,17.325000000000003,-19.825000000000003
2026-01-05,KXHIGHAUS,KXHIGHAUS-26JAN05,KXHIGHAUS-26JAN05-B73.5,between,73.5,73.0,74.0,0.01,0.0,1.0,0.0,1.0,48705.0,0.0,no,0.0,,finalized,KXHIGHAUS,74.9411623477936,1.1691971,0.16198819660909702,0.01,0.15198819660909701,0.0,YES,1.0,0.15198819660909701,stop_loss,0.0,6.930000000000001,-1.0,-7.930000000000001,17.325000000000003,-19.825000000000003
2026-01-06,KXHIGHAUS,KXHIGHAUS-26JAN06,KXHIGHAUS-26JAN06-B84.5,between,84.5,84.0,85.0,0.99,0.0,1.0,0.0,1.0,45635.0,0.0,yes,1.0,,finalized,KXHIGHAUS,84.19029938379923,1.0105255,0.3631974492588559,0.99,-0.6268025507411441,1.0,NO,1.0000000000000009,0.6268025507411441,stop_loss,0.0,6.930000000000001,-1.0000000000000009,-7.9300000000000015,17.325000000000003,-19.825000000000003
2026-01-07,KXHIGHAUS,KXHIGHAUS-26JAN07,KXHIGHAUS-26JAN07-T79,less,79.0,,79.0,0.01,0.0,1.0,0.0,1.0,40941.0,0.0,no,0.0,,finalized,KXHIGHAUS,79.69746197859446,1.0924873,0.2616012852418005,0.01,0.2516012852418005,0.0,YES,1.0,0.2516012852418005,stop_loss,0.0,6.930000000000001,-1.0,-7.930000000000001,17.325000000000003,-19.825000000000003
2026-01-07,KXHIGHAUS,KXHIGHAUS-26JAN07,KXHIGHAUS-26JAN07-B79.5,between,79.5,79.0,80.0,0.99,0.0,1.0,0.0,1.0,65961.0,0.0,yes,1.0,,finalized,KXHIGHAUS,79.69746197859446,1.0924873,0.3474802063864756,0.99,-0.6425197936135244,1.0,NO,1.0000000000000009,0.6425197936135244,stop_loss,0.0,6.930000000000001,-1.0000000000000009,-7.9300000000000015,17.325000000000003,-19.825000000000003
2026-01-08,KXHIGHAUS,KXHIGHAUS-26JAN08,KXHIGHAUS-26JAN08-B80.5,between,80.5,80.0,81.0,0.99,0.0,1.0,0.0,1.0,35204.0,0.0,yes,1.0,,finalized,KXHIGHAUS,80.1781466404597,1.2365905,0.3041253201025861,0.99,-0.6858746798974139,1.0,NO,1.0000000000000009,0.6858746798974139,stop_loss,0.0,6.930000000000001,-1.0000000000000009,-7.9300000000000015,17.325000000000003,-19.825000000000003
2026-01-08,KXHIGHAUS,KXHIGHAUS-26JAN08,KXHIGHAUS-26JAN08-B78.5,between,78.5,78.0,79.0,0.01,0.0,1.0,0.0,1.0,59486.0,0.0,no,0.0,,finalized,KXHIGHAUS,80.1781466404597,1.2365905,0.1312771829921356,0.01,0.1212771829921356,0.0,YES,1.0,0.1212771829921356,stop_loss,0.0,6.930000000000001,-1.0,-7.930000000000001,17.325000000000003,-19.825000000000003
2026-01-09,KXHIGHAUS,KXHIGHAUS-26JAN09,KXHIGHAUS-26JAN09-T73,less,73.0,,73.0,0.99,0.0,1.0,0.0,1.0,62077.0,0.0,yes,1.0,,finalized,KXHIGHAUS,72.40641787846884,1.4510423,0.6587569290066861,0.99,-0.33124307099331385,1.0,NO,1.0000000000000009,0.33124307099331385,stop_loss,0.0,6.930000000000001,-1.0000000000000009,-7.9300000000000015,17.325000000000003,-19.825000000000003
2026-01-09,KXHIGHAUS,KXHIGHAUS-26JAN09,KXHIGHAUS-26JAN09-B73.5,between,73.5,73.0,74.0,0.01,0.0,1.0,0.0,1.0,37723.0,0.0,no,0.0,,finalized,KXHIGHAUS,72.40641787846884,1.4510423,0.20519162932127843,0.01,0.19519162932127843,0.0,YES,1.0,0.19519162932127843,stop_loss,0.0,6.930000000000001,-1.0,-7.930000000000001,17.325000000000003,-19.825000000000003
2026-01-10,KXHIGHAUS,KXHIGHAUS-26JAN10,KXHIGHAUS-26JAN10-B61.5,between,61.5,61.0,62.0,0.02,0.0,1.0,0.0,1.0,56321.0,0.0,no,0.0,,finalized,KXHIGHAUS,61.5208277463913,1.5668192,0.2503414869033994,0.02,0.23034148690339942,0.0,YES,2.0,0.23034148690339942,stop_loss,0.0,6.86,-2.0,-8.86,17.15,-22.15
2026-01-10,KXHIGHAUS,KXHIGHAUS-26JAN10,KXHIGHAUS-26JAN10-B59.5,between,59.5,59.0,60.0,0.99,0.0,1.0,0.0,1.0,67973.0,0.0,yes,1.0,,finalized,KXHIGHAUS,61.5208277463913,1.5668192,0.11204110742312016,0.99,-0.8779588925768799,1.0,NO,1.0000000000000009,0.8779588925768799,stop_loss,0.0,6.930000000000001,-1.0000000000000009,-7.9300000000000015,17.325000000000003,-19.825000000000003
2026-01-11,KXHIGHAUS,KXHIGHAUS-26JAN11,KXHIGHAUS-26JAN11-B64.5,between,64.5,64.0,65.0,0.01,0.0,1.0,0.0,1.0,27692.0,0.0,no,0.0,,finalized,KXHIGHAUS,63.105861186981194,1.0563543,0.162174888065739,0.01,0.15217488806573898,0.0,YES,1.0,0.15217488806573898,stop_loss,0.0,6.930000000000001,-1.0,-7.930000000000001,17.325000000000003,-19.825000000000003
2026-01-11,KXHIGHAUS,KXHIGHAUS-26JAN11,KXHIGHAUS-26JAN11-B62.5,between,62.5,62.0,63.0,0.99,0.0,1.0,0.0,1.0,36840.0,0.0,yes,1.0,,finalized,KXHIGHAUS,63.105861186981194,1.0563543,0.3125065934215697,0.99,-0.6774934065784303,1.0,NO,1.0000000000000009,0.6774934065784303,stop_loss,0.0,6.930000000000001,-1.0000000000000009,-7.9300000000000015,17.325000000000003,-19.825000000000003
2026-01-12,KXHIGHAUS,KXHIGHAUS-26JAN12,KXHIGHAUS-26JAN12-B65.5,between,65.5,65.0,66.0,0.99,0.0,1.0,0.0,1.0,46377.0,0.0,yes,1.0,,finalized,KXHIGHAUS,63.955831591288245,1.0088438,0.12896130925946236,0.99,-0.8610386907405376,1.0,NO,1.0000000000000009,0.8610386907405376,stop_loss,0.0,6.930000000000001,-1.0000000000000009,-7.9300000000000015,17.325000000000003,-19.825000000000003
2026-01-12,KXHIGHAUS,KXHIGHAUS-26JAN12,KXHIGHAUS-26JAN12-B63.5,between,63.5,63.0,64.0,0.01,0.0,1.0,0.0,1.0,98552.0,0.0,no,0.0,,finalized,KXHIGHAUS,63.955831591288245,1.0088438,0.345756483190662,0.01,0.335756483190662,0.0,YES,1.0,0.335756483190662,stop_loss,0.0,6.930000000000001,-1.0,-7.930000000000001,17.325000000000003,-19.825000000000003
2026-01-13,KXHIGHAUS,KXHIGHAUS-26JAN13,KXHIGHAUS-26JAN13-T60,less,60.0,,60.0,0.01,0.0,1.0,0.0,1.0,38073.0,0.0,no,0.0,61.0,finalized,KXHIGHAUS,60.17590448458989,1.3475536,0.44807112048541103,0.01,0.438071120485411,0.0,YES,1.0,0.438071120485411,stop_loss,0.0,6.930000000000001,-1.0,-7.930000000000001,17.325000000000003,-19.825000000000003
2026-01-13,KXHIGHAUS,KXHIGHAUS-26JAN13,KXHIGHAUS-26JAN13-B60.5,between,60.5,60.0,61.0,0.99,0.0,1.0,0.0,1.0,28219.0,0.0,yes,1.0,61.0,finalized,KXHIGHAUS,60.17590448458989,1.3475536,0.2815108958139521,0.99,-0.7084891041860479,1.0,NO,1.0000000000000009,0.7084891041860479,stop_loss,0.0,6.930000000000001,-1.0000000000000009,-7.9300000000000015,17.325000000000003,-19.825000000000003
2026-01-14,KXHIGHAUS,KXHIGHAUS-26JAN14,KXHIGHAUS-26JAN14-B69.5,between,69.5,69.0,70.0,0.99,0.0,1.0,0.0,1.0,23894.0,0.0,yes,1.0,69.0,finalized,KXHIGHAUS,68.54714679718018,0.97924346,0.25292748688527744,0.99,-0.7370725131147225,1.0,NO,1.0000000000000009,0.7370725131147225,stop_loss,0.0,6.930000000000001,-1.0000000000000009,-7.9300000000000015,17.325000000000003,-19.825000000000003
2026-01-14,KXHIGHAUS,KXHIGHAUS-26JAN14,KXHIGHAUS-26JAN14-B67.5,between,67.5,67.0,68.0,0.01,0.0,1.0,0.0,1.0,75185.0,0.0,no,0.0,69.0,finalized,KXHIGHAUS,68.54714679718018,0.97924346,0.23110788683879413,0.01,0.22110788683879412,0.0,YES,1.0,0.22110788683879412,stop_loss,0.0,6.930000000000001,-1.0,-7.930000000000001,17.325000000000003,-19.825000000000003
2026-01-15,KXHIGHAUS,KXHIGHAUS-26JAN15,KXHIGHAUS-26JAN15-B66.5,between,66.5,66.0,67.0,0.99,0.0,1.0,0.0,1.0,38048.0,0.0,yes,1.0,67.0,finalized,KXHIGHAUS,65.96268935203551,0.95247966,0.3463135956925967,0.99,-0.6436864043074033,1.0,NO,1.0000000000000009,0.6436864043074033,stop_loss,0.0,6.930000000000001,-1.0000000000000009,-7.9300000000000015,17.325000000000003,-19.825000000000003
2026-01-15,KXHIGHAUS,KXHIGHAUS-26JAN15,KXHIGHAUS-26JAN15-B64.5,between,64.5,64.0,65.0,0.01,0.0,1.0,0.0,1.0,110368.0,0.0,no,0.0,67.0,finalized,KXHIGHAUS,65.96268935203551,0.95247966,0.1364053357132217,0.01,0.12640533571322168,0.0,YES,1.0,0.12640533571322168,stop_loss,0.0,6.930000000000001,-1.0,-7.930000000000001,17.325000000000003,-19.825000000000003
2026-01-16,KXHIGHAUS,KXHIGHAUS-26JAN16,KXHIGHAUS-26JAN16-B75.5,between,75.5,75.0,76.0,0.99,0.0,1.0,0.0,1.0,28409.0,0.0,yes,1.0,76.0,finalized,KXHIGHAUS,74.50757598876952,0.9900263,0.24361234049722147,0.99,-0.7463876595027785,1.0,NO,1.0000000000000009,0.7463876595027785,stop_loss,0.0,6.930000000000001,-1.0000000000000009,-7.9300000000000015,17.325000000000003,-19.825000000000003
2026-01-16,KXHIGHAUS,KXHIGHAUS-26JAN16,KXHIGHAUS-26JAN16-B73.5,between,73.5,73.0,74.0,0.01,0.0,1.0,0.0,1.0,49959.0,0.0,no,0.0,76.0,finalized,KXHIGHAUS,74.50757598876952,0.9900263,0.2401753703343317,0.01,0.2301753703343317,0.0,YES,1.0,0.2301753703343317,stop_loss,0.0,6.930000000000001,-1.0,-7.930000000000001,17.325000000000003,-19.825000000000003
2026-01-17,KXHIGHAUS,KXHIGHAUS-26JAN17,KXHIGHAUS-26JAN17-B56.5,between,56.5,56.0,57.0,0.99,0.0,1.0,0.0,1.0,22419.0,0.0,yes,1.0,56.0,finalized,KXHIGHAUS,54.87389534314474,1.2806976,0.14117630366731893,0.99,-0.8488236963326811,1.0,NO,1.0000000000000009,0.8488236963326811,stop_loss,0.0,6.930000000000001,-1.0000000000000009,-7.9300000000000015,17.325000000000003,-19.825000000000003
2026-01-17,KXHIGHAUS,KXHIGHAUS-26JAN17,KXHIGHAUS-26JAN17-B54.5,between,54.5,54.0,55.0,0.01,0.0,1.0,0.0,1.0,72340.0,0.0,no,0.0,56.0,finalized,KXHIGHAUS,54.87389534314474,1.2806976,0.2917126755332278,0.01,0.2817126755332278,0.0,YES,1.0,0.2817126755332278,stop_loss,0.0,6.930000000000001,-1.0,-7.930000000000001,17.325000000000003,-19.825000000000003
2026-01-18,KXHIGHAUS,KXHIGHAUS-26JAN18,KXHIGHAUS-26JAN18-B65.5,between,65.5,65.0,66.0,0.01,0.0,1.0,0.0,1.0,61729.0,0.0,no,0.0,64.0,finalized,KXHIGHAUS,64.41552534103394,0.9353483,0.22089375281899926,0.01,0.21089375281899925,0.0,YES,1.0,0.21089375281899925,stop_loss,0.0,6.930000000000001,-1.0,-7.930000000000001,17.325000000000003,-19.825000000000003
2026-01-18,KXHIGHAUS,KXHIGHAUS-26JAN18,KXHIGHAUS-26JAN18-B63.5,between,63.5,63.0,64.0,0.99,0.0,1.0,0.0,1.0,43705.0,0.0,yes,1.0,64.0,finalized,KXHIGHAUS,64.41552534103394,0.9353483,0.2633389189986953,0.99,-0.7266610810013047,1.0,NO,1.0000000000000009,0.7266610810013047,stop_loss,0.0,6.930000000000001,-1.0000000000000009,-7.9300000000000015,17.325000000000003,-19.825000000000003
2026-01-19,KXHIGHAUS,KXHIGHAUS-26JAN19,KXHIGHAUS-26JAN19-B68.5,between,68.5,68.0,69.0,0.99,0.0,1.0,0.0,1.0,23021.0,0.0,yes,1.0,68.0,finalized,KXHIGHAUS,67.55733346939087,0.93253887,0.25657621885536497,0.99,-0.733423781144635,1.0,NO,1.0000000000000009,0.733423781144635,stop_loss,0.0,6.930000000000001,-1.0000000000000009,-7.9300000000000015,17.325000000000003,-19.825000000000003
2026-01-19,KXHIGHAUS,KXHIGHAUS-26JAN19,KXHIGHAUS-26JAN19-B66.5,between,66.5,66.0,67.0,0.01,0.0,1.0,0.0,1.0,39578.0,0.0,no,0.0,68.0,finalized,KXHIGHAUS,67.55733346939087,0.93253887,0.22757580426949403,0.01,0.21757580426949402,0.0,YES,1.0,0.21757580426949402,stop_loss,0.0,6.930000000000001,-1.0,-7.930000000000001,17.325000000000003,-19.825000000000003
2026-01-20,KXHIGHAUS,KXHIGHAUS-26JAN20,KXHIGHAUS-26JAN20-B60.5,between,60.5,60.0,61.0,0.98,0.0,1.0,0.0,1.0,41575.0,0.0,yes,1.0,60.0,finalized,KXHIGHAUS,59.571638798713686,1.232063,0.2408790984869933,0.98,-0.7391209015130067,1.0,NO,2.0000000000000018,0.7391209015130067,stop_loss,0.0,6.86,-2.0000000000000018,-8.860000000000003,17.15,-22.15000000000001
2026-01-20,KXHIGHAUS,KXHIGHAUS-26JAN20,KXHIGHAUS-26JAN20-B58.5,between,58.5,58.0,59.0,0.01,0.0,1.0,0.0,1.0,54941.0,0.0,no,0.0,60.0,finalized,KXHIGHAUS,59.571638798713686,1.232063,0.22028932874994234,0.01,0.21028932874994233,0.0,YES,1.0,0.21028932874994233,stop_loss,0.0,6.930000000000001,-1.0,-7.930000000000001,17.325000000000003,-19.825000000000003
2026-01-21,KXHIGHAUS,KXHIGHAUS-26JAN21,KXHIGHAUS-26JAN21-T74,greater,74.0,74.0,,0.99,0.0,1.0,0.0,1.0,152131.0,0.0,yes,1.0,76.0,finalized,KXHIGHAUS,74.60395383040111,1.2562035,0.6846625190527065,0.99,-0.3053374809472935,1.0,NO,1.0000000000000009,0.3053374809472935,stop_loss,0.0,6.930000000000001,-1.0000000000000009,-7.9300000000000015,17.325000000000003,-19.825000000000003
2026-01-21,KXHIGHAUS,KXHIGHAUS-26JAN21,KXHIGHAUS-26JAN21-B73.5,between,73.5,73.0,74.0,0.01,0.0,1.0,0.0,1.0,97774.0,0.0,no,0.0,76.0,finalized,KXHIGHAUS,74.60395383040111,1.2562035,0.21450570902918403,0.01,0.20450570902918402,0.0,YES,1.0,0.20450570902918402,stop_loss,0.0,6.930000000000001,-1.0,-7.930000000000001,17.325000000000003,-19.825000000000003
2026-01-22,KXHIGHAUS,KXHIGHAUS-26JAN22,KXHIGHAUS-26JAN22-T68,less,68.0,,68.0,0.01,0.0,1.0,0.0,1.0,42746.0,0.0,no,0.0,70.0,finalized,KXHIGHAUS,68.13455058733622,1.2863474,0.4583470236217527,0.01,0.4483470236217527,0.0,YES,1.0,0.4483470236217527,stop_loss,0.0,6.930000000000001,-1.0,-7.930000000000001,17.325000000000003,-19.825000000000003
2026-01-22,KXHIGHAUS,KXHIGHAUS-26JAN22,KXHIGHAUS-26JAN22-B70.5,between,70.5,70.0,71.0,0.99,0.0,1.0,0.0,1.0,45381.0,0.0,yes,1.0,70.0,finalized,KXHIGHAUS,68.13455058733622,1.2863474,0.06054856327474356,0.99,-0.9294514367252564,1.0,NO,1.0000000000000009,0.9294514367252564,stop_loss,0.0,6.930000000000001,-1.0000000000000009,-7.9300000000000015,17.325000000000003,-19.825000000000003
2026-01-22,KXHIGHAUS,KXHIGHAUS-26JAN22,KXHIGHAUS-26JAN22-B68.5,between,68.5,68.0,69.0,0.01,0.0,1.0,0.0,1.0,72315.0,0.0,no,0.0,70.0,finalized,KXHIGHAUS,68.13455058733622,1.2863474,0.2911144434960986,0.01,0.2811144434960986,0.0,YES,1.0,0.2811144434960986,stop_loss,0.0,6.930000000000001,-1.0,-7.930000000000001,17.325000000000003,-19.825000000000003
2026-01-23,KXHIGHAUS,KXHIGHAUS-26JAN23,KXHIGHAUS-26JAN23-T65,less,65.0,,65.0,0.01,0.0,1.0,0.0,1.0,30536.0,0.0,no,0.0,68.0,finalized,KXHIGHAUS,66.84840804934503,1.5658526,0.11891098577801135,0.01,0.10891098577801135,0.0,YES,1.0,0.10891098577801135,stop_loss,0.0,6.930000000000001,-1.0,-7.930000000000001,17.325000000000003,-19.825000000000003
2026-01-23,KXHIGHAUS,KXHIGHAUS-26JAN23,KXHIGHAUS-26JAN23-B67.5,between,67.5,67.0,68.0,0.99,0.0,1.0,0.0,1.0,37144.0,0.0,yes,1.0,68.0,finalized,KXHIGHAUS,66.84840804934503,1.5658526,0.23040266105328655,0.99,-0.7595973389467134,1.0,NO,1.0000000000000009,0.7595973389467134,stop_loss,0.0,6.930000000000001,-1.0000000000000009,-7.9300000000000015,17.325000000000003,-19.825000000000003
2026-01-23,KXHIGHAUS,KXHIGHAUS-26JAN23,KXHIGHAUS-26JAN23-B65.5,between,65.5,65.0,66.0,0.01,0.0,1.0,0.0,1.0,57785.0,0.0,no,0.0,68.0,finalized,KXHIGHAUS,66.84840804934503,1.5658526,0.17506076071374177,0.01,0.16506076071374176,0.0,YES,1.0,0.16506076071374176,stop_loss,0.0,6.930000000000001,-1.0,-7.930000000000001,17.325000000000003,-19.825000000000003
2026-01-25,KXHIGHAUS,KXHIGHAUS-26JAN25,KXHIGHAUS-26JAN25-T26,less,26.0,,26.0,0.01,0.0,1.0,0.0,1.0,31048.0,0.0,no,0.0,29.0,finalized,KXHIGHAUS,27.544279597202934,1.2977526,0.11703016491558554,0.01,0.10703016491558555,0.0,YES,1.0,0.10703016491558555,stop_loss,0.0,6.930000000000001,-1.0,-7.930000000000001,17.325000000000003,-19.825000000000003
2026-01-25,KXHIGHAUS,KXHIGHAUS-26JAN25,KXHIGHAUS-26JAN25-B28.5,between,28.5,28.0,29.0,0.99,0.0,1.0,0.0,1.0,37545.0,0.0,yes,1.0,29.0,finalized,KXHIGHAUS,27.544279597202934,1.2977526,0.23174381720589632,0.99,-0.7582561827941037,1.0,NO,1.0000000000000009,0.7582561827941037,stop_loss,0.0,6.930000000000001,-1.0000000000000009,-7.9300000000000015,17.325000000000003,-19.825000000000003
2026-01-25,KXHIGHAUS,KXHIGHAUS-26JAN25,KXHIGHAUS-26JAN25-B26.5,between,26.5,26.0,27.0,0.01,0.0,1.0,0.0,1.0,45843.0,0.0,no,0.0,29.0,finalized,KXHIGHAUS,27.544279597202934,1.2977526,0.2204311421672695,0.01,0.2104311421672695,0.0,YES,1.0,0.2104311421672695,stop_loss,0.0,6.930000000000001,-1.0,-7.930000000000001,17.325000000000003,-19.825000000000003
2026-01-26,KXHIGHAUS,KXHIGHAUS-26JAN26,KXHIGHAUS-26JAN26-T38,greater,38.0,38.0,,0.01,0.0,1.0,0.0,1.0,22981.0,0.0,no,0.0,37.0,finalized,KXHIGHAUS,37.31423414548238,1.0031401,0.24710782006927978,0.01,0.23710782006927977,0.0,YES,1.0,0.23710782006927977,stop_loss,0.0,6.930000000000001,-1.0,-7.930000000000001,17.325000000000003,-19.825000000000003
2026-01-26,KXHIGHAUS,KXHIGHAUS-26JAN26,KXHIGHAUS-26JAN26-B37.5,between,37.5,37.0,38.0,0.99,0.0,1.0,0.0,1.0,29471.0,0.0,yes,1.0,37.0,finalized,KXHIGHAUS,37.31423414548238,1.0031401,0.3758470066939986,0.99,-0.6141529933060014,1.0,NO,1.0000000000000009,0.6141529933060014,stop_loss,0.0,6.930000000000001,-1.0000000000000009,-7.9300000000000015,17.325000000000003,-19.825000000000003
2026-01-27,KXHIGHAUS,KXHIGHAUS-26JAN27,KXHIGHAUS-26JAN27-B49.5,between,49.5,49.0,50.0,0.99,0.0,1.0,0.0,1.0,51152.0,0.0,yes,1.0,50.0,finalized,KXHIGHAUS,48.37427126566569,1.0423365,0.21473284780238744,0.99,-0.7752671521976126,1.0,NO,1.0000000000000009,0.7752671521976126,stop_loss,0.0,6.930000000000001,-1.0000000000000009,-7.9300000000000015,17.325000000000003,-19.825000000000003
2026-01-27,KXHIGHAUS,KXHIGHAUS-26JAN27,KXHIGHAUS-26JAN27-B47.5,between,47.5,47.0,48.0,0.01,0.0,1.0,0.0,1.0,53867.0,0.0,no,0.0,50.0,finalized,KXHIGHAUS,48.37427126566569,1.0423365,0.2660954529978096,0.01,0.2560954529978096,0.0,YES,1.0,0.2560954529978096,stop_loss,0.0,6.930000000000001,-1.0,-7.930000000000001,17.325000000000003,-19.825000000000003
2026-01-28,KXHIGHAUS,KXHIGHAUS-26JAN28,KXHIGHAUS-26JAN28-T59,greater,59.0,59.0,,0.01,0.0,1.0,0.0,1.0,29984.0,0.0,no,0.0,58.0,finalized,KXHIGHAUS,59.42784754435221,1.38917,0.6209542241366518,0.01,0.6109542241366518,0.0,YES,1.0,0.6109542241366518,stop_loss,0.0,6.930000000000001,-1.0,-7.930000000000001,17.325000000000003,-19.825000000000003
2026-01-28,KXHIGHAUS,KXHIGHAUS-26JAN28,KXHIGHAUS-26JAN28-B58.5,between,58.5,58.0,59.0,0.99,0.0,1.0,0.0,1.0,52598.0,0.0,yes,1.0,58.0,finalized,KXHIGHAUS,59.42784754435221,1.38917,0.22703373528029663,0.99,-0.7629662647197033,1.0,NO,1.0000000000000009,0.7629662647197033,stop_loss,0.0,6.930000000000001,-1.0000000000000009,-7.9300000000000015,17.325000000000003,-19.825000000000003
2026-01-30,KXHIGHAUS,KXHIGHAUS-26JAN30,KXHIGHAUS-26JAN30-T53,less,53.0,,53.0,0.01,0.0,1.0,0.0,1.0,27258.0,0.0,no,0.0,55.0,finalized,KXHIGHAUS,54.37456393241882,1.9341428,0.23864010712354994,0.01,0.22864010712354993,0.0,YES,1.0,0.22864010712354993,stop_loss,0.0,6.930000000000001,-1.0,-7.930000000000001,17.325000000000003,-19.825000000000003
2026-01-30,KXHIGHAUS,KXHIGHAUS-26JAN30,KXHIGHAUS-26JAN30-B55.5,between,55.5,55.0,56.0,0.99,0.0,1.0,0.0,1.0,50100.0,0.0,yes,1.0,55.0,finalized,KXHIGHAUS,54.37456393241882,1.9341428,0.17286441068442737,0.99,-0.8171355893155726,1.0,NO,1.0000000000000009,0.8171355893155726,stop_loss,0.0,6.930000000000001,-1.0000000000000009,-7.9300000000000015,17.325000000000003,-19.825000000000003
2026-01-30,KXHIGHAUS,KXHIGHAUS-26JAN30,KXHIGHAUS-26JAN30-B53.5,between,53.5,53.0,54.0,0.01,0.0,1.0,0.0,1.0,44430.0,0.0,no,0.0,55.0,finalized,KXHIGHAUS,54.37456393241882,1.9341428,0.1845813887767263,0.01,0.1745813887767263,0.0,YES,1.0,0.1745813887767263,stop_loss,0.0,6.930000000000001,-1.0,-7.930000000000001,17.325000000000003,-19.825000000000003
2026-01-31,KXHIGHAUS,KXHIGHAUS-26JAN31,KXHIGHAUS-26JAN31-B45.5,between,45.5,45.0,46.0,0.99,0.0,1.0,0.0,1.0,30939.0,0.0,yes,1.0,45.0,finalized,KXHIGHAUS,45.42422000169754,1.1873976,0.32568428729979426,0.99,-0.6643157127002057,1.0,NO,1.0000000000000009,0.6643157127002057,stop_loss,0.0,6.930000000000001,-1.0000000000000009,-7.9300000000000015,17.325000000000003,-19.825000000000003
2026-02-01,KXHIGHAUS,KXHIGHAUS-26FEB01,KXHIGHAUS-26FEB01-B57.5,between,57.5,57.0,58.0,0.99,0.0,1.0,0.0,1.0,25701.0,0.0,yes,1.0,57.0,finalized,KXHIGHAUS,57.019147960344945,1.0641688,0.32883725445391293,0.99,-0.6611627455460871,1.0,NO,1.0000000000000009,0.6611627455460871,stop_loss,0.0,6.930000000000001,-1.0000000000000009,-7.9300000000000015,17.325000000000003,-19.825000000000003
2026-02-01,KXHIGHAUS,KXHIGHAUS-26FEB01,KXHIGHAUS-26FEB01-B55.5,between,55.5,55.0,56.0,0.01,0.0,1.0,0.0,1.0,20984.0,0.0,no,0.0,57.0,finalized,KXHIGHAUS,57.019147960344945,1.0641688,0.14022062018894207,0.01,0.13022062018894207,0.0,YES,1.0,0.13022062018894207,stop_loss,0.0,6.930000000000001,-1.0,-7.930000000000001,17.325000000000003,-19.825000000000003
2026-02-02,KXHIGHAUS,KXHIGHAUS-26FEB02,KXHIGHAUS-26FEB02-B68.5,between,68.5,68.0,69.0,0.99,0.0,1.0,0.0,1.0,64639.0,0.0,yes,1.0,69.0,finalized,KXHIGHAUS,68.02969546318054,1.0897027,0.32425283413398065,0.99,-0.6657471658660193,1.0,NO,1.0000000000000009,0.6657471658660193,stop_loss,0.0,6.930000000000001,-1.0000000000000009,-7.9300000000000015,17.325000000000003,-19.825000000000003
2026-02-02,KXHIGHAUS,KXHIGHAUS-26FEB02,KXHIGHAUS-26FEB02-B66.5,between,66.5,66.0,67.0,0.01,0.0,1.0,0.0,1.0,38765.0,0.0,no,0.0,69.0,finalized,KXHIGHAUS,68.02969546318054,1.0897027,0.14108838007389868,0.01,0.13108838007389867,0.0,YES,1.0,0.13108838007389867,stop_loss,0.0,6.930000000000001,-1.0,-7.930000000000001,17.325000000000003,-19.825000000000003
2026-02-03,KXHIGHAUS,KXHIGHAUS-26FEB03,KXHIGHAUS-26FEB03-B72.5,between,72.5,72.0,73.0,0.99,0.0,1.0,0.0,1.0,41194.0,0.0,yes,1.0,72.0,finalized,KXHIGHAUS,70.54167747497559,1.6912233,0.12123249753900811,0.99,-0.8687675024609919,1.0,NO,1.0000000000000009,0.8687675024609919,stop_loss,0.0,6.930000000000001,-1.0000000000000009,-7.9300000000000015,17.325000000000003,-19.825000000000003
2026-02-03,KXHIGHAUS,KXHIGHAUS-26FEB03,KXHIGHAUS-26FEB03-B70.5,between,70.5,70.0,71.0,0.01,0.0,1.0,0.0,1.0,44105.0,0.0,no,0.0,72.0,finalized,KXHIGHAUS,70.54167747497559,1.6912233,0.23242947296650018,0.01,0.22242947296650017,0.0,YES,1.0,0.22242947296650017,stop_loss,0.0,6.930000000000001,-1.0,-7.930000000000001,17.325000000000003,-19.825000000000003
2026-02-03,KXHIGHAUS,KXHIGHAUS-26FEB03,KXHIGHAUS-26FEB03-B68.5,between,68.5,68.0,69.0,0.01,0.0,1.0,0.0,1.0,15333.0,0.0,no,0.0,72.0,finalized,KXHIGHAUS,70.54167747497559,1.6912233,0.11455900436927456,0.01,0.10455900436927457,0.0,YES,1.0,0.10455900436927457,stop_loss,0.0,6.930000000000001,-1.0,-7.930000000000001,17.325000000000003,-19.825000000000003
2026-02-04,KXHIGHAUS,KXHIGHAUS-26FEB04,KXHIGHAUS-26FEB04-T64,less,64.0,,64.0,0.01,0.0,1.0,0.0,1.0,31830.0,0.0,no,0.0,65.0,finalized,KXHIGHAUS,63.84395020802816,1.4216012,0.5437042840895114,0.01,0.5337042840895114,0.0,YES,1.0,0.5337042840895114,stop_loss,0.0,6.930000000000001,-1.0,-7.930000000000001,17.325000000000003,-19.825000000000003
2026-02-04,KXHIGHAUS,KXHIGHAUS-26FEB04,KXHIGHAUS-26FEB04-B64.5,between,64.5,64.0,65.0,0.99,0.0,1.0,0.0,1.0,30687.0,0.0,yes,1.0,65.0,finalized,KXHIGHAUS,63.84395020802816,1.4216012,0.24824476530177686,0.99,-0.7417552346982231,1.0,NO,1.0000000000000009,0.7417552346982231,stop_loss,0.0,6.930000000000001,-1.0000000000000009,-7.9300000000000015,17.325000000000003,-19.825000000000003
2026-02-05,KXHIGHAUS,KXHIGHAUS-26FEB05,KXHIGHAUS-26FEB05-B69.5,between,69.5,69.0,70.0,0.99,0.0,1.0,0.0,1.0,46897.0,0.0,yes,1.0,70.0,finalized,KXHIGHAUS,69.07780428727467,1.1332905,0.31946824737090446,0.99,-0.6705317526290955,1.0,NO,1.0000000000000009,0.6705317526290955,stop_loss,0.0,6.930000000000001,-1.0000000000000009,-7.9300000000000015,17.325000000000003,-19.825000000000003
2026-02-05,KXHIGHAUS,KXHIGHAUS-26FEB05,KXHIGHAUS-26FEB05-B67.5,between,67.5,67.0,68.0,0.01,0.0,1.0,0.0,1.0,40428.0,0.0,no,0.0,70.0,finalized,KXHIGHAUS,69.07780428727467,1.1332905,0.13742248677113592,0.01,0.1274224867711359,0.0,YES,1.0,0.1274224867711359,stop_loss,0.0,6.930000000000001,-1.0,-7.930000000000001,17.325000000000003,-19.825000000000003
2026-02-06,KXHIGHAUS,KXHIGHAUS-26FEB06,KXHIGHAUS-26FEB06-B83.5,between,83.5,83.0,84.0,0.99,0.0,1.0,0.0,1.0,55930.0,0.0,yes,1.0,83.0,finalized,KXHIGHAUS,82.07413705190022,1.1187458,0.1613665770141678,0.99,-0.8286334229858322,1.0,NO,1.0000000000000009,0.8286334229858322,stop_loss,0.0,6.930000000000001,-1.0000000000000009,-7.9300000000000015,17.325000000000003,-19.825000000000003
2026-02-06,KXHIGHAUS,KXHIGHAUS-26FEB06,KXHIGHAUS-26FEB06-B81.5,between,81.5,81.0,82.0,0.01,0.0,1.0,0.0,1.0,132113.0,0.0,no,0.0,83.0,finalized,KXHIGHAUS,82.07413705190022,1.1187458,0.30508635238104426,0.01,0.29508635238104425,0.0,YES,1.0,0.29508635238104425,stop_loss,0.0,6.930000000000001,-1.0,-7.930000000000001,17.325000000000003,-19.825000000000003
2026-02-07,KXHIGHAUS,KXHIGHAUS-26FEB07,KXHIGHAUS-26FEB07-B83.5,between,83.5,83.0,84.0,0.99,0.0,1.0,0.0,1.0,56918.0,0.0,yes,1.0,84.0,finalized,KXHIGHAUS,81.98275311787923,0.9243508,0.1210151827629995,0.99,-0.8689848172370005,1.0,NO,1.0000000000000009,0.8689848172370005,stop_loss,0.0,6.930000000000001,-1.0000000000000009,-7.9300000000000015,17.325000000000003,-19.825000000000003
2026-02-07,KXHIGHAUS,KXHIGHAUS-26FEB07,KXHIGHAUS-26FEB07-B81.5,between,81.5,81.0,82.0,0.01,0.0,1.0,0.0,1.0,63347.0,0.0,no,0.0,84.0,finalized,KXHIGHAUS,81.98275311787923,0.9243508,0.36359346721175756,0.01,0.35359346721175755,0.0,YES,1.0,0.35359346721175755,stop_loss,0.0,6.930000000000001,-1.0,-7.930000000000001,17.325000000000003,-19.825000000000003
2026-02-08,KXHIGHAUS,KXHIGHAUS-26FEB08,KXHIGHAUS-26FEB08-B80.5,between,80.5,80.0,81.0,0.99,0.0,1.0,0.0,1.0,29161.0,0.0,yes,1.0,80.0,finalized,KXHIGHAUS,78.70039026737213,0.93761605,0.07577028851174616,0.99,-0.9142297114882538,1.0,NO,1.0000000000000009,0.9142297114882538,stop_loss,0.0,6.930000000000001,-1.0000000000000009,-7.9300000000000015,17.325000000000003,-19.825000000000003
2026-02-08,KXHIGHAUS,KXHIGHAUS-26FEB08,KXHIGHAUS-26FEB08-B78.5,between,78.5,78.0,79.0,0.01,0.0,1.0,0.0,1.0,33403.0,0.0,no,0.0,80.0,finalized,KXHIGHAUS,78.70039026737213,0.93761605,0.3978083921992246,0.01,0.3878083921992246,0.0,YES,1.0,0.3878083921992246,stop_loss,0.0,6.930000000000001,-1.0,-7.930000000000001,17.325000000000003,-19.825000000000003
2026-02-09,KXHIGHAUS,KXHIGHAUS-26FEB09,KXHIGHAUS-26FEB09-B85.5,between,85.5,85.0,86.0,0.99,0.99,1.0,0.0,0.01,45549.0,0.0,yes,1.0,85.0,finalized,KXHIGHAUS,83.99370064735412,0.8973892,0.11838112796775802,0.99,-0.871618872032242,1.0,NO,1.0000000000000009,0.871618872032242,stop_loss,0.0,6.930000000000001,-1.0000000000000009,-7.9300000000000015,17.325000000000003,-19.825000000000003
2026-02-09,KXHIGHAUS,KXHIGHAUS-26FEB09,KXHIGHAUS-26FEB09-B83.5,between,83.5,83.0,84.0,0.01,0.0,0.01,0.99,1.0,68276.0,0.0,no,0.0,85.0,finalized,KXHIGHAUS,83.99370064735412,0.8973892,0.36872349292071765,0.01,0.35872349292071765,0.0,YES,1.0,0.35872349292071765,stop_loss,0.0,6.930000000000001,-1.0,-7.930000000000001,17.325000000000003,-19.825000000000003
2026-02-11,KXHIGHAUS,KXHIGHAUS-26FEB11,KXHIGHAUS-26FEB11-B76.5,between,76.5,76.0,77.0,0.99,0.99,1.0,0.0,0.01,40366.0,0.0,yes,1.0,76.0,finalized,KXHIGHAUS,75.25951979955038,1.134544,0.19448017046791588,0.99,-0.7955198295320841,1.0,NO,1.0000000000000009,0.7955198295320841,stop_loss,0.0,6.930000000000001,-1.0000000000000009,-7.9300000000000015,17.325000000000003,-19.825000000000003
2026-02-11,KXHIGHAUS,KXHIGHAUS-26FEB11,KXHIGHAUS-26FEB11-B74.5,between,74.5,74.0,75.0,0.01,0.0,0.01,0.99,1.0,85885.0,0.0,no,0.0,76.0,finalized,KXHIGHAUS,75.25951979955038,1.134544,0.27606795916133836,0.01,0.26606795916133835,0.0,YES,1.0,0.26606795916133835,stop_loss,0.0,6.930000000000001,-1.0,-7.930000000000001,17.325000000000003,-19.825000000000003
2026-02-12,KXHIGHAUS,KXHIGHAUS-26FEB12,KXHIGHAUS-26FEB12-B80.5,between,80.5,80.0,81.0,0.99,0.0,1.0,0.0,1.0,49790.0,0.0,yes,1.0,81.0,finalized,KXHIGHAUS,79.73275864124298,1.1868019,0.2681102489585494,0.99,-0.7218897510414506,1.0,NO,1.0000000000000009,0.7218897510414506,stop_loss,0.0,6.930000000000001,-1.0000000000000009,-7.9300000000000015,17.325000000000003,-19.825000000000003
2026-02-12,KXHIGHAUS,KXHIGHAUS-26FEB12,KXHIGHAUS-26FEB12-B78.5,between,78.5,78.0,79.0,0.01,0.0,1.0,0.0,1.0,49795.0,0.0,no,0.0,81.0,finalized,KXHIGHAUS,79.73275864124298,1.1868019,0.19633610850905858,0.01,0.18633610850905857,0.0,YES,1.0,0.18633610850905857,stop_loss,0.0,6.930000000000001,-1.0,-7.930000000000001,17.325000000000003,-19.825000000000003
2026-02-13,KXHIGHAUS,KXHIGHAUS-26FEB13,KXHIGHAUS-26FEB13-B82.5,between,82.5,82.0,83.0,0.99,0.0,1.0,0.0,1.0,41371.0,0.0,yes,1.0,82.0,finalized,KXHIGHAUS,80.5078084230423,1.1209158,0.07846142431071867,0.99,-0.9115385756892813,1.0,NO,1.0000000000000009,0.9115385756892813,stop_loss,0.0,6.930000000000001,-1.0000000000000009,-7.9300000000000015,17.325000000000003,-19.825000000000003
2026-02-13,KXHIGHAUS,KXHIGHAUS-26FEB13,KXHIGHAUS-26FEB13-B80.5,between,80.5,80.0,81.0,0.01,0.0,1.0,0.0,1.0,50533.0,0.0,no,0.0,82.0,finalized,KXHIGHAUS,80.5078084230423,1.1209158,0.3444410549718553,0.01,0.3344410549718553,0.0,YES,1.0,0.3344410549718553,stop_loss,0.0,6.930000000000001,-1.0,-7.930000000000001,17.325000000000003,-19.825000000000003
2026-02-14,KXHIGHAUS,KXHIGHAUS-26FEB14,KXHIGHAUS-26FEB14-T72,less,72.0,,72.0,0.01,0.0,1.0,0.0,1.0,31635.0,0.0,no,0.0,75.0,finalized,KXHIGHAUS,72.0221161544323,1.7662058,0.4950046372971892,0.01,0.4850046372971892,0.0,YES,1.0,0.4850046372971892,stop_loss,0.0,6.930000000000001,-1.0,-7.930000000000001,17.325000000000003,-19.825000000000003
2026-02-14,KXHIGHAUS,KXHIGHAUS-26FEB14,KXHIGHAUS-26FEB14-B74.5,between,74.5,74.0,75.0,0.99,0.0,1.0,0.0,1.0,43180.0,0.0,yes,1.0,75.0,finalized,KXHIGHAUS,72.0221161544323,1.7662058,0.08549447011367173,0.99,-0.9045055298863283,1.0,NO,1.0000000000000009,0.9045055298863283,stop_loss,0.0,6.930000000000001,-1.0000000000000009,-7.9300000000000015,17.325000000000003,-19.825000000000003
2026-02-14,KXHIGHAUS,KXHIGHAUS-26FEB14,KXHIGHAUS-26FEB14-B72.5,between,72.5,72.0,73.0,0.01,0.0,1.0,0.0,1.0,36777.0,0.0,no,0.0,75.0,finalized,KXHIGHAUS,72.0221161544323,1.7662058,0.21509081546894332,0.01,0.2050908154689433,0.0,YES,1.0,0.2050908154689433,stop_loss,0.0,6.930000000000001,-1.0,-7.930000000000001,17.325000000000003,-19.825000000000003
2026-02-15,KXHIGHAUS,KXHIGHAUS-26FEB15,KXHIGHAUS-26FEB15-B75.5,between,75.5,75.0,76.0,0.01,0.0,1.0,0.0,1.0,32694.0,0.0,no,0.0,74.0,finalized,KXHIGHAUS,73.867236550649,1.0724845,0.12206567563462234,0.01,0.11206567563462234,0.0,YES,1.0,0.11206567563462234,stop_loss,0.0,6.930000000000001,-1.0,-7.930000000000001,17.325000000000003,-19.825000000000003
2026-02-15,KXHIGHAUS,KXHIGHAUS-26FEB15,KXHIGHAUS-26FEB15-B73.5,between,73.5,73.0,74.0,0.99,0.0,1.0,0.0,1.0,29673.0,0.0,yes,1.0,74.0,finalized,KXHIGHAUS,73.867236550649,1.0724845,0.33989367627860945,0.99,-0.6501063237213905,1.0,NO,1.0000000000000009,0.6501063237213905,stop_loss,0.0,6.930000000000001,-1.0000000000000009,-7.9300000000000015,17.325000000000003,-19.825000000000003
2026-02-16,KXHIGHAUS,KXHIGHAUS-26FEB16,KXHIGHAUS-26FEB16-B78.5,between,78.5,78.0,79.0,0.99,0.0,1.0,0.0,1.0,24927.0,0.0,yes,1.0,78.0,finalized,KXHIGHAUS,76.50694728692373,0.9436626,0.052680955093164505,0.99,-0.9373190449068355,1.0,NO,1.0000000000000009,0.9373190449068355,stop_loss,0.0,6.930000000000001,-1.0000000000000009,-7.9300000000000015,17.325000000000003,-19.825000000000003
2026-02-16,KXHIGHAUS,KXHIGHAUS-26FEB16,KXHIGHAUS-26FEB16-B76.5,between,76.5,76.0,77.0,0.01,0.0,1.0,0.0,1.0,37347.0,0.0,no,0.0,78.0,finalized,KXHIGHAUS,76.50694728692373,0.9436626,0.4037743877679732,0.01,0.3937743877679732,0.0,YES,1.0,0.3937743877679732,stop_loss,0.0,6.930000000000001,-1.0,-7.930000000000001,17.325000000000003,-19.825000000000003
2026-02-17,KXHIGHAUS,KXHIGHAUS-26FEB17,KXHIGHAUS-26FEB17-B84.5,between,84.5,84.0,85.0,0.99,0.0,1.0,0.0,1.0,34021.0,0.0,yes,1.0,84.0,finalized,KXHIGHAUS,83.1632788658142,1.0432414,0.17211111401964052,0.99,-0.8178888859803595,1.0,NO,1.0000000000000009,0.8178888859803595,stop_loss,0.0,6.930000000000001,-1.0000000000000009,-7.9300000000000015,17.325000000000003,-19.825000000000003
2026-02-17,KXHIGHAUS,KXHIGHAUS-26FEB17,KXHIGHAUS-26FEB17-B82.5,between,82.5,82.0,83.0,0.01,0.0,1.0,0.0,1.0,34592.0,0.0,no,0.0,84.0,finalized,KXHIGHAUS,83.1632788658142,1.0432414,0.3054031637196583,0.01,0.2954031637196583,0.0,YES,1.0,0.2954031637196583,stop_loss,0.0,6.930000000000001,-1.0,-7.930000000000001,17.325000000000003,-19.825000000000003
2026-02-18,KXHIGHAUS,KXHIGHAUS-26FEB18,KXHIGHAUS-26FEB18-T79,less,79.0,,79.0,0.99,0.0,1.0,0.0,1.0,113298.0,0.0,yes,1.0,77.0,finalized,KXHIGHAUS,79.19083629449209,1.3005943,0.44167254230516584,0.99,-0.5483274576948342,1.0,NO,1.0000000000000009,0.5483274576948342,stop_loss,0.0,6.930000000000001,-1.0000000000000009,-7.9300000000000015,17.325000000000003,-19.825000000000003
2026-02-18,KXHIGHAUS,KXHIGHAUS-26FEB18,KXHIGHAUS-26FEB18-B79.5,between,79.5,79.0,80.0,0.01,0.0,1.0,0.0,1.0,28664.0,0.0,no,0.0,77.0,finalized,KXHIGHAUS,79.19083629449209,1.3005943,0.29140557057227445,0.01,0.28140557057227444,0.0,YES,1.0,0.28140557057227444,stop_loss,0.0,6.930000000000001,-1.0,-7.930000000000001,17.325000000000003,-19.825000000000003
2026-02-19,KXHIGHAUS,KXHIGHAUS-26FEB19,KXHIGHAUS-26FEB19-B86.5,between,86.5,86.0,87.0,0.01,0.0,1.0,0.0,1.0,33342.0,0.0,no,0.0,85.0,finalized,KXHIGHAUS,85.77802270253498,1.0252671,0.2976387562117401,0.01,0.28763875621174007,0.0,YES,1.0,0.28763875621174007,stop_loss,0.0,6.930000000000001,-1.0,-7.930000000000001,17.325000000000003,-19.825000000000003
2026-02-19,KXHIGHAUS,KXHIGHAUS-26FEB19,KXHIGHAUS-26FEB19-B84.5,between,84.5,84.0,85.0,0.99,0.0,1.0,0.0,1.0,51291.0,0.0,yes,1.0,85.0,finalized,KXHIGHAUS,85.77802270253498,1.0252671,0.18253059586289375,0.99,-0.8074694041371062,1.0,NO,1.0000000000000009,0.8074694041371062,stop_loss,0.0,6.930000000000001,-1.0000000000000009,-7.9300000000000015,17.325000000000003,-19.825000000000003
2026-02-21,KXHIGHAUS,KXHIGHAUS-26FEB21,KXHIGHAUS-26FEB21-T73,less,73.0,,73.0,0.01,0.0,1.0,0.0,1.0,62738.0,0.0,no,0.0,74.0,finalized,KXHIGHAUS,71.16574540932973,1.0756625,0.9559244599941703,0.01,0.9459244599941703,0.0,YES,1.0,0.9459244599941703,stop_loss,0.0,6.930000000000001,-1.0,-7.930000000000001,17.325000000000003,-19.825000000000003
2026-02-21,KXHIGHAUS,KXHIGHAUS-26FEB21,KXHIGHAUS-26FEB21-B73.5,between,73.5,73.0,74.0,0.99,0.0,1.0,0.0,1.0,15332.0,0.0,yes,1.0,74.0,finalized,KXHIGHAUS,71.16574540932973,1.0756625,0.03986733816900834,0.99,-0.9501326618309917,1.0,NO,1.0000000000000009,0.9501326618309917,stop_loss,0.0,6.930000000000001,-1.0000000000000009,-7.9300000000000015,17.325000000000003,-19.825000000000003
2026-02-22,KXHIGHAUS,KXHIGHAUS-26FEB22,KXHIGHAUS-26FEB22-T62,less,62.0,,62.0,0.01,0.0,1.0,0.0,1.0,21610.0,0.0,no,0.0,63.0,finalized,KXHIGHAUS,62.257564814885455,1.0276803,0.4010511057477185,0.01,0.3910511057477185,0.0,YES,1.0,0.3910511057477185,stop_loss,0.0,6.930000000000001,-1.0,-7.930000000000001,17.325000000000003,-19.825000000000003
2026-02-22,KXHIGHAUS,KXHIGHAUS-26FEB22,KXHIGHAUS-26FEB22-B62.5,between,62.5,62.0,63.0,0.99,0.0,1.0,0.0,1.0,26975.0,0.0,yes,1.0,63.0,finalized,KXHIGHAUS,62.257564814885455,1.0276803,0.3639362490188701,0.99,-0.6260637509811299,1.0,NO,1.0000000000000009,0.6260637509811299,stop_loss,0.0,6.930000000000001,-1.0000000000000009,-7.9300000000000015,17.325000000000003,-19.825000000000003
2026-02-23,KXHIGHAUS,KXHIGHAUS-26FEB23,KXHIGHAUS-26FEB23-B67.5,between,67.5,67.0,68.0,0.98,0.0,1.0,0.0,1.0,26011.0,0.0,yes,1.0,67.0,finalized,KXHIGHAUS,64.86343982219697,0.97295326,0.01341501941676837,0.98,-0.9665849805832316,1.0,NO,2.0000000000000018,0.9665849805832316,stop_loss,0.0,6.86,-2.0000000000000018,-8.860000000000003,17.15,-22.15000000000001
2026-02-23,KXHIGHAUS,KXHIGHAUS-26FEB23,KXHIGHAUS-26FEB23-B65.5,between,65.5,65.0,66.0,0.01,0.0,1.0,0.0,1.0,49698.0,0.0,no,0.0,67.0,finalized,KXHIGHAUS,64.86343982219697,0.97295326,0.3228170861984403,0.01,0.3128170861984403,0.0,YES,1.0,0.3128170861984403,stop_loss,0.0,6.930000000000001,-1.0,-7.930000000000001,17.325000000000003,-19.825000000000003
2026-02-23,KXHIGHAUS,KXHIGHAUS-26FEB23,KXHIGHAUS-26FEB23-B63.5,between,63.5,63.0,64.0,0.01,0.0,1.0,0.0,1.0,20664.0,0.0,no,0.0,67.0,finalized,KXHIGHAUS,64.86343982219697,0.97295326,0.15968952678542975,0.01,0.14968952678542974,0.0,YES,1.0,0.14968952678542974,stop_loss,0.0,6.930000000000001,-1.0,-7.930000000000001,17.325000000000003,-19.825000000000003
2026-02-24,KXHIGHAUS,KXHIGHAUS-26FEB24,KXHIGHAUS-26FEB24-T73,less,73.0,,73.0,0.01,0.0,1.0,0.0,1.0,17540.0,0.0,no,0.0,75.0,finalized,KXHIGHAUS,73.75901220639547,0.9563363,0.21369477121381242,0.01,0.2036947712138124,0.0,YES,1.0,0.2036947712138124,stop_loss,0.0,6.930000000000001,-1.0,-7.930000000000001,17.325000000000003,-19.825000000000003
2026-02-24,KXHIGHAUS,KXHIGHAUS-26FEB24,KXHIGHAUS-26FEB24-B75.5,between,75.5,75.0,76.0,0.99,0.0,1.0,0.0,1.0,36614.0,0.0,yes,1.0,75.0,finalized,KXHIGHAUS,73.75901220639547,0.9563363,0.08764730895900474,0.99,-0.9023526910409952,1.0,NO,1.0000000000000009,0.9023526910409952,stop_loss,0.0,6.930000000000001,-1.0000000000000009,-7.9300000000000015,17.325000000000003,-19.825000000000003
2026-02-24,KXHIGHAUS,KXHIGHAUS-26FEB24,KXHIGHAUS-26FEB24-B73.5,between,73.5,73.0,74.0,0.01,0.0,1.0,0.0,1.0,20888.0,0.0,no,0.0,75.0,finalized,KXHIGHAUS,73.75901220639547,0.9563363,0.38578107641757653,0.01,0.3757810764175765,0.0,YES,1.0,0.3757810764175765,stop_loss,0.0,6.930000000000001,-1.0,-7.930000000000001,17.325000000000003,-19.825000000000003
2026-02-25,KXHIGHAUS,KXHIGHAUS-26FEB25,KXHIGHAUS-26FEB25-B88.5,between,88.5,88.0,89.0,0.99,0.0,1.0,0.0,1.0,37901.0,0.0,yes,1.0,88.0,finalized,KXHIGHAUS,86.60215613047282,0.9385375,0.06288164570190213,0.99,-0.9271183542980979,1.0,NO,1.0000000000000009,0.9271183542980979,stop_loss,0.0,6.930000000000001,-1.0000000000000009,-7.9300000000000015,17.325000000000003,-19.825000000000003
2026-02-25,KXHIGHAUS,KXHIGHAUS-26FEB25,KXHIGHAUS-26FEB25-B86.5,between,86.5,86.0,87.0,0.01,0.0,1.0,0.0,1.0,37085.0,0.0,no,0.0,88.0,finalized,KXHIGHAUS,86.60215613047282,0.9385375,0.40361002683282465,0.01,0.39361002683282464,0.0,YES,1.0,0.39361002683282464,stop_loss,0.0,6.930000000000001,-1.0,-7.930000000000001,17.325000000000003,-19.825000000000003
2026-02-26,KXHIGHAUS,KXHIGHAUS-26FEB26,KXHIGHAUS-26FEB26-T84,less,84.0,,84.0,0.01,0.0,1.0,0.0,1.0,35286.0,0.0,no,0.0,85.0,finalized,KXHIGHAUS,84.88765138785045,1.0517213,0.19933507962407265,0.01,0.18933507962407264,0.0,YES,1.0,0.18933507962407264,stop_loss,0.0,6.930000000000001,-1.0,-7.930000000000001,17.325000000000003,-19.825000000000003
2026-02-26,KXHIGHAUS,KXHIGHAUS-26FEB26,KXHIGHAUS-26FEB26-B86.5,between,86.5,86.0,87.0,0.01,0.0,1.0,0.0,1.0,31970.0,0.0,no,0.0,85.0,finalized,KXHIGHAUS,84.88765138785045,1.0517213,0.12281169230343891,0.01,0.11281169230343892,0.0,YES,1.0,0.11281169230343892,stop_loss,0.0,6.930000000000001,-1.0,-7.930000000000001,17.325000000000003,-19.825000000000003
2026-02-26,KXHIGHAUS,KXHIGHAUS-26FEB26,KXHIGHAUS-26FEB26-B84.5,between,84.5,84.0,85.0,0.99,0.0,1.0,0.0,1.0,48486.0,0.0,yes,1.0,85.0,finalized,KXHIGHAUS,84.88765138785045,1.0517213,0.3432004403970779,0.99,-0.6467995596029221,1.0,NO,1.0000000000000009,0.6467995596029221,stop_loss,0.0,6.930000000000001,-1.0000000000000009,-7.9300000000000015,17.325000000000003,-19.825000000000003
2026-02-27,KXHIGHAUS,KXHIGHAUS-26FEB27,KXHIGHAUS-26FEB27-B87.5,between,87.5,87.0,88.0,0.99,0.0,1.0,0.0,1.0,35775.0,0.0,yes,1.0,87.0,finalized,KXHIGHAUS,86.02654985586803,0.99547553,0.14035204524017064,0.99,-0.8496479547598293,1.0,NO,1.0000000000000009,0.8496479547598293,stop_loss,0.0,6.930000000000001,-1.0000000000000009,-7.9300000000000015,17.325000000000003,-19.825000000000003
2026-02-27,KXHIGHAUS,KXHIGHAUS-26FEB27,KXHIGHAUS-26FEB27-B85.5,between,85.5,85.0,86.0,0.01,0.0,1.0,0.0,1.0,29437.0,0.0,no,0.0,87.0,finalized,KXHIGHAUS,86.02654985586803,0.99547553,0.3381413879244625,0.01,0.3281413879244625,0.0,YES,1.0,0.3281413879244625,stop_loss,0.0,6.930000000000001,-1.0,-7.930000000000001,17.325000000000003,-19.825000000000003
2026-02-28,KXHIGHAUS,KXHIGHAUS-26FEB28,KXHIGHAUS-26FEB28-B86.5,between,86.5,86.0,87.0,0.99,0.0,1.0,0.0,1.0,32226.0,0.0,yes,1.0,87.0,finalized,KXHIGHAUS,85.37487492561341,0.97758853,0.21304493602323582,0.99,-0.7769550639767642,1.0,NO,1.0000000000000009,0.7769550639767642,stop_loss,0.0,6.930000000000001,-1.0000000000000009,-7.9300000000000015,17.325000000000003,-19.825000000000003
2026-02-28,KXHIGHAUS,KXHIGHAUS-26FEB28,KXHIGHAUS-26FEB28-B84.5,between,84.5,84.0,85.0,0.01,0.0,1.0,0.0,1.0,15532.0,0.0,no,0.0,87.0,finalized,KXHIGHAUS,85.37487492561341,0.97758853,0.27088247648827546,0.01,0.26088247648827545,0.0,YES,1.0,0.26088247648827545,stop_loss,0.0,6.930000000000001,-1.0,-7.930000000000001,17.325000000000003,-19.825000000000003
2026-03-01,KXHIGHAUS,KXHIGHAUS-26MAR01,KXHIGHAUS-26MAR01-B85.5,between,85.5,85.0,86.0,0.99,0.0,1.0,0.0,1.0,23215.0,0.0,yes,1.0,86.0,finalized,KXHIGHAUS,84.15434644222259,0.94616574,0.16017438193994626,0.99,-0.8298256180600537,1.0,NO,1.0000000000000009,0.8298256180600537,stop_loss,0.0,6.930000000000001,-1.0000000000000009,-7.9300000000000015,17.325000000000003,-19.825000000000003
2026-03-01,KXHIGHAUS,KXHIGHAUS-26MAR01,KXHIGHAUS-26MAR01-B83.5,between,83.5,83.0,84.0,0.01,0.0,1.0,0.0,1.0,23178.0,0.0,no,0.0,86.0,finalized,KXHIGHAUS,84.15434644222259,0.94616574,0.3239811132926049,0.01,0.3139811132926049,0.0,YES,1.0,0.3139811132926049,stop_loss,0.0,6.930000000000001,-1.0,-7.930000000000001,17.325000000000003,-19.825000000000003
2026-03-02,KXHIGHAUS,KXHIGHAUS-26MAR02,KXHIGHAUS-26MAR02-B86.5,between,86.5,86.0,87.0,0.99,0.0,1.0,0.0,1.0,40841.0,0.0,yes,1.0,86.0,finalized,KXHIGHAUS,84.88490146001179,0.91350657,0.1008071774673327,0.99,-0.8891928225326673,1.0,NO,1.0000000000000009,0.8891928225326673,stop_loss,0.0,6.930000000000001,-1.0000000000000009,-7.9300000000000015,17.325000000000003,-19.825000000000003
2026-03-02,KXHIGHAUS,KXHIGHAUS-26MAR02,KXHIGHAUS-26MAR02-B84.5,between,84.5,84.0,85.0,0.01,0.0,1.0,0.0,1.0,28307.0,0.0,no,0.0,86.0,finalized,KXHIGHAUS,84.88490146001179,0.91350657,0.3837817928873971,0.01,0.3737817928873971,0.0,YES,1.0,0.3737817928873971,stop_loss,0.0,6.930000000000001,-1.0,-7.930000000000001,17.325000000000003,-19.825000000000003
2026-03-03,KXHIGHAUS,KXHIGHAUS-26MAR03,KXHIGHAUS-26MAR03-B89.5,between,89.5,89.0,90.0,0.99,0.0,1.0,0.0,1.0,36811.0,0.0,yes,1.0,89.0,finalized,KXHIGHAUS,87.12748978932699,0.9179149,0.019801269256916165,0.99,-0.9701987307430838,1.0,NO,1.0000000000000009,0.9701987307430838,stop_loss,0.0,6.930000000000001,-1.0000000000000009,-7.9300000000000015,17.325000000000003,-19.825000000000003
2026-03-03,KXHIGHAUS,KXHIGHAUS-26MAR03,KXHIGHAUS-26MAR03-B87.5,between,87.5,87.0,88.0,0.01,0.0,1.0,0.0,1.0,74629.0,0.0,no,0.0,89.0,finalized,KXHIGHAUS,87.12748978932699,0.9179149,0.38431146092736945,0.01,0.37431146092736944,0.0,YES,1.0,0.37431146092736944,stop_loss,0.0,6.930000000000001,-1.0,-7.930000000000001,17.325000000000003,-19.825000000000003
2026-03-04,KXHIGHAUS,KXHIGHAUS-26MAR04,KXHIGHAUS-26MAR04-B88.5,between,88.5,88.0,89.0,0.99,0.0,1.0,0.0,1.0,55144.0,0.0,yes,1.0,88.0,finalized,KXHIGHAUS,85.60019625822704,1.0589308,0.011055695564167856,0.99,-0.9789443044358321,1.0,NO,1.0000000000000009,0.9789443044358321,stop_loss,0.0,6.930000000000001,-1.0000000000000009,-7.9300000000000015,17.325000000000003,-19.825000000000003
2026-03-04,KXHIGHAUS,KXHIGHAUS-26MAR04,KXHIGHAUS-26MAR04-B86.5,between,86.5,86.0,87.0,0.01,0.0,1.0,0.0,1.0,53853.0,0.0,no,0.0,88.0,finalized,KXHIGHAUS,85.60019625822704,1.0589308,0.25978067446639064,0.01,0.24978067446639063,0.0,YES,1.0,0.24978067446639063,stop_loss,0.0,6.930000000000001,-1.0,-7.930000000000001,17.325000000000003,-19.825000000000003
2026-03-04,KXHIGHAUS,KXHIGHAUS-26MAR04,KXHIGHAUS-26MAR04-B84.5,between,84.5,84.0,85.0,0.01,0.0,1.0,0.0,1.0,41020.0,0.0,no,0.0,88.0,finalized,KXHIGHAUS,85.60019625822704,1.0589308,0.22005090682355516,0.01,0.21005090682355515,0.0,YES,1.0,0.21005090682355515,stop_loss,0.0,6.930000000000001,-1.0,-7.930000000000001,17.325000000000003,-19.825000000000003
2026-03-05,KXHIGHAUS,KXHIGHAUS-26MAR05,KXHIGHAUS-26MAR05-B87.5,between,87.5,87.0,88.0,0.99,0.0,1.0,0.0,1.0,44639.0,0.0,yes,1.0,88.0,finalized,KXHIGHAUS,84.88242212931316,1.0446304,0.019904971566757745,0.99,-0.9700950284332422,1.0,NO,1.0000000000000009,0.9700950284332422,stop_loss,0.0,6.930000000000001,-1.0000000000000009,-7.9300000000000015,17.325000000000003,-19.825000000000003
2026-03-05,KXHIGHAUS,KXHIGHAUS-26MAR05,KXHIGHAUS-26MAR05-B85.5,between,85.5,85.0,86.0,0.01,0.0,1.0,0.0,1.0,58473.0,0.0,no,0.0,88.0,finalized,KXHIGHAUS,84.88242212931316,1.0446304,0.312844153568941,0.01,0.302844153568941,0.0,YES,1.0,0.302844153568941,stop_loss,0.0,6.930000000000001,-1.0,-7.930000000000001,17.325000000000003,-19.825000000000003
2026-03-05,KXHIGHAUS,KXHIGHAUS-26MAR05,KXHIGHAUS-26MAR05-B83.5,between,83.5,83.0,84.0,0.01,0.0,1.0,0.0,1.0,22571.0,0.0,no,0.0,88.0,finalized,KXHIGHAUS,84.88242212931316,1.0446304,0.16336023562038338,0.01,0.15336023562038337,0.0,YES,1.0,0.15336023562038337,stop_loss,0.0,6.930000000000001,-1.0,-7.930000000000001,17.325000000000003,-19.825000000000003
2026-03-06,KXHIGHAUS,KXHIGHAUS-26MAR06,KXHIGHAUS-26MAR06-B85.5,between,85.5,85.0,86.0,0.99,0.0,1.0,0.0,1.0,45417.0,0.0,yes,1.0,86.0,finalized,KXHIGHAUS,84.11042337417602,1.0014254,0.1575991351181194,0.99,-0.8324008648818806,1.0,NO,1.0000000000000009,0.8324008648818806,stop_loss,0.0,6.930000000000001,-1.0000000000000009,-7.9300000000000015,17.325000000000003,-19.825000000000003
2026-03-06,KXHIGHAUS,KXHIGHAUS-26MAR06,KXHIGHAUS-26MAR06-B83.5,between,83.5,83.0,84.0,0.01,0.0,1.0,0.0,1.0,44196.0,0.0,no,0.0,86.0,finalized,KXHIGHAUS,84.11042337417602,1.0014254,0.32235013849157773,0.01,0.3123501384915777,0.0,YES,1.0,0.3123501384915777,stop_loss,0.0,6.930000000000001,-1.0,-7.930000000000001,17.325000000000003,-19.825000000000003
2026-03-07,KXHIGHAUS,KXHIGHAUS-26MAR07,KXHIGHAUS-26MAR07-T78,less,78.0,,78.0,0.99,0.0,1.0,0.0,1.0,72472.0,0.0,yes,1.0,77.0,finalized,KXHIGHAUS,77.40426905155182,1.3998414,0.6647895102832955,0.99,-0.3252104897167045,1.0,NO,1.0000000000000009,0.3252104897167045,stop_loss,0.0,6.930000000000001,-1.0000000000000009,-7.9300000000000015,17.325000000000003,-19.825000000000003
2026-03-07,KXHIGHAUS,KXHIGHAUS-26MAR07,KXHIGHAUS-26MAR07-B78.5,between,78.5,78.0,79.0,0.01,0.0,1.0,0.0,1.0,24874.0,0.0,no,0.0,77.0,finalized,KXHIGHAUS,77.40426905155182,1.3998414,0.20805420201167424,0.01,0.19805420201167423,0.0,YES,1.0,0.19805420201167423,stop_loss,0.0,6.930000000000001,-1.0,-7.930000000000001,17.325000000000003,-19.825000000000003
2026-03-09,KXHIGHAUS,KXHIGHAUS-26MAR09,KXHIGHAUS-26MAR09-T79,less,79.0,,79.0,0.01,0.0,1.0,0.0,1.0,35002.0,0.0,no,0.0,80.0,finalized,KXHIGHAUS,77.05000214576721,1.4643149,0.908517198776905,0.01,0.898517198776905,0.0,YES,1.0,0.898517198776905,stop_loss,0.0,6.930000000000001,-1.0,-7.930000000000001,17.325000000000003,-19.825000000000003
2026-03-09,KXHIGHAUS,KXHIGHAUS-26MAR09,KXHIGHAUS-26MAR09-B79.5,between,79.5,79.0,80.0,0.99,0.0,1.0,0.0,1.0,32209.0,0.0,yes,1.0,80.0,finalized,KXHIGHAUS,77.05000214576721,1.4643149,0.06950911792575187,0.99,-0.9204908820742481,1.0,NO,1.0000000000000009,0.9204908820742481,stop_loss,0.0,6.930000000000001,-1.0000000000000009,-7.9300000000000015,17.325000000000003,-19.825000000000003
2026-03-10,KXHIGHAUS,KXHIGHAUS-26MAR10,KXHIGHAUS-26MAR10-B84.5,between,84.5,84.0,85.0,0.99,0.0,1.0,0.0,1.0,21256.0,0.0,yes,1.0,85.0,finalized,KXHIGHAUS,82.45883131027222,1.1844515,0.08064184551223263,0.99,-0.9093581544877674,1.0,NO,1.0000000000000009,0.9093581544877674,stop_loss,0.0,6.930000000000001,-1.0000000000000009,-7.9300000000000015,17.325000000000003,-19.825000000000003
2026-03-10,KXHIGHAUS,KXHIGHAUS-26MAR10,KXHIGHAUS-26MAR10-B82.5,between,82.5,82.0,83.0,0.01,0.0,1.0,0.0,1.0,18923.0,0.0,no,0.0,85.0,finalized,KXHIGHAUS,82.45883131027222,1.1844515,0.3268884369169223,0.01,0.3168884369169223,0.0,YES,1.0,0.3168884369169223,stop_loss,0.0,6.930000000000001,-1.0,-7.930000000000001,17.325000000000003,-19.825000000000003
2026-03-11,KXHIGHAUS,KXHIGHAUS-26MAR11,KXHIGHAUS-26MAR11-B84.5,between,84.5,84.0,85.0,0.99,0.0,1.0,0.0,1.0,43290.0,0.0,yes,1.0,84.0,finalized,KXHIGHAUS,79.76828070481618,1.3656949,0.0009083808910271829,0.99,-0.9890916191089728,1.0,NO,1.0000000000000009,0.9890916191089728,stop_loss,0.0,6.930000000000001,-1.0000000000000009,-7.9300000000000015,17.325000000000003,-19.825000000000003
2026-03-11,KXHIGHAUS,KXHIGHAUS-26MAR11,KXHIGHAUS-26MAR11-B80.5,between,80.5,80.0,81.0,0.01,0.0,1.0,0.0,1.0,18584.0,0.0,no,0.0,84.0,finalized,KXHIGHAUS,79.76828070481618,1.3656949,0.24907912889289152,0.01,0.2390791288928915,0.0,YES,1.0,0.2390791288928915,stop_loss,0.0,6.930000000000001,-1.0,-7.930000000000001,17.325000000000003,-19.825000000000003
2026-03-11,KXHIGHAUS,KXHIGHAUS-26MAR11,KXHIGHAUS-26MAR11-B78.5,between,78.5,78.0,79.0,0.01,0.0,1.0,0.0,1.0,12956.0,0.0,no,0.0,84.0,finalized,KXHIGHAUS,79.76828070481618,1.3656949,0.18917114466405532,0.01,0.17917114466405532,0.0,YES,1.0,0.17917114466405532,stop_loss,0.0,6.930000000000001,-1.0,-7.930000000000001,17.325000000000003,-19.825000000000003
2026-03-12,KXHIGHAUS,KXHIGHAUS-26MAR12,KXHIGHAUS-26MAR12-B69.5,between,69.5,69.0,70.0,0.01,0.0,1.0,0.0,1.0,18204.0,0.0,no,0.0,66.0,finalized,KXHIGHAUS,68.14693682988485,1.0573194,0.170051064024473,0.01,0.160051064024473,0.0,YES,1.0,0.160051064024473,stop_loss,0.0,6.930000000000001,-1.0,-7.930000000000001,17.325000000000003,-19.825000000000003
2026-03-12,KXHIGHAUS,KXHIGHAUS-26MAR12,KXHIGHAUS-26MAR12-B67.5,between,67.5,67.0,68.0,0.01,0.0,1.0,0.0,1.0,27504.0,0.0,no,0.0,66.0,finalized,KXHIGHAUS,68.14693682988485,1.0573194,0.305722311884251,0.01,0.29572231188425097,0.0,YES,1.0,0.29572231188425097,stop_loss,0.0,6.930000000000001,-1.0,-7.930000000000001,17.325000000000003,-19.825000000000003
2026-03-12,KXHIGHAUS,KXHIGHAUS-26MAR12,KXHIGHAUS-26MAR12-B65.5,between,65.5,65.0,66.0,0.99,0.0,1.0,0.0,1.0,37427.0,0.0,yes,1.0,66.0,finalized,KXHIGHAUS,68.14693682988485,1.0573194,0.01969190046816991,0.99,-0.9703080995318301,1.0,NO,1.0000000000000009,0.9703080995318301,stop_loss,0.0,6.930000000000001,-1.0000000000000009,-7.9300000000000015,17.325000000000003,-19.825000000000003
2026-03-13,KXHIGHAUS,KXHIGHAUS-26MAR13,KXHIGHAUS-26MAR13-B81.5,between,81.5,81.0,82.0,0.99,0.0,1.0,0.0,1.0,27611.0,0.0,yes,1.0,81.0,finalized,KXHIGHAUS,79.54957612355551,0.9830554,0.0637097568234044,0.99,-0.9262902431765956,1.0,NO,1.0000000000000009,0.9262902431765956,stop_loss,0.0,6.930000000000001,-1.0000000000000009,-7.9300000000000015,17.325000000000003,-19.825000000000003
2026-03-13,KXHIGHAUS,KXHIGHAUS-26MAR13,KXHIGHAUS-26MAR13-B79.5,between,79.5,79.0,80.0,0.01,0.0,1.0,0.0,1.0,23504.0,0.0,no,0.0,81.0,finalized,KXHIGHAUS,79.54957612355551,0.9830554,0.38852704664168486,0.01,0.37852704664168485,0.0,YES,1.0,0.37852704664168485,stop_loss,0.0,6.930000000000001,-1.0,-7.930000000000001,17.325000000000003,-19.825000000000003
2026-03-14,KXHIGHAUS,KXHIGHAUS-26MAR14,KXHIGHAUS-26MAR14-B86.5,between,86.5,86.0,87.0,0.99,0.0,1.0,0.0,1.0,31950.0,0.0,yes,1.0,86.0,finalized,KXHIGHAUS,84.8059762318929,0.9404688,0.09228612227488464,0.99,-0.8977138777251154,1.0,NO,1.0000000000000009,0.8977138777251154,stop_loss,0.0,6.930000000000001,-1.0000000000000009,-7.9300000000000015,17.325000000000003,-19.825000000000003
2026-03-14,KXHIGHAUS,KXHIGHAUS-26MAR14,KXHIGHAUS-26MAR14-B84.5,between,84.5,84.0,85.0,0.01,0.0,1.0,0.0,1.0,77351.0,0.0,no,0.0,86.0,finalized,KXHIGHAUS,84.8059762318929,0.9404688,0.38599974669542714,0.01,0.37599974669542713,0.0,YES,1.0,0.37599974669542713,stop_loss,0.0,6.930000000000001,-1.0,-7.930000000000001,17.325000000000003,-19.825000000000003
2026-03-16,KXHIGHAUS,KXHIGHAUS-26MAR16,KXHIGHAUS-26MAR16-T54,less,54.0,,54.0,0.01,0.0,1.0,0.0,1.0,12772.0,0.0,no,0.0,56.0,finalized,KXHIGHAUS,53.8317015171051,1.8325275,0.5365872354830348,0.01,0.5265872354830348,0.0,YES,1.0,0.5265872354830348,stop_loss,0.0,6.930000000000001,-1.0,-7.930000000000001,17.325000000000003,-19.825000000000003
2026-03-16,KXHIGHAUS,KXHIGHAUS-26MAR16,KXHIGHAUS-26MAR16-B56.5,between,56.5,56.0,57.0,0.99,0.0,1.0,0.0,1.0,40574.0,0.0,yes,1.0,56.0,finalized,KXHIGHAUS,53.8317015171051,1.8325275,0.07644787069509806,0.99,-0.9135521293049019,1.0,NO,1.0000000000000009,0.9135521293049019,stop_loss,0.0,6.930000000000001,-1.0000000000000009,-7.9300000000000015,17.325000000000003,-19.825000000000003
2026-03-16,KXHIGHAUS,KXHIGHAUS-26MAR16,KXHIGHAUS-26MAR16-B54.5,between,54.5,54.0,55.0,0.01,0.0,1.0,0.0,1.0,36574.0,0.0,no,0.0,56.0,finalized,KXHIGHAUS,53.8317015171051,1.8325275,0.2015242086016944,0.01,0.1915242086016944,0.0,YES,1.0,0.1915242086016944,stop_loss,0.0,6.930000000000001,-1.0,-7.930000000000001,17.325000000000003,-19.825000000000003
2026-03-17,KXHIGHAUS,KXHIGHAUS-26MAR17,KXHIGHAUS-26MAR17-B66.5,between,66.5,66.0,67.0,0.99,0.0,1.0,0.0,1.0,23044.0,0.0,yes,1.0,67.0,finalized,KXHIGHAUS,66.3564024368922,0.919669,0.4087976960840033,0.99,-0.5812023039159967,1.0,NO,1.0000000000000009,0.5812023039159967,stop_loss,0.0,6.930000000000001,-1.0000000000000009,-7.9300000000000015,17.325000000000003,-19.825000000000003
2026-03-18,KXHIGHAUS,KXHIGHAUS-26MAR18,KXHIGHAUS-26MAR18-T77,less,77.0,,77.0,0.01,0.0,1.0,0.0,1.0,22299.0,0.0,no,0.0,78.0,finalized,KXHIGHAUS,76.76154267787933,1.0629008,0.5887558779842851,0.01,0.5787558779842851,0.0,YES,1.0,0.5787558779842851,stop_loss,0.0,6.930000000000001,-1.0,-7.930000000000001,17.325000000000003,-19.825000000000003
2026-03-18,KXHIGHAUS,KXHIGHAUS-26MAR18,KXHIGHAUS-26MAR18-B77.5,between,77.5,77.0,78.0,0.99,0.0,1.0,0.0,1.0,25716.0,0.0,yes,1.0,78.0,finalized,KXHIGHAUS,76.76154267787933,1.0629008,0.28926849920009967,0.99,-0.7007315007999003,1.0,NO,1.0000000000000009,0.7007315007999003,stop_loss,0.0,6.930000000000001,-1.0000000000000009,-7.9300000000000015,17.325000000000003,-19.825000000000003
2026-03-20,KXHIGHAUS,KXHIGHAUS-26MAR20,KXHIGHAUS-26MAR20-B90.5,between,90.5,90.0,91.0,0.99,0.0,1.0,0.0,1.0,25379.0,14236.0,yes,1.0,90.0,finalized,KXHIGHAUS,88.31468035380045,0.8843191,0.027142904196368223,0.99,-0.9628570958036318,1.0,NO,1.0000000000000009,0.9628570958036318,stop_loss,0.0,6.930000000000001,-1.0000000000000009,-7.9300000000000015,17.325000000000003,-19.825000000000003
2026-03-20,KXHIGHAUS,KXHIGHAUS-26MAR20,KXHIGHAUS-26MAR20-B88.5,between,88.5,88.0,89.0,0.01,0.0,1.0,0.0,1.0,23671.0,16313.0,no,0.0,90.0,finalized,KXHIGHAUS,88.31468035380045,0.8843191,0.4198425211563031,0.01,0.4098425211563031,0.0,YES,1.0,0.4098425211563031,stop_loss,0.0,6.930000000000001,-1.0,-7.930000000000001,17.325000000000003,-19.825000000000003
2026-03-20,KXHIGHAUS,KXHIGHAUS-26MAR20,KXHIGHAUS-26MAR20-T88,less,88.0,,88.0,0.01,0.0,1.0,0.0,1.0,20227.0,13790.0,no,0.0,90.0,finalized,KXHIGHAUS,88.31468035380045,0.8843191,0.36097840206830795,0.01,0.35097840206830794,0.0,YES,1.0,0.35097840206830794,stop_loss,0.0,6.930000000000001,-1.0,-7.930000000000001,17.325000000000003,-19.825000000000003
2026-03-21,KXHIGHAUS,KXHIGHAUS-26MAR21,KXHIGHAUS-26MAR21-B91.5,between,91.5,91.0,92.0,0.01,0.0,1.0,0.0,1.0,25328.0,20271.0,no,0.0,93.0,finalized,KXHIGHAUS,91.16503892739615,0.85000134,0.414001269860267,0.01,0.40400126986026696,0.0,YES,1.0,0.40400126986026696,stop_loss,0.0,6.930000000000001,-1.0,-7.930000000000001,17.325000000000003,-19.825000000000003
2026-03-21,KXHIGHAUS,KXHIGHAUS-26MAR21,KXHIGHAUS-26MAR21-T91,less,91.0,,91.0,0.01,0.0,1.0,0.0,1.0,32797.0,27275.0,no,0.0,93.0,finalized,KXHIGHAUS,91.16503892739615,0.85000134,0.42302407219425897,0.01,0.41302407219425896,0.0,YES,1.0,0.41302407219425896,stop_loss,0.0,6.930000000000001,-1.0,-7.930000000000001,17.325000000000003,-19.825000000000003
2026-03-21,KXHIGHAUS,KXHIGHAUS-26MAR21,KXHIGHAUS-26MAR21-B93.5,between,93.5,93.0,94.0,0.99,0.0,1.0,0.0,1.0,30628.0,18431.0,yes,1.0,93.0,finalized,KXHIGHAUS,91.16503892739615,0.85000134,0.015007714686013252,0.99,-0.9749922853139867,1.0,NO,1.0000000000000009,0.9749922853139867,stop_loss,0.0,6.930000000000001,-1.0000000000000009,-7.9300000000000015,17.325000000000003,-19.825000000000003
2026-03-22,KXHIGHAUS,KXHIGHAUS-26MAR22,KXHIGHAUS-26MAR22-B90.5,between,90.5,90.0,91.0,0.01,0.0,1.0,0.0,1.0,22834.0,17790.0,no,0.0,93.0,finalized,KXHIGHAUS,90.96714872519175,0.8511245,0.3874827494822352,0.01,0.3774827494822352,0.0,YES,1.0,0.3774827494822352,stop_loss,0.0,6.930000000000001,-1.0,-7.930000000000001,17.325000000000003,-19.825000000000003
2026-03-22,KXHIGHAUS,KXHIGHAUS-26MAR22,KXHIGHAUS-26MAR22-B92.5,between,92.5,92.0,93.0,0.99,0.0,1.0,0.0,1.0,30164.0,17461.0,yes,1.0,93.0,finalized,KXHIGHAUS,90.96714872519175,0.8511245,0.10400647142867436,0.99,-0.8859935285713256,1.0,NO,1.0000000000000009,0.8859935285713256,stop_loss,0.0,6.930000000000001,-1.0000000000000009,-7.9300000000000015,17.325000000000003,-19.825000000000003
2026-03-22,KXHIGHAUS,KXHIGHAUS-26MAR22,KXHIGHAUS-26MAR22-T90,less,90.0,,90.0,0.01,0.0,1.0,0.0,1.0,12175.0,10873.0,no,0.0,93.0,finalized,KXHIGHAUS,90.96714872519175,0.8511245,0.1279116008616326,0.01,0.11791160086163262,0.0,YES,1.0,0.11791160086163262,stop_loss,0.0,6.930000000000001,-1.0,-7.930000000000001,17.325000000000003,-19.825000000000003
2026-03-23,KXHIGHAUS,KXHIGHAUS-26MAR23,KXHIGHAUS-26MAR23-T86,less,86.0,,86.0,0.01,0.0,1.0,0.0,1.0,28513.0,21904.0,no,0.0,88.0,finalized,KXHIGHAUS,86.58061351776122,0.94581777,0.26964909328358777,0.01,0.25964909328358776,0.0,YES,1.0,0.25964909328358776,stop_loss,0.0,6.930000000000001,-1.0,-7.930000000000001,17.325000000000003,-19.825000000000003
2026-03-23,KXHIGHAUS,KXHIGHAUS-26MAR23,KXHIGHAUS-26MAR23-B86.5,between,86.5,86.0,87.0,0.01,0.0,1.0,0.0,1.0,49329.0,26076.0,no,0.0,88.0,finalized,KXHIGHAUS,86.58061351776122,0.94581777,0.4016168496352245,0.01,0.3916168496352245,0.0,YES,1.0,0.3916168496352245,stop_loss,0.0,6.930000000000001,-1.0,-7.930000000000001,17.325000000000003,-19.825000000000003
2026-03-23,KXHIGHAUS,KXHIGHAUS-26MAR23,KXHIGHAUS-26MAR23-B88.5,between,88.5,88.0,89.0,0.99,0.0,1.0,0.0,1.0,61474.0,38989.0,yes,1.0,88.0,finalized,KXHIGHAUS,86.58061351776122,0.94581777,0.061452842780357675,0.99,-0.9285471572196423,1.0,NO,1.0000000000000009,0.9285471572196423,stop_loss,0.0,6.930000000000001,-1.0000000000000009,-7.9300000000000015,17.325000000000003,-19.825000000000003
2026-03-24,KXHIGHAUS,KXHIGHAUS-26MAR24,KXHIGHAUS-26MAR24-B87.5,between,87.5,87.0,88.0,0.99,0.0,1.0,0.0,1.0,45468.0,20431.0,yes,1.0,88.0,finalized,KXHIGHAUS,86.2713914791743,0.9476735,0.18692250789646192,0.99,-0.8030774921035381,1.0,NO,1.0000000000000009,0.8030774921035381,stop_loss,0.0,6.930000000000001,-1.0000000000000009,-7.9300000000000015,17.325000000000003,-19.825000000000003
2026-03-24,KXHIGHAUS,KXHIGHAUS-26MAR24,KXHIGHAUS-26MAR24-B85.5,between,85.5,85.0,86.0,0.01,0.0,1.0,0.0,1.0,13039.0,10528.0,no,0.0,88.0,finalized,KXHIGHAUS,86.2713914791743,0.9476735,0.2974307513533141,0.01,0.2874307513533141,0.0,YES,1.0,0.2874307513533141,stop_loss,0.0,6.930000000000001,-1.0,-7.930000000000001,17.325000000000003,-19.825000000000003
2026-03-25,KXHIGHAUS,KXHIGHAUS-26MAR25,KXHIGHAUS-26MAR25-T88,less,88.0,,88.0,0.01,0.0,1.0,0.0,1.0,48143.0,44529.0,no,0.0,90.0,finalized,KXHIGHAUS,88.27243067423503,0.92463404,0.38413589675688437,0.01,0.37413589675688436,0.0,YES,1.0,0.37413589675688436,stop_loss,0.0,6.930000000000001,-1.0,-7.930000000000001,17.325000000000003,-19.825000000000003
2026-03-25,KXHIGHAUS,KXHIGHAUS-26MAR25,KXHIGHAUS-26MAR25-B88.5,between,88.5,88.0,89.0,0.01,0.0,1.0,0.0,1.0,41354.0,27583.0,no,0.0,90.0,finalized,KXHIGHAUS,88.27243067423503,0.92463404,0.4001859216893309,0.01,0.3901859216893309,0.0,YES,1.0,0.3901859216893309,stop_loss,0.0,6.930000000000001,-1.0,-7.930000000000001,17.325000000000003,-19.825000000000003
2026-03-25,KXHIGHAUS,KXHIGHAUS-26MAR25,KXHIGHAUS-26MAR25-B90.5,between,90.5,90.0,91.0,0.99,0.0,1.0,0.0,1.0,46842.0,23731.0,yes,1.0,90.0,finalized,KXHIGHAUS,88.27243067423503,0.92463404,0.029265010461250962,0.99,-0.960734989538749,1.0,NO,1.0000000000000009,0.960734989538749,stop_loss,0.0,6.930000000000001,-1.0000000000000009,-7.9300000000000015,17.325000000000003,-19.825000000000003
2026-03-26,KXHIGHAUS,KXHIGHAUS-26MAR26,KXHIGHAUS-26MAR26-B88.5,between,88.5,88.0,89.0,0.99,0.0,1.0,0.0,1.0,45510.0,20758.0,yes,1.0,89.0,finalized,KXHIGHAUS,88.2154594818751,0.93292046,0.3911361481281099,0.99,-0.5988638518718901,1.0,NO,1.0000000000000009,0.5988638518718901,stop_loss,0.0,6.930000000000001,-1.0000000000000009,-7.9300000000000015,17.325000000000003,-19.825000000000003
2026-03-26,KXHIGHAUS,KXHIGHAUS-26MAR26,KXHIGHAUS-26MAR26-T88,less,88.0,,88.0,0.01,0.0,1.0,0.0,1.0,21477.0,16757.0,no,0.0,89.0,finalized,KXHIGHAUS,88.2154594818751,0.93292046,0.4086761974453326,0.01,0.3986761974453326,0.0,YES,1.0,0.3986761974453326,stop_loss,0.0,6.930000000000001,-1.0,-7.930000000000001,17.325000000000003,-19.825000000000003
2026-03-27,KXHIGHAUS,KXHIGHAUS-26MAR27,KXHIGHAUS-26MAR27-T86,less,86.0,,86.0,0.01,0.0,1.0,0.0,1.0,24222.0,15488.0,no,0.0,88.0,finalized,KXHIGHAUS,86.82316392262777,0.9891891,0.2026592248658537,0.01,0.19265922486585368,0.0,YES,1.0,0.19265922486585368,stop_loss,0.0,6.930000000000001,-1.0,-7.930000000000001,17.325000000000003,-19.825000000000003
2026-03-27,KXHIGHAUS,KXHIGHAUS-26MAR27,KXHIGHAUS-26MAR27-B88.5,between,88.5,88.0,89.0,0.99,0.0,1.0,0.0,1.0,31618.0,15697.0,yes,1.0,88.0,finalized,KXHIGHAUS,86.82316392262777,0.9891891,0.1032013709132672,0.99,-0.8867986290867328,1.0,NO,1.0000000000000009,0.8867986290867328,stop_loss,0.0,6.930000000000001,-1.0000000000000009,-7.9300000000000015,17.325000000000003,-19.825000000000003
2026-03-27,KXHIGHAUS,KXHIGHAUS-26MAR27,KXHIGHAUS-26MAR27-B86.5,between,86.5,86.0,87.0,0.01,0.0,1.0,0.0,1.0,50406.0,39091.0,no,0.0,88.0,finalized,KXHIGHAUS,86.82316392262777,0.9891891,0.368281125482719,0.01,0.358281125482719,0.0,YES,1.0,0.358281125482719,stop_loss,0.0,6.930000000000001,-1.0,-7.930000000000001,17.325000000000003,-19.825000000000003
2026-03-28,KXHIGHAUS,KXHIGHAUS-26MAR28,KXHIGHAUS-26MAR28-B72.5,between,72.5,72.0,73.0,0.01,0.0,1.0,0.0,1.0,114000.0,94613.0,no,0.0,74.0,finalized,KXHIGHAUS,71.87749330997468,1.0874888,0.30416457850002254,0.01,0.29416457850002253,0.0,YES,1.0,0.29416457850002253,stop_loss,0.0,6.930000000000001,-1.0,-7.930000000000001,17.325000000000003,-19.825000000000003
2026-03-28,KXHIGHAUS,KXHIGHAUS-26MAR28,KXHIGHAUS-26MAR28-B70.5,between,70.5,70.0,71.0,0.01,0.0,1.0,0.0,1.0,14952.0,8328.0,no,0.0,74.0,finalized,KXHIGHAUS,71.87749330997468,1.0874888,0.1677290324514274,0.01,0.1577290324514274,0.0,YES,1.0,0.1577290324514274,stop_loss,0.0,6.930000000000001,-1.0,-7.930000000000001,17.325000000000003,-19.825000000000003
2026-03-28,KXHIGHAUS,KXHIGHAUS-26MAR28,KXHIGHAUS-26MAR28-T73,greater,73.0,73.0,,0.99,0.0,1.0,0.0,1.0,90114.0,65100.0,yes,1.0,74.0,finalized,KXHIGHAUS,71.87749330997468,1.0874888,0.15098904931932117,0.99,-0.8390109506806789,1.0,NO,1.0000000000000009,0.8390109506806789,stop_loss,0.0,6.930000000000001,-1.0000000000000009,-7.9300000000000015,17.325000000000003,-19.825000000000003
2026-03-29,KXHIGHAUS,KXHIGHAUS-26MAR29,KXHIGHAUS-26MAR29-B82.5,between,82.5,82.0,83.0,0.01,0.0,1.0,0.0,1.0,17641.0,15023.0,no,0.0,85.0,finalized,KXHIGHAUS,83.23627972602844,0.99361515,0.29931028969277546,0.01,0.28931028969277545,0.0,YES,1.0,0.28931028969277545,stop_loss,0.0,6.930000000000001,-1.0,-7.930000000000001,17.325000000000003,-19.825000000000003
2026-03-29,KXHIGHAUS,KXHIGHAUS-26MAR29,KXHIGHAUS-26MAR29-B84.5,between,84.5,84.0,85.0,0.99,0.0,1.0,0.0,1.0,23320.0,12954.0,yes,1.0,85.0,finalized,KXHIGHAUS,83.23627972602844,0.99361515,0.18311262626198455,0.99,-0.8068873737380154,1.0,NO,1.0000000000000009,0.8068873737380154,stop_loss,0.0,6.930000000000001,-1.0000000000000009,-7.9300000000000015,17.325000000000003,-19.825000000000003
2026-03-30,KXHIGHAUS,KXHIGHAUS-26MAR30,KXHIGHAUS-26MAR30-T87,less,87.0,,87.0,0.01,0.0,1.0,0.0,1.0,18137.0,14214.0,no,0.0,89.0,finalized,KXHIGHAUS,86.89284392992654,0.95839864,0.5445119441346827,0.01,0.5345119441346827,0.0,YES,1.0,0.5345119441346827,stop_loss,0.0,6.930000000000001,-1.0,-7.930000000000001,17.325000000000003,-19.825000000000003
2026-03-30,KXHIGHAUS,KXHIGHAUS-26MAR30,KXHIGHAUS-26MAR30-B87.5,between,87.5,87.0,88.0,0.01,0.0,1.0,0.0,1.0,22287.0,17346.0,no,0.0,89.0,finalized,KXHIGHAUS,86.89284392992654,0.95839864,0.3314867704135206,0.01,0.3214867704135206,0.0,YES,1.0,0.3214867704135206,stop_loss,0.0,6.930000000000001,-1.0,-7.930000000000001,17.325000000000003,-19.825000000000003
2026-03-30,KXHIGHAUS,KXHIGHAUS-26MAR30,KXHIGHAUS-26MAR30-B89.5,between,89.5,89.0,90.0,0.99,0.0,1.0,0.0,1.0,28204.0,18838.0,yes,1.0,89.0,finalized,KXHIGHAUS,86.89284392992654,0.95839864,0.01335900552263658,0.99,-0.9766409944773634,1.0,NO,1.0000000000000009,0.9766409944773634,stop_loss,0.0,6.930000000000001,-1.0000000000000009,-7.9300000000000015,17.325000000000003,-19.825000000000003
2026-03-31,KXHIGHAUS,KXHIGHAUS-26MAR31,KXHIGHAUS-26MAR31-T87,less,87.0,,87.0,0.01,0.0,1.0,0.0,1.0,17803.0,11945.0,no,0.0,90.0,finalized,KXHIGHAUS,88.04503059387207,0.9448045,0.13434566231454703,0.01,0.12434566231454704,0.0,YES,1.0,0.12434566231454704,stop_loss,0.0,6.930000000000001,-1.0,-7.930000000000001,17.325000000000003,-19.825000000000003
2026-03-31,KXHIGHAUS,KXHIGHAUS-26MAR31,KXHIGHAUS-26MAR31-B89.5,between,89.5,89.0,90.0,0.99,0.0,1.0,0.0,1.0,25839.0,15424.0,yes,1.0,90.0,finalized,KXHIGHAUS,88.04503059387207,0.9448045,0.1368012986008762,0.99,-0.8531987013991238,1.0,NO,1.0000000000000009,0.8531987013991238,stop_loss,0.0,6.930000000000001,-1.0000000000000009,-7.9300000000000015,17.325000000000003,-19.825000000000003
2026-03-31,KXHIGHAUS,KXHIGHAUS-26MAR31,KXHIGHAUS-26MAR31-B87.5,between,87.5,87.0,88.0,0.01,0.0,1.0,0.0,1.0,25833.0,18615.0,no,0.0,90.0,finalized,KXHIGHAUS,88.04503059387207,0.9448045,0.34664743315935004,0.01,0.33664743315935003,0.0,YES,1.0,0.33664743315935003,stop_loss,0.0,6.930000000000001,-1.0,-7.930000000000001,17.325000000000003,-19.825000000000003
2026-04-01,KXHIGHAUS,KXHIGHAUS-26APR01,KXHIGHAUS-26APR01-B90.5,between,90.5,90.0,91.0,0.01,0.0,1.0,0.0,1.0,53005.0,37049.0,no,0.0,92.0,finalized,KXHIGHAUS,90.58128779729208,0.9559217,0.39775045189602487,0.01,0.38775045189602486,0.0,YES,1.0,0.38775045189602486,stop_loss,0.0,6.930000000000001,-1.0,-7.930000000000001,17.325000000000003,-19.825000000000003
2026-04-01,KXHIGHAUS,KXHIGHAUS-26APR01,KXHIGHAUS-26APR01-B92.5,between,92.5,92.0,93.0,0.99,0.0,1.0,0.0,1.0,38684.0,22673.0,yes,1.0,92.0,finalized,KXHIGHAUS,90.58128779729208,0.9559217,0.06318798991550478,0.99,-0.9268120100844952,1.0,NO,1.0000000000000009,0.9268120100844952,stop_loss,0.0,6.930000000000001,-1.0000000000000009,-7.9300000000000015,17.325000000000003,-19.825000000000003
2026-04-02,KXHIGHAUS,KXHIGHAUS-26APR02,KXHIGHAUS-26APR02-B84.5,between,84.5,84.0,85.0,0.01,0.0,1.0,0.0,1.0,36896.0,22822.0,no,0.0,87.0,finalized,KXHIGHAUS,86.19602584838867,1.1147754,0.11723796721772371,0.01,0.10723796721772372,0.0,YES,1.0,0.10723796721772372,stop_loss,0.0,6.930000000000001,-1.0,-7.930000000000001,17.325000000000003,-19.825000000000003
2026-04-02,KXHIGHAUS,KXHIGHAUS-26APR02,KXHIGHAUS-26APR02-B86.5,between,86.5,86.0,87.0,0.99,0.0,1.0,0.0,1.0,37794.0,14696.0,yes,1.0,87.0,finalized,KXHIGHAUS,86.19602584838867,1.1147754,0.3343977407180072,0.99,-0.6556022592819928,1.0,NO,1.0000000000000009,0.6556022592819928,stop_loss,0.0,6.930000000000001,-1.0000000000000009,-7.9300000000000015,17.325000000000003,-19.825000000000003
2026-04-03,KXHIGHAUS,KXHIGHAUS-26APR03,KXHIGHAUS-26APR03-B85.5,between,85.5,85.0,86.0,0.01,0.0,1.0,0.0,1.0,24495.0,12829.0,no,0.0,84.0,finalized,KXHIGHAUS,83.89907604853312,1.0986646,0.13023625090987212,0.01,0.12023625090987212,0.0,YES,1.0,0.12023625090987212,stop_loss,0.0,6.930000000000001,-1.0,-7.930000000000001,17.325000000000003,-19.825000000000003
2026-04-03,KXHIGHAUS,KXHIGHAUS-26APR03,KXHIGHAUS-26APR03-T85,less,85.0,,85.0,0.99,0.0,1.0,0.0,1.0,28321.0,12079.0,yes,1.0,84.0,finalized,KXHIGHAUS,83.89907604853312,1.0986646,0.8418418265887568,0.99,-0.14815817341124315,1.0,NO,1.0000000000000009,0.14815817341124315,stop_loss,0.0,6.930000000000001,-1.0000000000000009,-7.9300000000000015,17.325000000000003,-19.825000000000003
2026-04-04,KXHIGHAUS,KXHIGHAUS-26APR04,KXHIGHAUS-26APR04-B75.5,between,75.5,75.0,76.0,0.01,0.0,1.0,0.0,1.0,17738.0,12047.0,no,0.0,78.0,finalized,KXHIGHAUS,75.50903259118398,1.3904892,0.28083732523585553,0.01,0.2708373252358555,0.0,YES,1.0,0.2708373252358555,stop_loss,0.0,6.930000000000001,-1.0,-7.930000000000001,17.325000000000003,-19.825000000000003
2026-04-04,KXHIGHAUS,KXHIGHAUS-26APR04,KXHIGHAUS-26APR04-B77.5,between,77.5,77.0,78.0,0.99,0.0,1.0,0.0,1.0,21777.0,13771.0,yes,1.0,78.0,finalized,KXHIGHAUS,75.50903259118398,1.3904892,0.10518943314334817,0.99,-0.8848105668566518,1.0,NO,1.0000000000000009,0.8848105668566518,stop_loss,0.0,6.930000000000001,-1.0000000000000009,-7.9300000000000015,17.325000000000003,-19.825000000000003
2026-04-05,KXHIGHAUS,KXHIGHAUS-26APR05,KXHIGHAUS-26APR05-B64.5,between,64.5,64.0,65.0,0.99,0.0,1.0,0.0,1.0,27604.0,11375.0,yes,1.0,65.0,finalized,KXHIGHAUS,66.30122946898142,1.1512653,0.10637205353684372,0.99,-0.8836279464631562,1.0,NO,1.0000000000000009,0.8836279464631562,stop_loss,0.0,6.930000000000001,-1.0000000000000009,-7.9300000000000015,17.325000000000003,-19.825000000000003
2026-04-05,KXHIGHAUS,KXHIGHAUS-26APR05,KXHIGHAUS-26APR05-B66.5,between,66.5,66.0,67.0,0.01,0.0,1.0,0.0,1.0,40939.0,19642.0,no,0.0,65.0,finalized,KXHIGHAUS,66.30122946898142,1.1512653,0.3312655174841587,0.01,0.3212655174841587,0.0,YES,1.0,0.3212655174841587,stop_loss,0.0,6.930000000000001,-1.0,-7.930000000000001,17.325000000000003,-19.825000000000003
2026-04-06,KXHIGHAUS,KXHIGHAUS-26APR06,KXHIGHAUS-26APR06-B72.5,between,72.5,72.0,73.0,0.01,0.0,1.0,0.0,1.0,34707.0,25917.0,no,0.0,74.0,finalized,KXHIGHAUS,72.86298449834187,0.990211,0.3632896959919328,0.01,0.3532896959919328,0.0,YES,1.0,0.3532896959919328,stop_loss,0.0,6.930000000000001,-1.0,-7.930000000000001,17.325000000000003,-19.825000000000003
2026-04-06,KXHIGHAUS,KXHIGHAUS-26APR06,KXHIGHAUS-26APR06-B74.5,between,74.5,74.0,75.0,0.99,0.0,1.0,0.0,1.0,32187.0,20548.0,yes,1.0,74.0,finalized,KXHIGHAUS,72.86298449834187,0.990211,0.10997308206717749,0.99,-0.8800269179328225,1.0,NO,1.0000000000000009,0.8800269179328225,stop_loss,0.0,6.930000000000001,-1.0000000000000009,-7.9300000000000015,17.325000000000003,-19.825000000000003
2026-04-07,KXHIGHAUS,KXHIGHAUS-26APR07,KXHIGHAUS-26APR07-T73,less,73.0,,73.0,0.01,0.0,1.0,0.0,1.0,5575.0,3817.0,no,0.0,77.0,finalized,KXHIGHAUS,74.10756794611613,0.9985039,0.13366603998654625,0.01,0.12366603998654625,0.0,YES,1.0,0.12366603998654625,stop_loss,0.0,6.930000000000001,-1.0,-7.930000000000001,17.325000000000003,-19.825000000000003
2026-04-07,KXHIGHAUS,KXHIGHAUS-26APR07,KXHIGHAUS-26APR07-B73.5,between,73.5,73.0,74.0,0.01,0.0,1.0,0.0,1.0,9398.0,5539.0,no,0.0,77.0,finalized,KXHIGHAUS,74.10756794611613,0.9985039,0.3234392459102486,0.01,0.3134392459102486,0.0,YES,1.0,0.3134392459102486,stop_loss,0.0,6.930000000000001,-1.0,-7.930000000000001,17.325000000000003,-19.825000000000003
2026-04-07,KXHIGHAUS,KXHIGHAUS-26APR07,KXHIGHAUS-26APR07-B75.5,between,75.5,75.0,76.0,0.01,0.0,1.0,0.0,1.0,50683.0,43307.0,no,0.0,77.0,finalized,KXHIGHAUS,74.10756794611613,0.9985039,0.1566942110521563,0.01,0.1466942110521563,0.0,YES,1.0,0.1466942110521563,stop_loss,0.0,6.930000000000001,-1.0,-7.930000000000001,17.325000000000003,-19.825000000000003
2026-04-07,KXHIGHAUS,KXHIGHAUS-26APR07,KXHIGHAUS-26APR07-B77.5,between,77.5,77.0,78.0,0.99,0.0,1.0,0.0,1.0,100644.0,90769.0,yes,1.0,77.0,finalized,KXHIGHAUS,74.10756794611613,0.9985039,0.0018367129387922843,0.99,-0.9881632870612077,1.0,NO,1.0000000000000009,0.9881632870612077,stop_loss,0.0,6.930000000000001,-1.0000000000000009,-7.9300000000000015,17.325000000000003,-19.825000000000003
2026-04-08,KXHIGHAUS,KXHIGHAUS-26APR08,KXHIGHAUS-26APR08-B82.5,between,82.5,82.0,83.0,0.99,0.0,1.0,0.0,1.0,35665.0,20825.0,yes,1.0,82.0,finalized,KXHIGHAUS,80.12062437534333,1.0092188,0.02912194003116786,0.99,-0.9608780599688321,1.0,NO,1.0000000000000009,0.9608780599688321,stop_loss,0.0,6.930000000000001,-1.0000000000000009,-7.9300000000000015,17.325000000000003,-19.825000000000003
2026-04-08,KXHIGHAUS,KXHIGHAUS-26APR08,KXHIGHAUS-26APR08-B80.5,between,80.5,80.0,81.0,0.01,0.0,1.0,0.0,1.0,20420.0,13301.0,no,0.0,82.0,finalized,KXHIGHAUS,80.12062437534333,1.0092188,0.3557858177043345,0.01,0.3457858177043345,0.0,YES,1.0,0.3457858177043345,stop_loss,0.0,6.930000000000001,-1.0,-7.930000000000001,17.325000000000003,-19.825000000000003
2026-04-08,KXHIGHAUS,KXHIGHAUS-26APR08,KXHIGHAUS-26APR08-B78.5,between,78.5,78.0,79.0,0.01,0.0,1.0,0.0,1.0,8126.0,6557.0,no,0.0,82.0,finalized,KXHIGHAUS,80.12062437534333,1.0092188,0.11560658345089925,0.01,0.10560658345089925,0.0,YES,1.0,0.10560658345089925,stop_loss,0.0,6.930000000000001,-1.0,-7.930000000000001,17.325000000000003,-19.825000000000003
2026-04-09,KXHIGHAUS,KXHIGHAUS-26APR09,KXHIGHAUS-26APR09-T80,less,80.0,,80.0,0.01,0.0,1.0,0.0,1.0,15929.04,11653.3,no,0.0,84.0,finalized,KXHIGHAUS,79.79500958124797,1.0438104,0.5778462267525243,0.01,0.5678462267525243,0.0,YES,1.0,0.5678462267525243,stop_loss,0.0,6.930000000000001,-1.0,-7.930000000000001,17.325000000000003,-19.825000000000003
2026-04-09,KXHIGHAUS,KXHIGHAUS-26APR09,KXHIGHAUS-26APR09-B84.5,between,84.5,84.0,85.0,0.99,0.0,1.0,0.0,1.0,26757.69,16949.68,yes,1.0,84.0,finalized,KXHIGHAUS,79.79500958124797,1.0438104,2.7759521245118712e-05,0.99,-0.9899722404787549,1.0,NO,1.0000000000000009,0.9899722404787549,stop_loss,0.0,6.930000000000001,-1.0000000000000009,-7.9300000000000015,17.325000000000003,-19.825000000000003
2026-04-09,KXHIGHAUS,KXHIGHAUS-26APR09,KXHIGHAUS-26APR09-B80.5,between,80.5,80.0,81.0,0.01,0.0,1.0,0.0,1.0,21101.71,17245.07,no,0.0,84.0,finalized,KXHIGHAUS,79.79500958124797,1.0438104,0.29798875343563735,0.01,0.28798875343563735,0.0,YES,1.0,0.28798875343563735,stop_loss,0.0,6.930000000000001,-1.0,-7.930000000000001,17.325000000000003,-19.825000000000003
2026-04-10,KXHIGHAUS,KXHIGHAUS-26APR10,KXHIGHAUS-26APR10-B81.5,between,81.5,81.0,82.0,0.99,0.0,1.0,0.0,1.0,30529.2,14835.42,yes,1.0,82.0,finalized,KXHIGHAUS,81.58420191605886,1.2397237,0.3126004678900241,0.99,-0.6773995321099759,1.0,NO,1.0000000000000009,0.6773995321099759,stop_loss,0.0,6.930000000000001,-1.0000000000000009,-7.9300000000000015,17.325000000000003,-19.825000000000003
2026-04-11,KXHIGHAUS,KXHIGHAUS-26APR11,KXHIGHAUS-26APR11-B80.5,between,80.5,80.0,81.0,0.01,0.0,1.0,0.0,1.0,10690.0,7569.0,no,0.0,84.0,finalized,KXHIGHAUS,82.00519186655681,1.0308243,0.13887332456031112,0.01,0.12887332456031111,0.0,YES,1.0,0.12887332456031111,stop_loss,0.0,6.930000000000001,-1.0,-7.930000000000001,17.325000000000003,-19.825000000000003
2026-04-11,KXHIGHAUS,KXHIGHAUS-26APR11,KXHIGHAUS-26APR11-B84.5,between,84.5,84.0,85.0,0.99,0.0,1.0,0.0,1.0,21612.0,9422.0,yes,1.0,84.0,finalized,KXHIGHAUS,82.00519186655681,1.0308243,0.024650674730333888,0.99,-0.9653493252696661,1.0,NO,1.0000000000000009,0.9653493252696661,stop_loss,0.0,6.930000000000001,-1.0000000000000009,-7.9300000000000015,17.325000000000003,-19.825000000000003
2026-04-11,KXHIGHAUS,KXHIGHAUS-26APR11,KXHIGHAUS-26APR11-B82.5,between,82.5,82.0,83.0,0.01,0.0,1.0,0.0,1.0,14265.0,8796.0,no,0.0,84.0,finalized,KXHIGHAUS,82.00519186655681,1.0308243,0.33475213244312957,0.01,0.32475213244312956,0.0,YES,1.0,0.32475213244312956,stop_loss,0.0,6.930000000000001,-1.0,-7.930000000000001,17.325000000000003,-19.825000000000003
2026-04-12,KXHIGHAUS,KXHIGHAUS-26APR12,KXHIGHAUS-26APR12-B77.5,between,77.5,77.0,78.0,0.01,0.0,1.0,0.0,1.0,15893.0,12315.0,no,0.0,80.0,finalized,KXHIGHAUS,77.84590452512106,1.2887373,0.2917994179283001,0.01,0.2817994179283001,0.0,YES,1.0,0.2817994179283001,stop_loss,0.0,6.930000000000001,-1.0,-7.930000000000001,17.325000000000003,-19.825000000000003
2026-04-12,KXHIGHAUS,KXHIGHAUS-26APR12,KXHIGHAUS-26APR12-B79.5,between,79.5,79.0,80.0,0.99,0.0,1.0,0.0,1.0,19614.0,10499.0,yes,1.0,80.0,finalized,KXHIGHAUS,77.84590452512106,1.2887373,0.13793976621130688,0.99,-0.8520602337886931,1.0,NO,1.0000000000000009,0.8520602337886931,stop_loss,0.0,6.930000000000001,-1.0000000000000009,-7.9300000000000015,17.325000000000003,-19.825000000000003
2026-04-13,KXHIGHAUS,KXHIGHAUS-26APR13,KXHIGHAUS-26APR13-B88.5,between,88.5,88.0,89.0,0.99,0.0,1.0,0.0,1.0,353976.0,343213.0,yes,1.0,89.0,finalized,KXHIGHAUS,87.84710855484009,0.9708583,0.3199172187829544,0.99,-0.6700827812170456,1.0,NO,1.0000000000000009,0.6700827812170456,stop_loss,0.0,6.930000000000001,-1.0000000000000009,-7.9300000000000015,17.325000000000003,-19.825000000000003
2026-04-13,KXHIGHAUS,KXHIGHAUS-26APR13,KXHIGHAUS-26APR13-B86.5,between,86.5,86.0,87.0,0.01,0.0,1.0,0.0,1.0,30742.0,17619.0,no,0.0,89.0,finalized,KXHIGHAUS,87.84710855484009,0.9708583,0.1629085864564586,0.01,0.15290858645645858,0.0,YES,1.0,0.15290858645645858,stop_loss,0.0,6.930000000000001,-1.0,-7.930000000000001,17.325000000000003,-19.825000000000003
2026-04-13,KXHIGHAUS,KXHIGHAUS-26APR13,KXHIGHAUS-26APR13-T89,greater,89.0,89.0,,0.01,0.0,1.0,0.0,1.0,362762.0,345660.0,no,0.0,89.0,finalized,KXHIGHAUS,87.84710855484009,0.9708583,0.11751578811864738,0.01,0.10751578811864738,0.0,YES,1.0,0.10751578811864738,stop_loss,0.0,6.930000000000001,-1.0,-7.930000000000001,17.325000000000003,-19.825000000000003
2026-04-14,KXHIGHAUS,KXHIGHAUS-26APR14,KXHIGHAUS-26APR14-T88,greater,88.0,88.0,,0.25,0.0,1.0,0.0,1.0,35305.0,24814.0,no,0.0,88.0,finalized,KXHIGHAUS,85.83985640207926,1.0415344,0.019039601799414003,0.25,-0.230960398200586,0.0,NO,75.0,0.230960398200586,convergence,88.85762389203515,1.7500000000000002,13.85762389203515,12.10762389203515,4.375000000000001,30.269059730087875
2026-04-14,KXHIGHAUS,KXHIGHAUS-26APR14,KXHIGHAUS-26APR14-B85.5,between,85.5,85.0,86.0,0.01,0.0,1.0,0.0,1.0,10402.0,7052.0,no,0.0,88.0,finalized,KXHIGHAUS,85.83985640207926,1.0415344,0.35108312746253845,0.01,0.34108312746253844,0.0,YES,1.0,0.34108312746253844,stop_loss,0.0,6.930000000000001,-1.0,-7.930000000000001,17.325000000000003,-19.825000000000003
2026-04-14,KXHIGHAUS,KXHIGHAUS-26APR14,KXHIGHAUS-26APR14-B87.5,between,87.5,87.0,88.0,0.99,0.0,1.0,0.0,1.0,33279.0,23490.0,yes,1.0,88.0,finalized,KXHIGHAUS,85.83985640207926,1.0415344,0.11362589127561551,0.99,-0.8763741087243845,1.0,NO,1.0000000000000009,0.8763741087243845,stop_loss,0.0,6.930000000000001,-1.0000000000000009,-7.9300000000000015,17.325000000000003,-19.825000000000003
2026-04-15,KXHIGHAUS,KXHIGHAUS-26APR15,KXHIGHAUS-26APR15-B83.5,between,83.5,83.0,84.0,0.01,0.0,1.0,0.0,1.0,33690.0,20481.0,no,0.0,86.0,finalized,KXHIGHAUS,83.90129696528118,1.2047055,0.305463607631472,0.01,0.295463607631472,0.0,YES,1.0,0.295463607631472,stop_loss,0.0,6.930000000000001,-1.0,-7.930000000000001,17.325000000000003,-19.825000000000003
2026-04-15,KXHIGHAUS,KXHIGHAUS-26APR15,KXHIGHAUS-26APR15-B85.5,between,85.5,85.0,86.0,0.99,0.0,1.0,0.0,1.0,22610.0,8541.0,yes,1.0,86.0,finalized,KXHIGHAUS,83.90129696528118,1.2047055,0.14013529796033453,0.99,-0.8498647020396655,1.0,NO,1.0000000000000009,0.8498647020396655,stop_loss,0.0,6.930000000000001,-1.0000000000000009,-7.9300000000000015,17.325000000000003,-19.825000000000003
2026-04-16,KXHIGHAUS,KXHIGHAUS-26APR16,KXHIGHAUS-26APR16-B88.5,between,88.5,88.0,89.0,0.99,0.0,1.0,0.0,1.0,22315.81,15494.58,yes,1.0,89.0,finalized,KXHIGHAUS,87.33764835993449,0.98347443,0.20483380603268153,0.99,-0.7851661939673185,1.0,NO,1.0000000000000009,0.7851661939673185,stop_loss,0.0,6.930000000000001,-1.0000000000000009,-7.9300000000000015,17.325000000000003,-19.825000000000003
2026-04-16,KXHIGHAUS,KXHIGHAUS-26APR16,KXHIGHAUS-26APR16-B86.5,between,86.5,86.0,87.0,0.01,0.0,1.0,0.0,1.0,11930.82,8632.74,no,0.0,89.0,finalized,KXHIGHAUS,87.33764835993449,0.98347443,0.27878298090971915,0.01,0.26878298090971914,0.0,YES,1.0,0.26878298090971914,stop_loss,0.0,6.930000000000001,-1.0,-7.930000000000001,17.325000000000003,-19.825000000000003
