date,series_ticker,event_ticker,market_ticker,strike_type,threshold,floor_strike,cap_strike,last_price,yes_bid,yes_ask,no_bid,no_ask,volume,open_interest,result,settlement_value,expiration_value,status,ticker,mu,sigma,model_prob,market_prob,edge,settlement,direction,entry_price,settle_value,fee_per_contract,pnl_per_contract_gross,pnl_per_contract,fee_dollars,pnl_dollars
2026-02-11,KXHIGHAUS,KXHIGHAUS-26FEB11,KXHIGHAUS-26FEB11-B76.5,between,76.5,76.0,77.0,0.99,0.99,1.0,0.0,0.01,40366.0,0.0,yes,1.0,76.0,finalized,KXHIGHAUS,75.25951979955038,1.134544,0.19448017046791588,0.99,-0.7955198295320841,1.0,NO,1.0000000000000009,0.0,6.930000000000001,-1.0000000000000009,-7.9300000000000015,17.325000000000003,-19.825000000000003
2026-02-11,KXHIGHAUS,KXHIGHAUS-26FEB11,KXHIGHAUS-26FEB11-B74.5,between,74.5,74.0,75.0,0.01,0.0,0.01,0.99,1.0,85885.0,0.0,no,0.0,76.0,finalized,KXHIGHAUS,75.25951979955038,1.134544,0.27606795916133836,0.01,0.26606795916133835,0.0,YES,1.0,0.0,6.930000000000001,-1.0,-7.930000000000001,17.325000000000003,-19.825000000000003
2026-02-12,KXHIGHAUS,KXHIGHAUS-26FEB12,KXHIGHAUS-26FEB12-B80.5,between,80.5,80.0,81.0,0.99,0.0,1.0,0.0,1.0,49790.0,0.0,yes,1.0,81.0,finalized,KXHIGHAUS,79.73275864124298,1.1868019,0.2681102489585494,0.99,-0.7218897510414506,1.0,NO,1.0000000000000009,0.0,6.930000000000001,-1.0000000000000009,-7.9300000000000015,17.325000000000003,-19.825000000000003
2026-02-12,KXHIGHAUS,KXHIGHAUS-26FEB12,KXHIGHAUS-26FEB12-B78.5,between,78.5,78.0,79.0,0.01,0.0,1.0,0.0,1.0,49795.0,0.0,no,0.0,81.0,finalized,KXHIGHAUS,79.73275864124298,1.1868019,0.19633610850905858,0.01,0.18633610850905857,0.0,YES,1.0,0.0,6.930000000000001,-1.0,-7.930000000000001,17.325000000000003,-19.825000000000003
2026-02-13,KXHIGHAUS,KXHIGHAUS-26FEB13,KXHIGHAUS-26FEB13-B82.5,between,82.5,82.0,83.0,0.99,0.0,1.0,0.0,1.0,41371.0,0.0,yes,1.0,82.0,finalized,KXHIGHAUS,80.5078084230423,1.1209158,0.07846142431071867,0.99,-0.9115385756892813,1.0,NO,1.0000000000000009,0.0,6.930000000000001,-1.0000000000000009,-7.9300000000000015,17.325000000000003,-19.825000000000003
2026-02-13,KXHIGHAUS,KXHIGHAUS-26FEB13,KXHIGHAUS-26FEB13-B80.5,between,80.5,80.0,81.0,0.01,0.0,1.0,0.0,1.0,50533.0,0.0,no,0.0,82.0,finalized,KXHIGHAUS,80.5078084230423,1.1209158,0.3444410549718553,0.01,0.3344410549718553,0.0,YES,1.0,0.0,6.930000000000001,-1.0,-7.930000000000001,17.325000000000003,-19.825000000000003
2026-02-14,KXHIGHAUS,KXHIGHAUS-26FEB14,KXHIGHAUS-26FEB14-T72,less,72.0,,72.0,0.01,0.0,1.0,0.0,1.0,31635.0,0.0,no,0.0,75.0,finalized,KXHIGHAUS,72.0221161544323,1.7662058,0.4950046372971892,0.01,0.4850046372971892,0.0,YES,1.0,0.0,6.930000000000001,-1.0,-7.930000000000001,17.325000000000003,-19.825000000000003
2026-02-14,KXHIGHAUS,KXHIGHAUS-26FEB14,KXHIGHAUS-26FEB14-B74.5,between,74.5,74.0,75.0,0.99,0.0,1.0,0.0,1.0,43180.0,0.0,yes,1.0,75.0,finalized,KXHIGHAUS,72.0221161544323,1.7662058,0.08549447011367173,0.99,-0.9045055298863283,1.0,NO,1.0000000000000009,0.0,6.930000000000001,-1.0000000000000009,-7.9300000000000015,17.325000000000003,-19.825000000000003
2026-02-14,KXHIGHAUS,KXHIGHAUS-26FEB14,KXHIGHAUS-26FEB14-B72.5,between,72.5,72.0,73.0,0.01,0.0,1.0,0.0,1.0,36777.0,0.0,no,0.0,75.0,finalized,KXHIGHAUS,72.0221161544323,1.7662058,0.21509081546894332,0.01,0.2050908154689433,0.0,YES,1.0,0.0,6.930000000000001,-1.0,-7.930000000000001,17.325000000000003,-19.825000000000003
2026-02-15,KXHIGHAUS,KXHIGHAUS-26FEB15,KXHIGHAUS-26FEB15-B75.5,between,75.5,75.0,76.0,0.01,0.0,1.0,0.0,1.0,32694.0,0.0,no,0.0,74.0,finalized,KXHIGHAUS,73.867236550649,1.0724845,0.12206567563462234,0.01,0.11206567563462234,0.0,YES,1.0,0.0,6.930000000000001,-1.0,-7.930000000000001,17.325000000000003,-19.825000000000003
2026-02-15,KXHIGHAUS,KXHIGHAUS-26FEB15,KXHIGHAUS-26FEB15-B73.5,between,73.5,73.0,74.0,0.99,0.0,1.0,0.0,1.0,29673.0,0.0,yes,1.0,74.0,finalized,KXHIGHAUS,73.867236550649,1.0724845,0.33989367627860945,0.99,-0.6501063237213905,1.0,NO,1.0000000000000009,0.0,6.930000000000001,-1.0000000000000009,-7.9300000000000015,17.325000000000003,-19.825000000000003
2026-02-16,KXHIGHAUS,KXHIGHAUS-26FEB16,KXHIGHAUS-26FEB16-B78.5,between,78.5,78.0,79.0,0.99,0.0,1.0,0.0,1.0,24927.0,0.0,yes,1.0,78.0,finalized,KXHIGHAUS,76.50694728692373,0.9436626,0.052680955093164505,0.99,-0.9373190449068355,1.0,NO,1.0000000000000009,0.0,6.930000000000001,-1.0000000000000009,-7.9300000000000015,17.325000000000003,-19.825000000000003
2026-02-16,KXHIGHAUS,KXHIGHAUS-26FEB16,KXHIGHAUS-26FEB16-B76.5,between,76.5,76.0,77.0,0.01,0.0,1.0,0.0,1.0,37347.0,0.0,no,0.0,78.0,finalized,KXHIGHAUS,76.50694728692373,0.9436626,0.4037743877679732,0.01,0.3937743877679732,0.0,YES,1.0,0.0,6.930000000000001,-1.0,-7.930000000000001,17.325000000000003,-19.825000000000003
2026-02-17,KXHIGHAUS,KXHIGHAUS-26FEB17,KXHIGHAUS-26FEB17-B84.5,between,84.5,84.0,85.0,0.99,0.0,1.0,0.0,1.0,34021.0,0.0,yes,1.0,84.0,finalized,KXHIGHAUS,83.1632788658142,1.0432414,0.17211111401964052,0.99,-0.8178888859803595,1.0,NO,1.0000000000000009,0.0,6.930000000000001,-1.0000000000000009,-7.9300000000000015,17.325000000000003,-19.825000000000003
2026-02-17,KXHIGHAUS,KXHIGHAUS-26FEB17,KXHIGHAUS-26FEB17-B82.5,between,82.5,82.0,83.0,0.01,0.0,1.0,0.0,1.0,34592.0,0.0,no,0.0,84.0,finalized,KXHIGHAUS,83.1632788658142,1.0432414,0.3054031637196583,0.01,0.2954031637196583,0.0,YES,1.0,0.0,6.930000000000001,-1.0,-7.930000000000001,17.325000000000003,-19.825000000000003
2026-02-18,KXHIGHAUS,KXHIGHAUS-26FEB18,KXHIGHAUS-26FEB18-T79,less,79.0,,79.0,0.99,0.0,1.0,0.0,1.0,113298.0,0.0,yes,1.0,77.0,finalized,KXHIGHAUS,79.19083629449209,1.3005943,0.44167254230516584,0.99,-0.5483274576948342,1.0,NO,1.0000000000000009,0.0,6.930000000000001,-1.0000000000000009,-7.9300000000000015,17.325000000000003,-19.825000000000003
2026-02-18,KXHIGHAUS,KXHIGHAUS-26FEB18,KXHIGHAUS-26FEB18-B79.5,between,79.5,79.0,80.0,0.01,0.0,1.0,0.0,1.0,28664.0,0.0,no,0.0,77.0,finalized,KXHIGHAUS,79.19083629449209,1.3005943,0.29140557057227445,0.01,0.28140557057227444,0.0,YES,1.0,0.0,6.930000000000001,-1.0,-7.930000000000001,17.325000000000003,-19.825000000000003
2026-02-19,KXHIGHAUS,KXHIGHAUS-26FEB19,KXHIGHAUS-26FEB19-B86.5,between,86.5,86.0,87.0,0.01,0.0,1.0,0.0,1.0,33342.0,0.0,no,0.0,85.0,finalized,KXHIGHAUS,85.77802270253498,1.0252671,0.2976387562117401,0.01,0.28763875621174007,0.0,YES,1.0,0.0,6.930000000000001,-1.0,-7.930000000000001,17.325000000000003,-19.825000000000003
2026-02-19,KXHIGHAUS,KXHIGHAUS-26FEB19,KXHIGHAUS-26FEB19-B84.5,between,84.5,84.0,85.0,0.99,0.0,1.0,0.0,1.0,51291.0,0.0,yes,1.0,85.0,finalized,KXHIGHAUS,85.77802270253498,1.0252671,0.18253059586289375,0.99,-0.8074694041371062,1.0,NO,1.0000000000000009,0.0,6.930000000000001,-1.0000000000000009,-7.9300000000000015,17.325000000000003,-19.825000000000003
2026-02-21,KXHIGHAUS,KXHIGHAUS-26FEB21,KXHIGHAUS-26FEB21-T73,less,73.0,,73.0,0.01,0.0,1.0,0.0,1.0,62738.0,0.0,no,0.0,74.0,finalized,KXHIGHAUS,71.16574540932973,1.0756625,0.9559244599941703,0.01,0.9459244599941703,0.0,YES,1.0,0.0,6.930000000000001,-1.0,-7.930000000000001,17.325000000000003,-19.825000000000003
2026-02-21,KXHIGHAUS,KXHIGHAUS-26FEB21,KXHIGHAUS-26FEB21-B73.5,between,73.5,73.0,74.0,0.99,0.0,1.0,0.0,1.0,15332.0,0.0,yes,1.0,74.0,finalized,KXHIGHAUS,71.16574540932973,1.0756625,0.03986733816900834,0.99,-0.9501326618309917,1.0,NO,1.0000000000000009,0.0,6.930000000000001,-1.0000000000000009,-7.9300000000000015,17.325000000000003,-19.825000000000003
2026-02-22,KXHIGHAUS,KXHIGHAUS-26FEB22,KXHIGHAUS-26FEB22-T62,less,62.0,,62.0,0.01,0.0,1.0,0.0,1.0,21610.0,0.0,no,0.0,63.0,finalized,KXHIGHAUS,62.257564814885455,1.0276803,0.4010511057477185,0.01,0.3910511057477185,0.0,YES,1.0,0.0,6.930000000000001,-1.0,-7.930000000000001,17.325000000000003,-19.825000000000003
2026-02-22,KXHIGHAUS,KXHIGHAUS-26FEB22,KXHIGHAUS-26FEB22-B62.5,between,62.5,62.0,63.0,0.99,0.0,1.0,0.0,1.0,26975.0,0.0,yes,1.0,63.0,finalized,KXHIGHAUS,62.257564814885455,1.0276803,0.3639362490188701,0.99,-0.6260637509811299,1.0,NO,1.0000000000000009,0.0,6.930000000000001,-1.0000000000000009,-7.9300000000000015,17.325000000000003,-19.825000000000003
2026-02-23,KXHIGHAUS,KXHIGHAUS-26FEB23,KXHIGHAUS-26FEB23-B67.5,between,67.5,67.0,68.0,0.98,0.0,1.0,0.0,1.0,26011.0,0.0,yes,1.0,67.0,finalized,KXHIGHAUS,64.86343982219697,0.97295326,0.01341501941676837,0.98,-0.9665849805832316,1.0,NO,2.0000000000000018,0.0,6.86,-2.0000000000000018,-8.860000000000003,17.15,-22.15000000000001
2026-02-23,KXHIGHAUS,KXHIGHAUS-26FEB23,KXHIGHAUS-26FEB23-B65.5,between,65.5,65.0,66.0,0.01,0.0,1.0,0.0,1.0,49698.0,0.0,no,0.0,67.0,finalized,KXHIGHAUS,64.86343982219697,0.97295326,0.3228170861984403,0.01,0.3128170861984403,0.0,YES,1.0,0.0,6.930000000000001,-1.0,-7.930000000000001,17.325000000000003,-19.825000000000003
2026-02-23,KXHIGHAUS,KXHIGHAUS-26FEB23,KXHIGHAUS-26FEB23-B63.5,between,63.5,63.0,64.0,0.01,0.0,1.0,0.0,1.0,20664.0,0.0,no,0.0,67.0,finalized,KXHIGHAUS,64.86343982219697,0.97295326,0.15968952678542975,0.01,0.14968952678542974,0.0,YES,1.0,0.0,6.930000000000001,-1.0,-7.930000000000001,17.325000000000003,-19.825000000000003
2026-02-24,KXHIGHAUS,KXHIGHAUS-26FEB24,KXHIGHAUS-26FEB24-T73,less,73.0,,73.0,0.01,0.0,1.0,0.0,1.0,17540.0,0.0,no,0.0,75.0,finalized,KXHIGHAUS,73.75901220639547,0.9563363,0.21369477121381242,0.01,0.2036947712138124,0.0,YES,1.0,0.0,6.930000000000001,-1.0,-7.930000000000001,17.325000000000003,-19.825000000000003
2026-02-24,KXHIGHAUS,KXHIGHAUS-26FEB24,KXHIGHAUS-26FEB24-B75.5,between,75.5,75.0,76.0,0.99,0.0,1.0,0.0,1.0,36614.0,0.0,yes,1.0,75.0,finalized,KXHIGHAUS,73.75901220639547,0.9563363,0.08764730895900474,0.99,-0.9023526910409952,1.0,NO,1.0000000000000009,0.0,6.930000000000001,-1.0000000000000009,-7.9300000000000015,17.325000000000003,-19.825000000000003
2026-02-24,KXHIGHAUS,KXHIGHAUS-26FEB24,KXHIGHAUS-26FEB24-B73.5,between,73.5,73.0,74.0,0.01,0.0,1.0,0.0,1.0,20888.0,0.0,no,0.0,75.0,finalized,KXHIGHAUS,73.75901220639547,0.9563363,0.38578107641757653,0.01,0.3757810764175765,0.0,YES,1.0,0.0,6.930000000000001,-1.0,-7.930000000000001,17.325000000000003,-19.825000000000003
2026-02-25,KXHIGHAUS,KXHIGHAUS-26FEB25,KXHIGHAUS-26FEB25-B88.5,between,88.5,88.0,89.0,0.99,0.0,1.0,0.0,1.0,37901.0,0.0,yes,1.0,88.0,finalized,KXHIGHAUS,86.60215613047282,0.9385375,0.06288164570190213,0.99,-0.9271183542980979,1.0,NO,1.0000000000000009,0.0,6.930000000000001,-1.0000000000000009,-7.9300000000000015,17.325000000000003,-19.825000000000003
2026-02-25,KXHIGHAUS,KXHIGHAUS-26FEB25,KXHIGHAUS-26FEB25-B86.5,between,86.5,86.0,87.0,0.01,0.0,1.0,0.0,1.0,37085.0,0.0,no,0.0,88.0,finalized,KXHIGHAUS,86.60215613047282,0.9385375,0.40361002683282465,0.01,0.39361002683282464,0.0,YES,1.0,0.0,6.930000000000001,-1.0,-7.930000000000001,17.325000000000003,-19.825000000000003
2026-02-26,KXHIGHAUS,KXHIGHAUS-26FEB26,KXHIGHAUS-26FEB26-T84,less,84.0,,84.0,0.01,0.0,1.0,0.0,1.0,35286.0,0.0,no,0.0,85.0,finalized,KXHIGHAUS,84.88765138785045,1.0517213,0.19933507962407265,0.01,0.18933507962407264,0.0,YES,1.0,0.0,6.930000000000001,-1.0,-7.930000000000001,17.325000000000003,-19.825000000000003
2026-02-26,KXHIGHAUS,KXHIGHAUS-26FEB26,KXHIGHAUS-26FEB26-B86.5,between,86.5,86.0,87.0,0.01,0.0,1.0,0.0,1.0,31970.0,0.0,no,0.0,85.0,finalized,KXHIGHAUS,84.88765138785045,1.0517213,0.12281169230343891,0.01,0.11281169230343892,0.0,YES,1.0,0.0,6.930000000000001,-1.0,-7.930000000000001,17.325000000000003,-19.825000000000003
2026-02-26,KXHIGHAUS,KXHIGHAUS-26FEB26,KXHIGHAUS-26FEB26-B84.5,between,84.5,84.0,85.0,0.99,0.0,1.0,0.0,1.0,48486.0,0.0,yes,1.0,85.0,finalized,KXHIGHAUS,84.88765138785045,1.0517213,0.3432004403970779,0.99,-0.6467995596029221,1.0,NO,1.0000000000000009,0.0,6.930000000000001,-1.0000000000000009,-7.9300000000000015,17.325000000000003,-19.825000000000003
2026-02-27,KXHIGHAUS,KXHIGHAUS-26FEB27,KXHIGHAUS-26FEB27-B87.5,between,87.5,87.0,88.0,0.99,0.0,1.0,0.0,1.0,35775.0,0.0,yes,1.0,87.0,finalized,KXHIGHAUS,86.02654985586803,0.99547553,0.14035204524017064,0.99,-0.8496479547598293,1.0,NO,1.0000000000000009,0.0,6.930000000000001,-1.0000000000000009,-7.9300000000000015,17.325000000000003,-19.825000000000003
2026-02-27,KXHIGHAUS,KXHIGHAUS-26FEB27,KXHIGHAUS-26FEB27-B85.5,between,85.5,85.0,86.0,0.01,0.0,1.0,0.0,1.0,29437.0,0.0,no,0.0,87.0,finalized,KXHIGHAUS,86.02654985586803,0.99547553,0.3381413879244625,0.01,0.3281413879244625,0.0,YES,1.0,0.0,6.930000000000001,-1.0,-7.930000000000001,17.325000000000003,-19.825000000000003
2026-02-28,KXHIGHAUS,KXHIGHAUS-26FEB28,KXHIGHAUS-26FEB28-B86.5,between,86.5,86.0,87.0,0.99,0.0,1.0,0.0,1.0,32226.0,0.0,yes,1.0,87.0,finalized,KXHIGHAUS,85.37487492561341,0.97758853,0.21304493602323582,0.99,-0.7769550639767642,1.0,NO,1.0000000000000009,0.0,6.930000000000001,-1.0000000000000009,-7.9300000000000015,17.325000000000003,-19.825000000000003
2026-02-28,KXHIGHAUS,KXHIGHAUS-26FEB28,KXHIGHAUS-26FEB28-B84.5,between,84.5,84.0,85.0,0.01,0.0,1.0,0.0,1.0,15532.0,0.0,no,0.0,87.0,finalized,KXHIGHAUS,85.37487492561341,0.97758853,0.27088247648827546,0.01,0.26088247648827545,0.0,YES,1.0,0.0,6.930000000000001,-1.0,-7.930000000000001,17.325000000000003,-19.825000000000003
2026-03-01,KXHIGHAUS,KXHIGHAUS-26MAR01,KXHIGHAUS-26MAR01-B85.5,between,85.5,85.0,86.0,0.99,0.0,1.0,0.0,1.0,23215.0,0.0,yes,1.0,86.0,finalized,KXHIGHAUS,84.15434644222259,0.94616574,0.16017438193994626,0.99,-0.8298256180600537,1.0,NO,1.0000000000000009,0.0,6.930000000000001,-1.0000000000000009,-7.9300000000000015,17.325000000000003,-19.825000000000003
2026-03-01,KXHIGHAUS,KXHIGHAUS-26MAR01,KXHIGHAUS-26MAR01-B83.5,between,83.5,83.0,84.0,0.01,0.0,1.0,0.0,1.0,23178.0,0.0,no,0.0,86.0,finalized,KXHIGHAUS,84.15434644222259,0.94616574,0.3239811132926049,0.01,0.3139811132926049,0.0,YES,1.0,0.0,6.930000000000001,-1.0,-7.930000000000001,17.325000000000003,-19.825000000000003
2026-03-02,KXHIGHAUS,KXHIGHAUS-26MAR02,KXHIGHAUS-26MAR02-B86.5,between,86.5,86.0,87.0,0.99,0.0,1.0,0.0,1.0,40841.0,0.0,yes,1.0,86.0,finalized,KXHIGHAUS,84.88490146001179,0.91350657,0.1008071774673327,0.99,-0.8891928225326673,1.0,NO,1.0000000000000009,0.0,6.930000000000001,-1.0000000000000009,-7.9300000000000015,17.325000000000003,-19.825000000000003
2026-03-02,KXHIGHAUS,KXHIGHAUS-26MAR02,KXHIGHAUS-26MAR02-B84.5,between,84.5,84.0,85.0,0.01,0.0,1.0,0.0,1.0,28307.0,0.0,no,0.0,86.0,finalized,KXHIGHAUS,84.88490146001179,0.91350657,0.3837817928873971,0.01,0.3737817928873971,0.0,YES,1.0,0.0,6.930000000000001,-1.0,-7.930000000000001,17.325000000000003,-19.825000000000003
2026-03-03,KXHIGHAUS,KXHIGHAUS-26MAR03,KXHIGHAUS-26MAR03-B89.5,between,89.5,89.0,90.0,0.99,0.0,1.0,0.0,1.0,36811.0,0.0,yes,1.0,89.0,finalized,KXHIGHAUS,87.12748978932699,0.9179149,0.019801269256916165,0.99,-0.9701987307430838,1.0,NO,1.0000000000000009,0.0,6.930000000000001,-1.0000000000000009,-7.9300000000000015,17.325000000000003,-19.825000000000003
2026-03-03,KXHIGHAUS,KXHIGHAUS-26MAR03,KXHIGHAUS-26MAR03-B87.5,between,87.5,87.0,88.0,0.01,0.0,1.0,0.0,1.0,74629.0,0.0,no,0.0,89.0,finalized,KXHIGHAUS,87.12748978932699,0.9179149,0.38431146092736945,0.01,0.37431146092736944,0.0,YES,1.0,0.0,6.930000000000001,-1.0,-7.930000000000001,17.325000000000003,-19.825000000000003
2026-03-04,KXHIGHAUS,KXHIGHAUS-26MAR04,KXHIGHAUS-26MAR04-B88.5,between,88.5,88.0,89.0,0.99,0.0,1.0,0.0,1.0,55144.0,0.0,yes,1.0,88.0,finalized,KXHIGHAUS,85.60019625822704,1.0589308,0.011055695564167856,0.99,-0.9789443044358321,1.0,NO,1.0000000000000009,0.0,6.930000000000001,-1.0000000000000009,-7.9300000000000015,17.325000000000003,-19.825000000000003
2026-03-04,KXHIGHAUS,KXHIGHAUS-26MAR04,KXHIGHAUS-26MAR04-B86.5,between,86.5,86.0,87.0,0.01,0.0,1.0,0.0,1.0,53853.0,0.0,no,0.0,88.0,finalized,KXHIGHAUS,85.60019625822704,1.0589308,0.25978067446639064,0.01,0.24978067446639063,0.0,YES,1.0,0.0,6.930000000000001,-1.0,-7.930000000000001,17.325000000000003,-19.825000000000003
2026-03-04,KXHIGHAUS,KXHIGHAUS-26MAR04,KXHIGHAUS-26MAR04-B84.5,between,84.5,84.0,85.0,0.01,0.0,1.0,0.0,1.0,41020.0,0.0,no,0.0,88.0,finalized,KXHIGHAUS,85.60019625822704,1.0589308,0.22005090682355516,0.01,0.21005090682355515,0.0,YES,1.0,0.0,6.930000000000001,-1.0,-7.930000000000001,17.325000000000003,-19.825000000000003
2026-03-05,KXHIGHAUS,KXHIGHAUS-26MAR05,KXHIGHAUS-26MAR05-B87.5,between,87.5,87.0,88.0,0.99,0.0,1.0,0.0,1.0,44639.0,0.0,yes,1.0,88.0,finalized,KXHIGHAUS,84.88242212931316,1.0446304,0.019904971566757745,0.99,-0.9700950284332422,1.0,NO,1.0000000000000009,0.0,6.930000000000001,-1.0000000000000009,-7.9300000000000015,17.325000000000003,-19.825000000000003
2026-03-05,KXHIGHAUS,KXHIGHAUS-26MAR05,KXHIGHAUS-26MAR05-B85.5,between,85.5,85.0,86.0,0.01,0.0,1.0,0.0,1.0,58473.0,0.0,no,0.0,88.0,finalized,KXHIGHAUS,84.88242212931316,1.0446304,0.312844153568941,0.01,0.302844153568941,0.0,YES,1.0,0.0,6.930000000000001,-1.0,-7.930000000000001,17.325000000000003,-19.825000000000003
2026-03-05,KXHIGHAUS,KXHIGHAUS-26MAR05,KXHIGHAUS-26MAR05-B83.5,between,83.5,83.0,84.0,0.01,0.0,1.0,0.0,1.0,22571.0,0.0,no,0.0,88.0,finalized,KXHIGHAUS,84.88242212931316,1.0446304,0.16336023562038338,0.01,0.15336023562038337,0.0,YES,1.0,0.0,6.930000000000001,-1.0,-7.930000000000001,17.325000000000003,-19.825000000000003
2026-03-06,KXHIGHAUS,KXHIGHAUS-26MAR06,KXHIGHAUS-26MAR06-B85.5,between,85.5,85.0,86.0,0.99,0.0,1.0,0.0,1.0,45417.0,0.0,yes,1.0,86.0,finalized,KXHIGHAUS,84.11042337417602,1.0014254,0.1575991351181194,0.99,-0.8324008648818806,1.0,NO,1.0000000000000009,0.0,6.930000000000001,-1.0000000000000009,-7.9300000000000015,17.325000000000003,-19.825000000000003
2026-03-06,KXHIGHAUS,KXHIGHAUS-26MAR06,KXHIGHAUS-26MAR06-B83.5,between,83.5,83.0,84.0,0.01,0.0,1.0,0.0,1.0,44196.0,0.0,no,0.0,86.0,finalized,KXHIGHAUS,84.11042337417602,1.0014254,0.32235013849157773,0.01,0.3123501384915777,0.0,YES,1.0,0.0,6.930000000000001,-1.0,-7.930000000000001,17.325000000000003,-19.825000000000003
2026-03-07,KXHIGHAUS,KXHIGHAUS-26MAR07,KXHIGHAUS-26MAR07-T78,less,78.0,,78.0,0.99,0.0,1.0,0.0,1.0,72472.0,0.0,yes,1.0,77.0,finalized,KXHIGHAUS,77.40426905155182,1.3998414,0.6647895102832955,0.99,-0.3252104897167045,1.0,NO,1.0000000000000009,0.0,6.930000000000001,-1.0000000000000009,-7.9300000000000015,17.325000000000003,-19.825000000000003
2026-03-07,KXHIGHAUS,KXHIGHAUS-26MAR07,KXHIGHAUS-26MAR07-B78.5,between,78.5,78.0,79.0,0.01,0.0,1.0,0.0,1.0,24874.0,0.0,no,0.0,77.0,finalized,KXHIGHAUS,77.40426905155182,1.3998414,0.20805420201167424,0.01,0.19805420201167423,0.0,YES,1.0,0.0,6.930000000000001,-1.0,-7.930000000000001,17.325000000000003,-19.825000000000003
2026-03-09,KXHIGHAUS,KXHIGHAUS-26MAR09,KXHIGHAUS-26MAR09-T79,less,79.0,,79.0,0.01,0.0,1.0,0.0,1.0,35002.0,0.0,no,0.0,80.0,finalized,KXHIGHAUS,77.05000214576721,1.4643149,0.908517198776905,0.01,0.898517198776905,0.0,YES,1.0,0.0,6.930000000000001,-1.0,-7.930000000000001,17.325000000000003,-19.825000000000003
2026-03-09,KXHIGHAUS,KXHIGHAUS-26MAR09,KXHIGHAUS-26MAR09-B79.5,between,79.5,79.0,80.0,0.99,0.0,1.0,0.0,1.0,32209.0,0.0,yes,1.0,80.0,finalized,KXHIGHAUS,77.05000214576721,1.4643149,0.06950911792575187,0.99,-0.9204908820742481,1.0,NO,1.0000000000000009,0.0,6.930000000000001,-1.0000000000000009,-7.9300000000000015,17.325000000000003,-19.825000000000003
2026-03-10,KXHIGHAUS,KXHIGHAUS-26MAR10,KXHIGHAUS-26MAR10-B84.5,between,84.5,84.0,85.0,0.99,0.0,1.0,0.0,1.0,21256.0,0.0,yes,1.0,85.0,finalized,KXHIGHAUS,82.45883131027222,1.1844515,0.08064184551223263,0.99,-0.9093581544877674,1.0,NO,1.0000000000000009,0.0,6.930000000000001,-1.0000000000000009,-7.9300000000000015,17.325000000000003,-19.825000000000003
2026-03-10,KXHIGHAUS,KXHIGHAUS-26MAR10,KXHIGHAUS-26MAR10-B82.5,between,82.5,82.0,83.0,0.01,0.0,1.0,0.0,1.0,18923.0,0.0,no,0.0,85.0,finalized,KXHIGHAUS,82.45883131027222,1.1844515,0.3268884369169223,0.01,0.3168884369169223,0.0,YES,1.0,0.0,6.930000000000001,-1.0,-7.930000000000001,17.325000000000003,-19.825000000000003
2026-03-11,KXHIGHAUS,KXHIGHAUS-26MAR11,KXHIGHAUS-26MAR11-B84.5,between,84.5,84.0,85.0,0.99,0.0,1.0,0.0,1.0,43290.0,0.0,yes,1.0,84.0,finalized,KXHIGHAUS,79.76828070481618,1.3656949,0.0009083808910271829,0.99,-0.9890916191089728,1.0,NO,1.0000000000000009,0.0,6.930000000000001,-1.0000000000000009,-7.9300000000000015,17.325000000000003,-19.825000000000003
2026-03-11,KXHIGHAUS,KXHIGHAUS-26MAR11,KXHIGHAUS-26MAR11-B80.5,between,80.5,80.0,81.0,0.01,0.0,1.0,0.0,1.0,18584.0,0.0,no,0.0,84.0,finalized,KXHIGHAUS,79.76828070481618,1.3656949,0.24907912889289152,0.01,0.2390791288928915,0.0,YES,1.0,0.0,6.930000000000001,-1.0,-7.930000000000001,17.325000000000003,-19.825000000000003
2026-03-11,KXHIGHAUS,KXHIGHAUS-26MAR11,KXHIGHAUS-26MAR11-B78.5,between,78.5,78.0,79.0,0.01,0.0,1.0,0.0,1.0,12956.0,0.0,no,0.0,84.0,finalized,KXHIGHAUS,79.76828070481618,1.3656949,0.18917114466405532,0.01,0.17917114466405532,0.0,YES,1.0,0.0,6.930000000000001,-1.0,-7.930000000000001,17.325000000000003,-19.825000000000003
2026-03-12,KXHIGHAUS,KXHIGHAUS-26MAR12,KXHIGHAUS-26MAR12-B69.5,between,69.5,69.0,70.0,0.01,0.0,1.0,0.0,1.0,18204.0,0.0,no,0.0,66.0,finalized,KXHIGHAUS,68.14693682988485,1.0573194,0.170051064024473,0.01,0.160051064024473,0.0,YES,1.0,0.0,6.930000000000001,-1.0,-7.930000000000001,17.325000000000003,-19.825000000000003
2026-03-12,KXHIGHAUS,KXHIGHAUS-26MAR12,KXHIGHAUS-26MAR12-B67.5,between,67.5,67.0,68.0,0.01,0.0,1.0,0.0,1.0,27504.0,0.0,no,0.0,66.0,finalized,KXHIGHAUS,68.14693682988485,1.0573194,0.305722311884251,0.01,0.29572231188425097,0.0,YES,1.0,0.0,6.930000000000001,-1.0,-7.930000000000001,17.325000000000003,-19.825000000000003
2026-03-12,KXHIGHAUS,KXHIGHAUS-26MAR12,KXHIGHAUS-26MAR12-B65.5,between,65.5,65.0,66.0,0.99,0.0,1.0,0.0,1.0,37427.0,0.0,yes,1.0,66.0,finalized,KXHIGHAUS,68.14693682988485,1.0573194,0.01969190046816991,0.99,-0.9703080995318301,1.0,NO,1.0000000000000009,0.0,6.930000000000001,-1.0000000000000009,-7.9300000000000015,17.325000000000003,-19.825000000000003
2026-03-13,KXHIGHAUS,KXHIGHAUS-26MAR13,KXHIGHAUS-26MAR13-B81.5,between,81.5,81.0,82.0,0.99,0.0,1.0,0.0,1.0,27611.0,0.0,yes,1.0,81.0,finalized,KXHIGHAUS,79.54957612355551,0.9830554,0.0637097568234044,0.99,-0.9262902431765956,1.0,NO,1.0000000000000009,0.0,6.930000000000001,-1.0000000000000009,-7.9300000000000015,17.325000000000003,-19.825000000000003
2026-03-13,KXHIGHAUS,KXHIGHAUS-26MAR13,KXHIGHAUS-26MAR13-B79.5,between,79.5,79.0,80.0,0.01,0.0,1.0,0.0,1.0,23504.0,0.0,no,0.0,81.0,finalized,KXHIGHAUS,79.54957612355551,0.9830554,0.38852704664168486,0.01,0.37852704664168485,0.0,YES,1.0,0.0,6.930000000000001,-1.0,-7.930000000000001,17.325000000000003,-19.825000000000003
2026-03-14,KXHIGHAUS,KXHIGHAUS-26MAR14,KXHIGHAUS-26MAR14-B86.5,between,86.5,86.0,87.0,0.99,0.0,1.0,0.0,1.0,31950.0,0.0,yes,1.0,86.0,finalized,KXHIGHAUS,84.8059762318929,0.9404688,0.09228612227488464,0.99,-0.8977138777251154,1.0,NO,1.0000000000000009,0.0,6.930000000000001,-1.0000000000000009,-7.9300000000000015,17.325000000000003,-19.825000000000003
2026-03-14,KXHIGHAUS,KXHIGHAUS-26MAR14,KXHIGHAUS-26MAR14-B84.5,between,84.5,84.0,85.0,0.01,0.0,1.0,0.0,1.0,77351.0,0.0,no,0.0,86.0,finalized,KXHIGHAUS,84.8059762318929,0.9404688,0.38599974669542714,0.01,0.37599974669542713,0.0,YES,1.0,0.0,6.930000000000001,-1.0,-7.930000000000001,17.325000000000003,-19.825000000000003
2026-03-16,KXHIGHAUS,KXHIGHAUS-26MAR16,KXHIGHAUS-26MAR16-T54,less,54.0,,54.0,0.01,0.0,1.0,0.0,1.0,12772.0,0.0,no,0.0,56.0,finalized,KXHIGHAUS,53.8317015171051,1.8325275,0.5365872354830348,0.01,0.5265872354830348,0.0,YES,1.0,0.0,6.930000000000001,-1.0,-7.930000000000001,17.325000000000003,-19.825000000000003
2026-03-16,KXHIGHAUS,KXHIGHAUS-26MAR16,KXHIGHAUS-26MAR16-B56.5,between,56.5,56.0,57.0,0.99,0.0,1.0,0.0,1.0,40574.0,0.0,yes,1.0,56.0,finalized,KXHIGHAUS,53.8317015171051,1.8325275,0.07644787069509806,0.99,-0.9135521293049019,1.0,NO,1.0000000000000009,0.0,6.930000000000001,-1.0000000000000009,-7.9300000000000015,17.325000000000003,-19.825000000000003
2026-03-16,KXHIGHAUS,KXHIGHAUS-26MAR16,KXHIGHAUS-26MAR16-B54.5,between,54.5,54.0,55.0,0.01,0.0,1.0,0.0,1.0,36574.0,0.0,no,0.0,56.0,finalized,KXHIGHAUS,53.8317015171051,1.8325275,0.2015242086016944,0.01,0.1915242086016944,0.0,YES,1.0,0.0,6.930000000000001,-1.0,-7.930000000000001,17.325000000000003,-19.825000000000003
2026-03-17,KXHIGHAUS,KXHIGHAUS-26MAR17,KXHIGHAUS-26MAR17-B66.5,between,66.5,66.0,67.0,0.99,0.0,1.0,0.0,1.0,23044.0,0.0,yes,1.0,67.0,finalized,KXHIGHAUS,66.3564024368922,0.919669,0.4087976960840033,0.99,-0.5812023039159967,1.0,NO,1.0000000000000009,0.0,6.930000000000001,-1.0000000000000009,-7.9300000000000015,17.325000000000003,-19.825000000000003
2026-03-18,KXHIGHAUS,KXHIGHAUS-26MAR18,KXHIGHAUS-26MAR18-T77,less,77.0,,77.0,0.01,0.0,1.0,0.0,1.0,22299.0,0.0,no,0.0,78.0,finalized,KXHIGHAUS,76.76154267787933,1.0629008,0.5887558779842851,0.01,0.5787558779842851,0.0,YES,1.0,0.0,6.930000000000001,-1.0,-7.930000000000001,17.325000000000003,-19.825000000000003
2026-03-18,KXHIGHAUS,KXHIGHAUS-26MAR18,KXHIGHAUS-26MAR18-B77.5,between,77.5,77.0,78.0,0.99,0.0,1.0,0.0,1.0,25716.0,0.0,yes,1.0,78.0,finalized,KXHIGHAUS,76.76154267787933,1.0629008,0.28926849920009967,0.99,-0.7007315007999003,1.0,NO,1.0000000000000009,0.0,6.930000000000001,-1.0000000000000009,-7.9300000000000015,17.325000000000003,-19.825000000000003
2026-03-20,KXHIGHAUS,KXHIGHAUS-26MAR20,KXHIGHAUS-26MAR20-B90.5,between,90.5,90.0,91.0,0.99,0.0,1.0,0.0,1.0,25379.0,14236.0,yes,1.0,90.0,finalized,KXHIGHAUS,88.31468035380045,0.8843191,0.027142904196368223,0.99,-0.9628570958036318,1.0,NO,1.0000000000000009,0.0,6.930000000000001,-1.0000000000000009,-7.9300000000000015,17.325000000000003,-19.825000000000003
2026-03-20,KXHIGHAUS,KXHIGHAUS-26MAR20,KXHIGHAUS-26MAR20-B88.5,between,88.5,88.0,89.0,0.01,0.0,1.0,0.0,1.0,23671.0,16313.0,no,0.0,90.0,finalized,KXHIGHAUS,88.31468035380045,0.8843191,0.4198425211563031,0.01,0.4098425211563031,0.0,YES,1.0,0.0,6.930000000000001,-1.0,-7.930000000000001,17.325000000000003,-19.825000000000003
2026-03-20,KXHIGHAUS,KXHIGHAUS-26MAR20,KXHIGHAUS-26MAR20-T88,less,88.0,,88.0,0.01,0.0,1.0,0.0,1.0,20227.0,13790.0,no,0.0,90.0,finalized,KXHIGHAUS,88.31468035380045,0.8843191,0.36097840206830795,0.01,0.35097840206830794,0.0,YES,1.0,0.0,6.930000000000001,-1.0,-7.930000000000001,17.325000000000003,-19.825000000000003
2026-03-21,KXHIGHAUS,KXHIGHAUS-26MAR21,KXHIGHAUS-26MAR21-B91.5,between,91.5,91.0,92.0,0.01,0.0,1.0,0.0,1.0,25328.0,20271.0,no,0.0,93.0,finalized,KXHIGHAUS,91.16503892739615,0.85000134,0.414001269860267,0.01,0.40400126986026696,0.0,YES,1.0,0.0,6.930000000000001,-1.0,-7.930000000000001,17.325000000000003,-19.825000000000003
2026-03-21,KXHIGHAUS,KXHIGHAUS-26MAR21,KXHIGHAUS-26MAR21-T91,less,91.0,,91.0,0.01,0.0,1.0,0.0,1.0,32797.0,27275.0,no,0.0,93.0,finalized,KXHIGHAUS,91.16503892739615,0.85000134,0.42302407219425897,0.01,0.41302407219425896,0.0,YES,1.0,0.0,6.930000000000001,-1.0,-7.930000000000001,17.325000000000003,-19.825000000000003
2026-03-21,KXHIGHAUS,KXHIGHAUS-26MAR21,KXHIGHAUS-26MAR21-B93.5,between,93.5,93.0,94.0,0.99,0.0,1.0,0.0,1.0,30628.0,18431.0,yes,1.0,93.0,finalized,KXHIGHAUS,91.16503892739615,0.85000134,0.015007714686013252,0.99,-0.9749922853139867,1.0,NO,1.0000000000000009,0.0,6.930000000000001,-1.0000000000000009,-7.9300000000000015,17.325000000000003,-19.825000000000003
2026-03-22,KXHIGHAUS,KXHIGHAUS-26MAR22,KXHIGHAUS-26MAR22-B90.5,between,90.5,90.0,91.0,0.01,0.0,1.0,0.0,1.0,22834.0,17790.0,no,0.0,93.0,finalized,KXHIGHAUS,90.96714872519175,0.8511245,0.3874827494822352,0.01,0.3774827494822352,0.0,YES,1.0,0.0,6.930000000000001,-1.0,-7.930000000000001,17.325000000000003,-19.825000000000003
2026-03-22,KXHIGHAUS,KXHIGHAUS-26MAR22,KXHIGHAUS-26MAR22-B92.5,between,92.5,92.0,93.0,0.99,0.0,1.0,0.0,1.0,30164.0,17461.0,yes,1.0,93.0,finalized,KXHIGHAUS,90.96714872519175,0.8511245,0.10400647142867436,0.99,-0.8859935285713256,1.0,NO,1.0000000000000009,0.0,6.930000000000001,-1.0000000000000009,-7.9300000000000015,17.325000000000003,-19.825000000000003
2026-03-22,KXHIGHAUS,KXHIGHAUS-26MAR22,KXHIGHAUS-26MAR22-T90,less,90.0,,90.0,0.01,0.0,1.0,0.0,1.0,12175.0,10873.0,no,0.0,93.0,finalized,KXHIGHAUS,90.96714872519175,0.8511245,0.1279116008616326,0.01,0.11791160086163262,0.0,YES,1.0,0.0,6.930000000000001,-1.0,-7.930000000000001,17.325000000000003,-19.825000000000003
2026-03-23,KXHIGHAUS,KXHIGHAUS-26MAR23,KXHIGHAUS-26MAR23-T86,less,86.0,,86.0,0.01,0.0,1.0,0.0,1.0,28513.0,21904.0,no,0.0,88.0,finalized,KXHIGHAUS,86.58061351776122,0.94581777,0.26964909328358777,0.01,0.25964909328358776,0.0,YES,1.0,0.0,6.930000000000001,-1.0,-7.930000000000001,17.325000000000003,-19.825000000000003
2026-03-23,KXHIGHAUS,KXHIGHAUS-26MAR23,KXHIGHAUS-26MAR23-B86.5,between,86.5,86.0,87.0,0.01,0.0,1.0,0.0,1.0,49329.0,26076.0,no,0.0,88.0,finalized,KXHIGHAUS,86.58061351776122,0.94581777,0.4016168496352245,0.01,0.3916168496352245,0.0,YES,1.0,0.0,6.930000000000001,-1.0,-7.930000000000001,17.325000000000003,-19.825000000000003
2026-03-23,KXHIGHAUS,KXHIGHAUS-26MAR23,KXHIGHAUS-26MAR23-B88.5,between,88.5,88.0,89.0,0.99,0.0,1.0,0.0,1.0,61474.0,38989.0,yes,1.0,88.0,finalized,KXHIGHAUS,86.58061351776122,0.94581777,0.061452842780357675,0.99,-0.9285471572196423,1.0,NO,1.0000000000000009,0.0,6.930000000000001,-1.0000000000000009,-7.9300000000000015,17.325000000000003,-19.825000000000003
2026-03-24,KXHIGHAUS,KXHIGHAUS-26MAR24,KXHIGHAUS-26MAR24-B87.5,between,87.5,87.0,88.0,0.99,0.0,1.0,0.0,1.0,45468.0,20431.0,yes,1.0,88.0,finalized,KXHIGHAUS,86.2713914791743,0.9476735,0.18692250789646192,0.99,-0.8030774921035381,1.0,NO,1.0000000000000009,0.0,6.930000000000001,-1.0000000000000009,-7.9300000000000015,17.325000000000003,-19.825000000000003
2026-03-24,KXHIGHAUS,KXHIGHAUS-26MAR24,KXHIGHAUS-26MAR24-B85.5,between,85.5,85.0,86.0,0.01,0.0,1.0,0.0,1.0,13039.0,10528.0,no,0.0,88.0,finalized,KXHIGHAUS,86.2713914791743,0.9476735,0.2974307513533141,0.01,0.2874307513533141,0.0,YES,1.0,0.0,6.930000000000001,-1.0,-7.930000000000001,17.325000000000003,-19.825000000000003
2026-03-25,KXHIGHAUS,KXHIGHAUS-26MAR25,KXHIGHAUS-26MAR25-T88,less,88.0,,88.0,0.01,0.0,1.0,0.0,1.0,48143.0,44529.0,no,0.0,90.0,finalized,KXHIGHAUS,88.27243067423503,0.92463404,0.38413589675688437,0.01,0.37413589675688436,0.0,YES,1.0,0.0,6.930000000000001,-1.0,-7.930000000000001,17.325000000000003,-19.825000000000003
2026-03-25,KXHIGHAUS,KXHIGHAUS-26MAR25,KXHIGHAUS-26MAR25-B88.5,between,88.5,88.0,89.0,0.01,0.0,1.0,0.0,1.0,41354.0,27583.0,no,0.0,90.0,finalized,KXHIGHAUS,88.27243067423503,0.92463404,0.4001859216893309,0.01,0.3901859216893309,0.0,YES,1.0,0.0,6.930000000000001,-1.0,-7.930000000000001,17.325000000000003,-19.825000000000003
2026-03-25,KXHIGHAUS,KXHIGHAUS-26MAR25,KXHIGHAUS-26MAR25-B90.5,between,90.5,90.0,91.0,0.99,0.0,1.0,0.0,1.0,46842.0,23731.0,yes,1.0,90.0,finalized,KXHIGHAUS,88.27243067423503,0.92463404,0.029265010461250962,0.99,-0.960734989538749,1.0,NO,1.0000000000000009,0.0,6.930000000000001,-1.0000000000000009,-7.9300000000000015,17.325000000000003,-19.825000000000003
2026-03-26,KXHIGHAUS,KXHIGHAUS-26MAR26,KXHIGHAUS-26MAR26-B88.5,between,88.5,88.0,89.0,0.99,0.0,1.0,0.0,1.0,45510.0,20758.0,yes,1.0,89.0,finalized,KXHIGHAUS,88.2154594818751,0.93292046,0.3911361481281099,0.99,-0.5988638518718901,1.0,NO,1.0000000000000009,0.0,6.930000000000001,-1.0000000000000009,-7.9300000000000015,17.325000000000003,-19.825000000000003
2026-03-26,KXHIGHAUS,KXHIGHAUS-26MAR26,KXHIGHAUS-26MAR26-T88,less,88.0,,88.0,0.01,0.0,1.0,0.0,1.0,21477.0,16757.0,no,0.0,89.0,finalized,KXHIGHAUS,88.2154594818751,0.93292046,0.4086761974453326,0.01,0.3986761974453326,0.0,YES,1.0,0.0,6.930000000000001,-1.0,-7.930000000000001,17.325000000000003,-19.825000000000003
2026-03-27,KXHIGHAUS,KXHIGHAUS-26MAR27,KXHIGHAUS-26MAR27-T86,less,86.0,,86.0,0.01,0.0,1.0,0.0,1.0,24222.0,15488.0,no,0.0,88.0,finalized,KXHIGHAUS,86.82316392262777,0.9891891,0.2026592248658537,0.01,0.19265922486585368,0.0,YES,1.0,0.0,6.930000000000001,-1.0,-7.930000000000001,17.325000000000003,-19.825000000000003
2026-03-27,KXHIGHAUS,KXHIGHAUS-26MAR27,KXHIGHAUS-26MAR27-B88.5,between,88.5,88.0,89.0,0.99,0.0,1.0,0.0,1.0,31618.0,15697.0,yes,1.0,88.0,finalized,KXHIGHAUS,86.82316392262777,0.9891891,0.1032013709132672,0.99,-0.8867986290867328,1.0,NO,1.0000000000000009,0.0,6.930000000000001,-1.0000000000000009,-7.9300000000000015,17.325000000000003,-19.825000000000003
2026-03-27,KXHIGHAUS,KXHIGHAUS-26MAR27,KXHIGHAUS-26MAR27-B86.5,between,86.5,86.0,87.0,0.01,0.0,1.0,0.0,1.0,50406.0,39091.0,no,0.0,88.0,finalized,KXHIGHAUS,86.82316392262777,0.9891891,0.368281125482719,0.01,0.358281125482719,0.0,YES,1.0,0.0,6.930000000000001,-1.0,-7.930000000000001,17.325000000000003,-19.825000000000003
2026-03-28,KXHIGHAUS,KXHIGHAUS-26MAR28,KXHIGHAUS-26MAR28-B72.5,between,72.5,72.0,73.0,0.01,0.0,1.0,0.0,1.0,114000.0,94613.0,no,0.0,74.0,finalized,KXHIGHAUS,71.87749330997468,1.0874888,0.30416457850002254,0.01,0.29416457850002253,0.0,YES,1.0,0.0,6.930000000000001,-1.0,-7.930000000000001,17.325000000000003,-19.825000000000003
2026-03-28,KXHIGHAUS,KXHIGHAUS-26MAR28,KXHIGHAUS-26MAR28-B70.5,between,70.5,70.0,71.0,0.01,0.0,1.0,0.0,1.0,14952.0,8328.0,no,0.0,74.0,finalized,KXHIGHAUS,71.87749330997468,1.0874888,0.1677290324514274,0.01,0.1577290324514274,0.0,YES,1.0,0.0,6.930000000000001,-1.0,-7.930000000000001,17.325000000000003,-19.825000000000003
2026-03-28,KXHIGHAUS,KXHIGHAUS-26MAR28,KXHIGHAUS-26MAR28-T73,greater,73.0,73.0,,0.99,0.0,1.0,0.0,1.0,90114.0,65100.0,yes,1.0,74.0,finalized,KXHIGHAUS,71.87749330997468,1.0874888,0.15098904931932117,0.99,-0.8390109506806789,1.0,NO,1.0000000000000009,0.0,6.930000000000001,-1.0000000000000009,-7.9300000000000015,17.325000000000003,-19.825000000000003
2026-03-29,KXHIGHAUS,KXHIGHAUS-26MAR29,KXHIGHAUS-26MAR29-B82.5,between,82.5,82.0,83.0,0.01,0.0,1.0,0.0,1.0,17641.0,15023.0,no,0.0,85.0,finalized,KXHIGHAUS,83.23627972602844,0.99361515,0.29931028969277546,0.01,0.28931028969277545,0.0,YES,1.0,0.0,6.930000000000001,-1.0,-7.930000000000001,17.325000000000003,-19.825000000000003
2026-03-29,KXHIGHAUS,KXHIGHAUS-26MAR29,KXHIGHAUS-26MAR29-B84.5,between,84.5,84.0,85.0,0.99,0.0,1.0,0.0,1.0,23320.0,12954.0,yes,1.0,85.0,finalized,KXHIGHAUS,83.23627972602844,0.99361515,0.18311262626198455,0.99,-0.8068873737380154,1.0,NO,1.0000000000000009,0.0,6.930000000000001,-1.0000000000000009,-7.9300000000000015,17.325000000000003,-19.825000000000003
2026-03-30,KXHIGHAUS,KXHIGHAUS-26MAR30,KXHIGHAUS-26MAR30-T87,less,87.0,,87.0,0.01,0.0,1.0,0.0,1.0,18137.0,14214.0,no,0.0,89.0,finalized,KXHIGHAUS,86.89284392992654,0.95839864,0.5445119441346827,0.01,0.5345119441346827,0.0,YES,1.0,0.0,6.930000000000001,-1.0,-7.930000000000001,17.325000000000003,-19.825000000000003
2026-03-30,KXHIGHAUS,KXHIGHAUS-26MAR30,KXHIGHAUS-26MAR30-B87.5,between,87.5,87.0,88.0,0.01,0.0,1.0,0.0,1.0,22287.0,17346.0,no,0.0,89.0,finalized,KXHIGHAUS,86.89284392992654,0.95839864,0.3314867704135206,0.01,0.3214867704135206,0.0,YES,1.0,0.0,6.930000000000001,-1.0,-7.930000000000001,17.325000000000003,-19.825000000000003
2026-03-30,KXHIGHAUS,KXHIGHAUS-26MAR30,KXHIGHAUS-26MAR30-B89.5,between,89.5,89.0,90.0,0.99,0.0,1.0,0.0,1.0,28204.0,18838.0,yes,1.0,89.0,finalized,KXHIGHAUS,86.89284392992654,0.95839864,0.01335900552263658,0.99,-0.9766409944773634,1.0,NO,1.0000000000000009,0.0,6.930000000000001,-1.0000000000000009,-7.9300000000000015,17.325000000000003,-19.825000000000003
2026-03-31,KXHIGHAUS,KXHIGHAUS-26MAR31,KXHIGHAUS-26MAR31-T87,less,87.0,,87.0,0.01,0.0,1.0,0.0,1.0,17803.0,11945.0,no,0.0,90.0,finalized,KXHIGHAUS,88.04503059387207,0.9448045,0.13434566231454703,0.01,0.12434566231454704,0.0,YES,1.0,0.0,6.930000000000001,-1.0,-7.930000000000001,17.325000000000003,-19.825000000000003
2026-03-31,KXHIGHAUS,KXHIGHAUS-26MAR31,KXHIGHAUS-26MAR31-B89.5,between,89.5,89.0,90.0,0.99,0.0,1.0,0.0,1.0,25839.0,15424.0,yes,1.0,90.0,finalized,KXHIGHAUS,88.04503059387207,0.9448045,0.1368012986008762,0.99,-0.8531987013991238,1.0,NO,1.0000000000000009,0.0,6.930000000000001,-1.0000000000000009,-7.9300000000000015,17.325000000000003,-19.825000000000003
2026-03-31,KXHIGHAUS,KXHIGHAUS-26MAR31,KXHIGHAUS-26MAR31-B87.5,between,87.5,87.0,88.0,0.01,0.0,1.0,0.0,1.0,25833.0,18615.0,no,0.0,90.0,finalized,KXHIGHAUS,88.04503059387207,0.9448045,0.34664743315935004,0.01,0.33664743315935003,0.0,YES,1.0,0.0,6.930000000000001,-1.0,-7.930000000000001,17.325000000000003,-19.825000000000003
2026-04-01,KXHIGHAUS,KXHIGHAUS-26APR01,KXHIGHAUS-26APR01-B90.5,between,90.5,90.0,91.0,0.01,0.0,1.0,0.0,1.0,53005.0,37049.0,no,0.0,92.0,finalized,KXHIGHAUS,90.58128779729208,0.9559217,0.39775045189602487,0.01,0.38775045189602486,0.0,YES,1.0,0.0,6.930000000000001,-1.0,-7.930000000000001,17.325000000000003,-19.825000000000003
2026-04-01,KXHIGHAUS,KXHIGHAUS-26APR01,KXHIGHAUS-26APR01-B92.5,between,92.5,92.0,93.0,0.99,0.0,1.0,0.0,1.0,38684.0,22673.0,yes,1.0,92.0,finalized,KXHIGHAUS,90.58128779729208,0.9559217,0.06318798991550478,0.99,-0.9268120100844952,1.0,NO,1.0000000000000009,0.0,6.930000000000001,-1.0000000000000009,-7.9300000000000015,17.325000000000003,-19.825000000000003
2026-04-02,KXHIGHAUS,KXHIGHAUS-26APR02,KXHIGHAUS-26APR02-B84.5,between,84.5,84.0,85.0,0.01,0.0,1.0,0.0,1.0,36896.0,22822.0,no,0.0,87.0,finalized,KXHIGHAUS,86.19602584838867,1.1147754,0.11723796721772371,0.01,0.10723796721772372,0.0,YES,1.0,0.0,6.930000000000001,-1.0,-7.930000000000001,17.325000000000003,-19.825000000000003
2026-04-02,KXHIGHAUS,KXHIGHAUS-26APR02,KXHIGHAUS-26APR02-B86.5,between,86.5,86.0,87.0,0.99,0.0,1.0,0.0,1.0,37794.0,14696.0,yes,1.0,87.0,finalized,KXHIGHAUS,86.19602584838867,1.1147754,0.3343977407180072,0.99,-0.6556022592819928,1.0,NO,1.0000000000000009,0.0,6.930000000000001,-1.0000000000000009,-7.9300000000000015,17.325000000000003,-19.825000000000003
2026-04-03,KXHIGHAUS,KXHIGHAUS-26APR03,KXHIGHAUS-26APR03-B85.5,between,85.5,85.0,86.0,0.01,0.0,1.0,0.0,1.0,24495.0,12829.0,no,0.0,84.0,finalized,KXHIGHAUS,83.89907604853312,1.0986646,0.13023625090987212,0.01,0.12023625090987212,0.0,YES,1.0,0.0,6.930000000000001,-1.0,-7.930000000000001,17.325000000000003,-19.825000000000003
2026-04-03,KXHIGHAUS,KXHIGHAUS-26APR03,KXHIGHAUS-26APR03-T85,less,85.0,,85.0,0.99,0.0,1.0,0.0,1.0,28321.0,12079.0,yes,1.0,84.0,finalized,KXHIGHAUS,83.89907604853312,1.0986646,0.8418418265887568,0.99,-0.14815817341124315,1.0,NO,1.0000000000000009,0.0,6.930000000000001,-1.0000000000000009,-7.9300000000000015,17.325000000000003,-19.825000000000003
2026-04-04,KXHIGHAUS,KXHIGHAUS-26APR04,KXHIGHAUS-26APR04-B75.5,between,75.5,75.0,76.0,0.01,0.0,1.0,0.0,1.0,17738.0,12047.0,no,0.0,78.0,finalized,KXHIGHAUS,75.50903259118398,1.3904892,0.28083732523585553,0.01,0.2708373252358555,0.0,YES,1.0,0.0,6.930000000000001,-1.0,-7.930000000000001,17.325000000000003,-19.825000000000003
2026-04-04,KXHIGHAUS,KXHIGHAUS-26APR04,KXHIGHAUS-26APR04-B77.5,between,77.5,77.0,78.0,0.99,0.0,1.0,0.0,1.0,21777.0,13771.0,yes,1.0,78.0,finalized,KXHIGHAUS,75.50903259118398,1.3904892,0.10518943314334817,0.99,-0.8848105668566518,1.0,NO,1.0000000000000009,0.0,6.930000000000001,-1.0000000000000009,-7.9300000000000015,17.325000000000003,-19.825000000000003
2026-04-05,KXHIGHAUS,KXHIGHAUS-26APR05,KXHIGHAUS-26APR05-B64.5,between,64.5,64.0,65.0,0.99,0.0,1.0,0.0,1.0,27604.0,11375.0,yes,1.0,65.0,finalized,KXHIGHAUS,66.30122946898142,1.1512653,0.10637205353684372,0.99,-0.8836279464631562,1.0,NO,1.0000000000000009,0.0,6.930000000000001,-1.0000000000000009,-7.9300000000000015,17.325000000000003,-19.825000000000003
2026-04-05,KXHIGHAUS,KXHIGHAUS-26APR05,KXHIGHAUS-26APR05-B66.5,between,66.5,66.0,67.0,0.01,0.0,1.0,0.0,1.0,40939.0,19642.0,no,0.0,65.0,finalized,KXHIGHAUS,66.30122946898142,1.1512653,0.3312655174841587,0.01,0.3212655174841587,0.0,YES,1.0,0.0,6.930000000000001,-1.0,-7.930000000000001,17.325000000000003,-19.825000000000003
2026-04-06,KXHIGHAUS,KXHIGHAUS-26APR06,KXHIGHAUS-26APR06-B72.5,between,72.5,72.0,73.0,0.01,0.0,1.0,0.0,1.0,34707.0,25917.0,no,0.0,74.0,finalized,KXHIGHAUS,72.86298449834187,0.990211,0.3632896959919328,0.01,0.3532896959919328,0.0,YES,1.0,0.0,6.930000000000001,-1.0,-7.930000000000001,17.325000000000003,-19.825000000000003
2026-04-06,KXHIGHAUS,KXHIGHAUS-26APR06,KXHIGHAUS-26APR06-B74.5,between,74.5,74.0,75.0,0.99,0.0,1.0,0.0,1.0,32187.0,20548.0,yes,1.0,74.0,finalized,KXHIGHAUS,72.86298449834187,0.990211,0.10997308206717749,0.99,-0.8800269179328225,1.0,NO,1.0000000000000009,0.0,6.930000000000001,-1.0000000000000009,-7.9300000000000015,17.325000000000003,-19.825000000000003
2026-04-07,KXHIGHAUS,KXHIGHAUS-26APR07,KXHIGHAUS-26APR07-T73,less,73.0,,73.0,0.01,0.0,1.0,0.0,1.0,5575.0,3817.0,no,0.0,77.0,finalized,KXHIGHAUS,74.10756794611613,0.9985039,0.13366603998654625,0.01,0.12366603998654625,0.0,YES,1.0,0.0,6.930000000000001,-1.0,-7.930000000000001,17.325000000000003,-19.825000000000003
2026-04-07,KXHIGHAUS,KXHIGHAUS-26APR07,KXHIGHAUS-26APR07-B73.5,between,73.5,73.0,74.0,0.01,0.0,1.0,0.0,1.0,9398.0,5539.0,no,0.0,77.0,finalized,KXHIGHAUS,74.10756794611613,0.9985039,0.3234392459102486,0.01,0.3134392459102486,0.0,YES,1.0,0.0,6.930000000000001,-1.0,-7.930000000000001,17.325000000000003,-19.825000000000003
2026-04-07,KXHIGHAUS,KXHIGHAUS-26APR07,KXHIGHAUS-26APR07-B75.5,between,75.5,75.0,76.0,0.01,0.0,1.0,0.0,1.0,50683.0,43307.0,no,0.0,77.0,finalized,KXHIGHAUS,74.10756794611613,0.9985039,0.1566942110521563,0.01,0.1466942110521563,0.0,YES,1.0,0.0,6.930000000000001,-1.0,-7.930000000000001,17.325000000000003,-19.825000000000003
2026-04-07,KXHIGHAUS,KXHIGHAUS-26APR07,KXHIGHAUS-26APR07-B77.5,between,77.5,77.0,78.0,0.99,0.0,1.0,0.0,1.0,100644.0,90769.0,yes,1.0,77.0,finalized,KXHIGHAUS,74.10756794611613,0.9985039,0.0018367129387922843,0.99,-0.9881632870612077,1.0,NO,1.0000000000000009,0.0,6.930000000000001,-1.0000000000000009,-7.9300000000000015,17.325000000000003,-19.825000000000003
2026-04-08,KXHIGHAUS,KXHIGHAUS-26APR08,KXHIGHAUS-26APR08-B82.5,between,82.5,82.0,83.0,0.99,0.0,1.0,0.0,1.0,35665.0,20825.0,yes,1.0,82.0,finalized,KXHIGHAUS,80.12062437534333,1.0092188,0.02912194003116786,0.99,-0.9608780599688321,1.0,NO,1.0000000000000009,0.0,6.930000000000001,-1.0000000000000009,-7.9300000000000015,17.325000000000003,-19.825000000000003
2026-04-08,KXHIGHAUS,KXHIGHAUS-26APR08,KXHIGHAUS-26APR08-B80.5,between,80.5,80.0,81.0,0.01,0.0,1.0,0.0,1.0,20420.0,13301.0,no,0.0,82.0,finalized,KXHIGHAUS,80.12062437534333,1.0092188,0.3557858177043345,0.01,0.3457858177043345,0.0,YES,1.0,0.0,6.930000000000001,-1.0,-7.930000000000001,17.325000000000003,-19.825000000000003
2026-04-08,KXHIGHAUS,KXHIGHAUS-26APR08,KXHIGHAUS-26APR08-B78.5,between,78.5,78.0,79.0,0.01,0.0,1.0,0.0,1.0,8126.0,6557.0,no,0.0,82.0,finalized,KXHIGHAUS,80.12062437534333,1.0092188,0.11560658345089925,0.01,0.10560658345089925,0.0,YES,1.0,0.0,6.930000000000001,-1.0,-7.930000000000001,17.325000000000003,-19.825000000000003
2026-04-09,KXHIGHAUS,KXHIGHAUS-26APR09,KXHIGHAUS-26APR09-T80,less,80.0,,80.0,0.01,0.0,1.0,0.0,1.0,15929.04,11653.3,no,0.0,84.0,finalized,KXHIGHAUS,79.79500958124797,1.0438104,0.5778462267525243,0.01,0.5678462267525243,0.0,YES,1.0,0.0,6.930000000000001,-1.0,-7.930000000000001,17.325000000000003,-19.825000000000003
2026-04-09,KXHIGHAUS,KXHIGHAUS-26APR09,KXHIGHAUS-26APR09-B84.5,between,84.5,84.0,85.0,0.99,0.0,1.0,0.0,1.0,26757.69,16949.68,yes,1.0,84.0,finalized,KXHIGHAUS,79.79500958124797,1.0438104,2.7759521245118712e-05,0.99,-0.9899722404787549,1.0,NO,1.0000000000000009,0.0,6.930000000000001,-1.0000000000000009,-7.9300000000000015,17.325000000000003,-19.825000000000003
2026-04-09,KXHIGHAUS,KXHIGHAUS-26APR09,KXHIGHAUS-26APR09-B80.5,between,80.5,80.0,81.0,0.01,0.0,1.0,0.0,1.0,21101.71,17245.07,no,0.0,84.0,finalized,KXHIGHAUS,79.79500958124797,1.0438104,0.29798875343563735,0.01,0.28798875343563735,0.0,YES,1.0,0.0,6.930000000000001,-1.0,-7.930000000000001,17.325000000000003,-19.825000000000003
2026-04-10,KXHIGHAUS,KXHIGHAUS-26APR10,KXHIGHAUS-26APR10-B81.5,between,81.5,81.0,82.0,0.99,0.0,1.0,0.0,1.0,30529.2,14835.42,yes,1.0,82.0,finalized,KXHIGHAUS,81.58420191605886,1.2397237,0.3126004678900241,0.99,-0.6773995321099759,1.0,NO,1.0000000000000009,0.0,6.930000000000001,-1.0000000000000009,-7.9300000000000015,17.325000000000003,-19.825000000000003
2026-04-11,KXHIGHAUS,KXHIGHAUS-26APR11,KXHIGHAUS-26APR11-B80.5,between,80.5,80.0,81.0,0.01,0.0,1.0,0.0,1.0,10690.0,7569.0,no,0.0,84.0,finalized,KXHIGHAUS,82.00519186655681,1.0308243,0.13887332456031112,0.01,0.12887332456031111,0.0,YES,1.0,0.0,6.930000000000001,-1.0,-7.930000000000001,17.325000000000003,-19.825000000000003
2026-04-11,KXHIGHAUS,KXHIGHAUS-26APR11,KXHIGHAUS-26APR11-B84.5,between,84.5,84.0,85.0,0.99,0.0,1.0,0.0,1.0,21612.0,9422.0,yes,1.0,84.0,finalized,KXHIGHAUS,82.00519186655681,1.0308243,0.024650674730333888,0.99,-0.9653493252696661,1.0,NO,1.0000000000000009,0.0,6.930000000000001,-1.0000000000000009,-7.9300000000000015,17.325000000000003,-19.825000000000003
2026-04-11,KXHIGHAUS,KXHIGHAUS-26APR11,KXHIGHAUS-26APR11-B82.5,between,82.5,82.0,83.0,0.01,0.0,1.0,0.0,1.0,14265.0,8796.0,no,0.0,84.0,finalized,KXHIGHAUS,82.00519186655681,1.0308243,0.33475213244312957,0.01,0.32475213244312956,0.0,YES,1.0,0.0,6.930000000000001,-1.0,-7.930000000000001,17.325000000000003,-19.825000000000003
2026-04-12,KXHIGHAUS,KXHIGHAUS-26APR12,KXHIGHAUS-26APR12-B77.5,between,77.5,77.0,78.0,0.01,0.0,1.0,0.0,1.0,15893.0,12315.0,no,0.0,80.0,finalized,KXHIGHAUS,77.84590452512106,1.2887373,0.2917994179283001,0.01,0.2817994179283001,0.0,YES,1.0,0.0,6.930000000000001,-1.0,-7.930000000000001,17.325000000000003,-19.825000000000003
2026-04-12,KXHIGHAUS,KXHIGHAUS-26APR12,KXHIGHAUS-26APR12-B79.5,between,79.5,79.0,80.0,0.99,0.0,1.0,0.0,1.0,19614.0,10499.0,yes,1.0,80.0,finalized,KXHIGHAUS,77.84590452512106,1.2887373,0.13793976621130688,0.99,-0.8520602337886931,1.0,NO,1.0000000000000009,0.0,6.930000000000001,-1.0000000000000009,-7.9300000000000015,17.325000000000003,-19.825000000000003
2026-04-13,KXHIGHAUS,KXHIGHAUS-26APR13,KXHIGHAUS-26APR13-B88.5,between,88.5,88.0,89.0,0.99,0.0,1.0,0.0,1.0,353976.0,343213.0,yes,1.0,89.0,finalized,KXHIGHAUS,87.84710855484009,0.9708583,0.3199172187829544,0.99,-0.6700827812170456,1.0,NO,1.0000000000000009,0.0,6.930000000000001,-1.0000000000000009,-7.9300000000000015,17.325000000000003,-19.825000000000003
2026-04-13,KXHIGHAUS,KXHIGHAUS-26APR13,KXHIGHAUS-26APR13-B86.5,between,86.5,86.0,87.0,0.01,0.0,1.0,0.0,1.0,30742.0,17619.0,no,0.0,89.0,finalized,KXHIGHAUS,87.84710855484009,0.9708583,0.1629085864564586,0.01,0.15290858645645858,0.0,YES,1.0,0.0,6.930000000000001,-1.0,-7.930000000000001,17.325000000000003,-19.825000000000003
2026-04-13,KXHIGHAUS,KXHIGHAUS-26APR13,KXHIGHAUS-26APR13-T89,greater,89.0,89.0,,0.01,0.0,1.0,0.0,1.0,362762.0,345660.0,no,0.0,89.0,finalized,KXHIGHAUS,87.84710855484009,0.9708583,0.11751578811864738,0.01,0.10751578811864738,0.0,YES,1.0,0.0,6.930000000000001,-1.0,-7.930000000000001,17.325000000000003,-19.825000000000003
2026-04-14,KXHIGHAUS,KXHIGHAUS-26APR14,KXHIGHAUS-26APR14-T88,greater,88.0,88.0,,0.25,0.0,1.0,0.0,1.0,35305.0,24814.0,no,0.0,88.0,finalized,KXHIGHAUS,85.83985640207926,1.0415344,0.019039601799414003,0.25,-0.230960398200586,0.0,NO,75.0,100.0,1.7500000000000002,25.0,23.25,4.375000000000001,58.125
2026-04-14,KXHIGHAUS,KXHIGHAUS-26APR14,KXHIGHAUS-26APR14-B85.5,between,85.5,85.0,86.0,0.01,0.0,1.0,0.0,1.0,10402.0,7052.0,no,0.0,88.0,finalized,KXHIGHAUS,85.83985640207926,1.0415344,0.35108312746253845,0.01,0.34108312746253844,0.0,YES,1.0,0.0,6.930000000000001,-1.0,-7.930000000000001,17.325000000000003,-19.825000000000003
2026-04-14,KXHIGHAUS,KXHIGHAUS-26APR14,KXHIGHAUS-26APR14-B87.5,between,87.5,87.0,88.0,0.99,0.0,1.0,0.0,1.0,33279.0,23490.0,yes,1.0,88.0,finalized,KXHIGHAUS,85.83985640207926,1.0415344,0.11362589127561551,0.99,-0.8763741087243845,1.0,NO,1.0000000000000009,0.0,6.930000000000001,-1.0000000000000009,-7.9300000000000015,17.325000000000003,-19.825000000000003
2026-04-15,KXHIGHAUS,KXHIGHAUS-26APR15,KXHIGHAUS-26APR15-B83.5,between,83.5,83.0,84.0,0.01,0.0,1.0,0.0,1.0,33690.0,20481.0,no,0.0,86.0,finalized,KXHIGHAUS,83.90129696528118,1.2047055,0.305463607631472,0.01,0.295463607631472,0.0,YES,1.0,0.0,6.930000000000001,-1.0,-7.930000000000001,17.325000000000003,-19.825000000000003
2026-04-15,KXHIGHAUS,KXHIGHAUS-26APR15,KXHIGHAUS-26APR15-B85.5,between,85.5,85.0,86.0,0.99,0.0,1.0,0.0,1.0,22610.0,8541.0,yes,1.0,86.0,finalized,KXHIGHAUS,83.90129696528118,1.2047055,0.14013529796033453,0.99,-0.8498647020396655,1.0,NO,1.0000000000000009,0.0,6.930000000000001,-1.0000000000000009,-7.9300000000000015,17.325000000000003,-19.825000000000003
2026-04-16,KXHIGHAUS,KXHIGHAUS-26APR16,KXHIGHAUS-26APR16-B88.5,between,88.5,88.0,89.0,0.99,0.0,1.0,0.0,1.0,22315.81,15494.58,yes,1.0,89.0,finalized,KXHIGHAUS,87.33764835993449,0.98347443,0.20483380603268153,0.99,-0.7851661939673185,1.0,NO,1.0000000000000009,0.0,6.930000000000001,-1.0000000000000009,-7.9300000000000015,17.325000000000003,-19.825000000000003
2026-04-16,KXHIGHAUS,KXHIGHAUS-26APR16,KXHIGHAUS-26APR16-B86.5,between,86.5,86.0,87.0,0.01,0.0,1.0,0.0,1.0,11930.82,8632.74,no,0.0,89.0,finalized,KXHIGHAUS,87.33764835993449,0.98347443,0.27878298090971915,0.01,0.26878298090971914,0.0,YES,1.0,0.0,6.930000000000001,-1.0,-7.930000000000001,17.325000000000003,-19.825000000000003
2026-02-11,KXHIGHTDAL,KXHIGHTDAL-26FEB11,KXHIGHTDAL-26FEB11-T65,less,65.0,,65.0,0.01,0.0,0.01,0.99,1.0,3315.0,0.0,no,0.0,67.0,finalized,KXHIGHTDAL,66.09405839443207,1.4002709,0.21730742699157796,0.01,0.20730742699157795,0.0,YES,1.0,0.0,6.930000000000001,-1.0,-7.930000000000001,17.325000000000003,-19.825000000000003
2026-02-11,KXHIGHTDAL,KXHIGHTDAL-26FEB11,KXHIGHTDAL-26FEB11-B67.5,between,67.5,67.0,68.0,0.99,0.99,1.0,0.0,0.01,5232.0,0.0,yes,1.0,67.0,finalized,KXHIGHTDAL,66.09405839443207,1.4002709,0.17208641724806595,0.99,-0.817913582751934,1.0,NO,1.0000000000000009,0.0,6.930000000000001,-1.0000000000000009,-7.9300000000000015,17.325000000000003,-19.825000000000003
2026-02-11,KXHIGHTDAL,KXHIGHTDAL-26FEB11,KXHIGHTDAL-26FEB11-B65.5,between,65.5,65.0,66.0,0.01,0.0,0.01,0.99,1.0,12574.0,0.0,no,0.0,67.0,finalized,KXHIGHTDAL,66.09405839443207,1.4002709,0.25591513277178735,0.01,0.24591513277178734,0.0,YES,1.0,0.0,6.930000000000001,-1.0,-7.930000000000001,17.325000000000003,-19.825000000000003
2026-02-12,KXHIGHTDAL,KXHIGHTDAL-26FEB12,KXHIGHTDAL-26FEB12-B75.5,between,75.5,75.0,76.0,0.99,0.0,1.0,0.0,1.0,9921.0,0.0,yes,1.0,75.0,finalized,KXHIGHTDAL,75.53746457099915,1.1397442,0.33894569656804596,0.99,-0.651054303431954,1.0,NO,1.0000000000000009,0.0,6.930000000000001,-1.0000000000000009,-7.9300000000000015,17.325000000000003,-19.825000000000003
2026-02-13,KXHIGHTDAL,KXHIGHTDAL-26FEB13,KXHIGHTDAL-26FEB13-T77,less,77.0,,77.0,0.01,0.0,1.0,0.0,1.0,6775.0,0.0,no,0.0,78.0,finalized,KXHIGHTDAL,78.03891904354094,1.2958993,0.2113640175550251,0.01,0.2013640175550251,0.0,YES,1.0,0.0,6.930000000000001,-1.0,-7.930000000000001,17.325000000000003,-19.825000000000003
2026-02-13,KXHIGHTDAL,KXHIGHTDAL-26FEB13,KXHIGHTDAL-26FEB13-B79.5,between,79.5,79.0,80.0,0.01,0.0,1.0,0.0,1.0,19313.0,0.0,no,0.0,78.0,finalized,KXHIGHTDAL,78.03891904354094,1.2958993,0.16405295695534816,0.01,0.15405295695534815,0.0,YES,1.0,0.0,6.930000000000001,-1.0,-7.930000000000001,17.325000000000003,-19.825000000000003
2026-02-13,KXHIGHTDAL,KXHIGHTDAL-26FEB13,KXHIGHTDAL-26FEB13-B77.5,between,77.5,77.0,78.0,0.99,0.0,1.0,0.0,1.0,6986.0,0.0,yes,1.0,78.0,finalized,KXHIGHTDAL,78.03891904354094,1.2958993,0.2766565650455058,0.99,-0.7133434349544943,1.0,NO,1.0000000000000009,0.0,6.930000000000001,-1.0000000000000009,-7.9300000000000015,17.325000000000003,-19.825000000000003
2026-02-14,KXHIGHTDAL,KXHIGHTDAL-26FEB14,KXHIGHTDAL-26FEB14-B69.5,between,69.5,69.0,70.0,0.99,0.0,1.0,0.0,1.0,7734.0,0.0,yes,1.0,69.0,finalized,KXHIGHTDAL,69.33093644777934,1.6908606,0.23142025510525838,0.99,-0.7585797448947416,1.0,NO,1.0000000000000009,0.0,6.930000000000001,-1.0000000000000009,-7.9300000000000015,17.325000000000003,-19.825000000000003
2026-02-14,KXHIGHTDAL,KXHIGHTDAL-26FEB14,KXHIGHTDAL-26FEB14-B67.5,between,67.5,67.0,68.0,0.01,0.0,1.0,0.0,1.0,74329.0,0.0,no,0.0,69.0,finalized,KXHIGHTDAL,69.33093644777934,1.6908606,0.13158454861977564,0.01,0.12158454861977565,0.0,YES,1.0,0.0,6.930000000000001,-1.0,-7.930000000000001,17.325000000000003,-19.825000000000003
2026-02-15,KXHIGHTDAL,KXHIGHTDAL-26FEB15,KXHIGHTDAL-26FEB15-B70.5,between,70.5,70.0,71.0,0.99,0.0,1.0,0.0,1.0,6499.0,0.0,yes,1.0,70.0,finalized,KXHIGHTDAL,69.52728055318197,1.1135633,0.24260065502102646,0.99,-0.7473993449789735,1.0,NO,1.0000000000000009,0.0,6.930000000000001,-1.0000000000000009,-7.9300000000000015,17.325000000000003,-19.825000000000003
2026-02-15,KXHIGHTDAL,KXHIGHTDAL-26FEB15,KXHIGHTDAL-26FEB15-B68.5,between,68.5,68.0,69.0,0.01,0.0,1.0,0.0,1.0,14568.0,0.0,no,0.0,70.0,finalized,KXHIGHTDAL,69.52728055318197,1.1135633,0.23281999532354092,0.01,0.2228199953235409,0.0,YES,1.0,0.0,6.930000000000001,-1.0,-7.930000000000001,17.325000000000003,-19.825000000000003
2026-02-16,KXHIGHTDAL,KXHIGHTDAL-26FEB16,KXHIGHTDAL-26FEB16-T71,less,71.0,,71.0,0.01,0.0,1.0,0.0,1.0,7342.0,0.0,no,0.0,73.0,finalized,KXHIGHTDAL,71.84662230809529,1.2037511,0.24092815057294636,0.01,0.23092815057294636,0.0,YES,1.0,0.0,6.930000000000001,-1.0,-7.930000000000001,17.325000000000003,-19.825000000000003
2026-02-16,KXHIGHTDAL,KXHIGHTDAL-26FEB16,KXHIGHTDAL-26FEB16-B73.5,between,73.5,73.0,74.0,0.99,0.0,1.0,0.0,1.0,8378.0,0.0,yes,1.0,73.0,finalized,KXHIGHTDAL,71.84662230809529,1.2037511,0.13217650573133988,0.99,-0.8578234942686601,1.0,NO,1.0000000000000009,0.0,6.930000000000001,-1.0000000000000009,-7.9300000000000015,17.325000000000003,-19.825000000000003
2026-02-16,KXHIGHTDAL,KXHIGHTDAL-26FEB16,KXHIGHTDAL-26FEB16-B71.5,between,71.5,71.0,72.0,0.01,0.0,1.0,0.0,1.0,11354.0,0.0,no,0.0,73.0,finalized,KXHIGHTDAL,71.84662230809529,1.2037511,0.3097664514139786,0.01,0.2997664514139786,0.0,YES,1.0,0.0,6.930000000000001,-1.0,-7.930000000000001,17.325000000000003,-19.825000000000003
2026-02-17,KXHIGHTDAL,KXHIGHTDAL-26FEB17,KXHIGHTDAL-26FEB17-B78.5,between,78.5,78.0,79.0,0.99,0.0,1.0,0.0,1.0,8653.0,0.0,yes,1.0,78.0,finalized,KXHIGHTDAL,78.01904443105062,1.1317163,0.3136833583910254,0.99,-0.6763166416089745,1.0,NO,1.0000000000000009,0.0,6.930000000000001,-1.0000000000000009,-7.9300000000000015,17.325000000000003,-19.825000000000003
2026-02-17,KXHIGHTDAL,KXHIGHTDAL-26FEB17,KXHIGHTDAL-26FEB17-B76.5,between,76.5,76.0,77.0,0.01,0.0,1.0,0.0,1.0,13802.0,0.0,no,0.0,78.0,finalized,KXHIGHTDAL,78.01904443105062,1.1317163,0.14673530036534657,0.01,0.13673530036534656,0.0,YES,1.0,0.0,6.930000000000001,-1.0,-7.930000000000001,17.325000000000003,-19.825000000000003
2026-02-18,KXHIGHTDAL,KXHIGHTDAL-26FEB18,KXHIGHTDAL-26FEB18-B79.5,between,79.5,79.0,80.0,0.01,0.0,1.0,0.0,1.0,11583.0,0.0,no,0.0,78.0,finalized,KXHIGHTDAL,78.85341409047444,1.1917067,0.28306134075507017,0.01,0.27306134075507016,0.0,YES,1.0,0.0,6.930000000000001,-1.0,-7.930000000000001,17.325000000000003,-19.825000000000003
2026-02-18,KXHIGHTDAL,KXHIGHTDAL-26FEB18,KXHIGHTDAL-26FEB18-B77.5,between,77.5,77.0,78.0,0.99,0.0,1.0,0.0,1.0,8847.0,0.0,yes,1.0,78.0,finalized,KXHIGHTDAL,78.85341409047444,1.1917067,0.17701422494481617,0.99,-0.8129857750551839,1.0,NO,1.0000000000000009,0.0,6.930000000000001,-1.0000000000000009,-7.9300000000000015,17.325000000000003,-19.825000000000003
2026-02-19,KXHIGHTDAL,KXHIGHTDAL-26FEB19,KXHIGHTDAL-26FEB19-B79.5,between,79.5,79.0,80.0,0.01,0.0,1.0,0.0,1.0,3945.0,0.0,no,0.0,77.0,finalized,KXHIGHTDAL,78.54008576075236,1.168401,0.24118663696040965,0.01,0.23118663696040964,0.0,YES,1.0,0.0,6.930000000000001,-1.0,-7.930000000000001,17.325000000000003,-19.825000000000003
2026-02-19,KXHIGHTDAL,KXHIGHTDAL-26FEB19,KXHIGHTDAL-26FEB19-B77.5,between,77.5,77.0,78.0,0.99,0.0,1.0,0.0,1.0,8047.0,0.0,yes,1.0,77.0,finalized,KXHIGHTDAL,78.54008576075236,1.168401,0.22822062001951066,0.99,-0.7617793799804893,1.0,NO,1.0000000000000009,0.0,6.930000000000001,-1.0000000000000009,-7.9300000000000015,17.325000000000003,-19.825000000000003
2026-02-21,KXHIGHTDAL,KXHIGHTDAL-26FEB21,KXHIGHTDAL-26FEB21-B62.5,between,62.5,62.0,63.0,0.99,0.0,1.0,0.0,1.0,7087.0,0.0,yes,1.0,62.0,finalized,KXHIGHTDAL,62.12641559441884,1.0306717,0.3504754105956639,0.99,-0.6395245894043361,1.0,NO,1.0000000000000009,0.0,6.930000000000001,-1.0000000000000009,-7.9300000000000015,17.325000000000003,-19.825000000000003
2026-02-21,KXHIGHTDAL,KXHIGHTDAL-26FEB21,KXHIGHTDAL-26FEB21-B60.5,between,60.5,60.0,61.0,0.01,0.0,1.0,0.0,1.0,14808.0,0.0,no,0.0,62.0,finalized,KXHIGHTDAL,62.12641559441884,1.0306717,0.1176701614391065,0.01,0.1076701614391065,0.0,YES,1.0,0.0,6.930000000000001,-1.0,-7.930000000000001,17.325000000000003,-19.825000000000003
2026-02-22,KXHIGHTDAL,KXHIGHTDAL-26FEB22,KXHIGHTDAL-26FEB22-T57,less,57.0,,57.0,0.01,0.0,1.0,0.0,1.0,6993.0,0.0,no,0.0,57.0,finalized,KXHIGHTDAL,57.13577377796174,1.0165035,0.4468715328841607,0.01,0.4368715328841607,0.0,YES,1.0,0.0,6.930000000000001,-1.0,-7.930000000000001,17.325000000000003,-19.825000000000003
2026-02-22,KXHIGHTDAL,KXHIGHTDAL-26FEB22,KXHIGHTDAL-26FEB22-B57.5,between,57.5,57.0,58.0,0.99,0.0,1.0,0.0,1.0,10111.0,0.0,yes,1.0,57.0,finalized,KXHIGHTDAL,57.13577377796174,1.0165035,0.35552014531004106,0.99,-0.6344798546899589,1.0,NO,1.0000000000000009,0.0,6.930000000000001,-1.0000000000000009,-7.9300000000000015,17.325000000000003,-19.825000000000003
2026-02-23,KXHIGHTDAL,KXHIGHTDAL-26FEB23,KXHIGHTDAL-26FEB23-B61.5,between,61.5,61.0,62.0,0.05,0.0,1.0,0.0,1.0,11365.0,0.0,no,0.0,60.0,finalized,KXHIGHTDAL,60.229449574152625,0.99043745,0.1813707950635215,0.05,0.1313707950635215,0.0,YES,5.0,0.0,6.65,-5.0,-11.65,16.625,-29.125
2026-02-23,KXHIGHTDAL,KXHIGHTDAL-26FEB23,KXHIGHTDAL-26FEB23-B59.5,between,59.5,59.0,60.0,0.97,0.0,1.0,0.0,1.0,46334.0,0.0,yes,1.0,60.0,finalized,KXHIGHTDAL,60.229449574152625,0.99043745,0.3011553307533913,0.97,-0.6688446692466087,1.0,NO,3.0000000000000027,0.0,6.790000000000001,-3.0000000000000027,-9.790000000000003,16.975,-24.475000000000005
2026-02-24,KXHIGHTDAL,KXHIGHTDAL-26FEB24,KXHIGHTDAL-26FEB24-T72,less,72.0,,72.0,0.01,0.0,1.0,0.0,1.0,11699.0,0.0,no,0.0,73.0,finalized,KXHIGHTDAL,72.57653316656747,1.0069205,0.28346769624798374,0.01,0.2734676962479837,0.0,YES,1.0,0.0,6.930000000000001,-1.0,-7.930000000000001,17.325000000000003,-19.825000000000003
2026-02-24,KXHIGHTDAL,KXHIGHTDAL-26FEB24,KXHIGHTDAL-26FEB24-B72.5,between,72.5,72.0,73.0,0.99,0.0,1.0,0.0,1.0,13359.0,0.0,yes,1.0,73.0,finalized,KXHIGHTDAL,72.57653316656747,1.0069205,0.37949278203501613,0.99,-0.6105072179649839,1.0,NO,1.0000000000000009,0.0,6.930000000000001,-1.0000000000000009,-7.9300000000000015,17.325000000000003,-19.825000000000003
2026-02-25,KXHIGHTDAL,KXHIGHTDAL-26FEB25,KXHIGHTDAL-26FEB25-B82.5,between,82.5,82.0,83.0,0.99,0.0,1.0,0.0,1.0,13539.0,0.0,yes,1.0,82.0,finalized,KXHIGHTDAL,81.72361680666606,1.0972234,0.2782047739085306,0.99,-0.7117952260914694,1.0,NO,1.0000000000000009,0.0,6.930000000000001,-1.0000000000000009,-7.9300000000000015,17.325000000000003,-19.825000000000003
2026-02-25,KXHIGHTDAL,KXHIGHTDAL-26FEB25,KXHIGHTDAL-26FEB25-B80.5,between,80.5,80.0,81.0,0.01,0.0,1.0,0.0,1.0,14343.0,0.0,no,0.0,82.0,finalized,KXHIGHTDAL,81.72361680666606,1.0972234,0.1966838160124418,0.01,0.1866838160124418,0.0,YES,1.0,0.0,6.930000000000001,-1.0,-7.930000000000001,17.325000000000003,-19.825000000000003
2026-02-26,KXHIGHTDAL,KXHIGHTDAL-26FEB26,KXHIGHTDAL-26FEB26-B81.5,between,81.5,81.0,82.0,0.99,0.0,1.0,0.0,1.0,18355.0,0.0,yes,1.0,82.0,finalized,KXHIGHTDAL,81.25970922311147,1.3254085,0.28943541495908043,0.99,-0.7005645850409196,1.0,NO,1.0000000000000009,0.0,6.930000000000001,-1.0000000000000009,-7.9300000000000015,17.325000000000003,-19.825000000000003
2026-02-26,KXHIGHTDAL,KXHIGHTDAL-26FEB26,KXHIGHTDAL-26FEB26-B79.5,between,79.5,79.0,80.0,0.01,0.0,1.0,0.0,1.0,26177.0,0.0,no,0.0,82.0,finalized,KXHIGHTDAL,81.25970922311147,1.3254085,0.12684155470463102,0.01,0.11684155470463102,0.0,YES,1.0,0.0,6.930000000000001,-1.0,-7.930000000000001,17.325000000000003,-19.825000000000003
2026-02-27,KXHIGHTDAL,KXHIGHTDAL-26FEB27,KXHIGHTDAL-26FEB27-B82.5,between,82.5,82.0,83.0,0.01,0.0,1.0,0.0,1.0,7222.0,0.0,no,0.0,81.0,finalized,KXHIGHTDAL,81.9554914077123,1.3196924,0.27221531849007374,0.01,0.26221531849007373,0.0,YES,1.0,0.0,6.930000000000001,-1.0,-7.930000000000001,17.325000000000003,-19.825000000000003
2026-02-27,KXHIGHTDAL,KXHIGHTDAL-26FEB27,KXHIGHTDAL-26FEB27-B80.5,between,80.5,80.0,81.0,0.99,0.0,1.0,0.0,1.0,11774.0,0.0,yes,1.0,81.0,finalized,KXHIGHTDAL,81.9554914077123,1.3196924,0.1653252701148178,0.99,-0.8246747298851822,1.0,NO,1.0000000000000009,0.0,6.930000000000001,-1.0000000000000009,-7.9300000000000015,17.325000000000003,-19.825000000000003
2026-02-28,KXHIGHTDAL,KXHIGHTDAL-26FEB28,KXHIGHTDAL-26FEB28-B84.5,between,84.5,84.0,85.0,0.99,0.0,1.0,0.0,1.0,11604.0,0.0,yes,1.0,84.0,finalized,KXHIGHTDAL,84.6701043844223,1.0588896,0.35888811874264764,0.99,-0.6311118812573524,1.0,NO,1.0000000000000009,0.0,6.930000000000001,-1.0000000000000009,-7.9300000000000015,17.325000000000003,-19.825000000000003
2026-03-01,KXHIGHTDAL,KXHIGHTDAL-26MAR01,KXHIGHTDAL-26MAR01-B82.5,between,82.5,82.0,83.0,0.01,0.0,1.0,0.0,1.0,15090.0,0.0,no,0.0,81.0,finalized,KXHIGHTDAL,81.970876344045,1.0967618,0.31537001713198776,0.01,0.30537001713198775,0.0,YES,1.0,0.0,6.930000000000001,-1.0,-7.930000000000001,17.325000000000003,-19.825000000000003
2026-03-01,KXHIGHTDAL,KXHIGHTDAL-26MAR01,KXHIGHTDAL-26MAR01-B80.5,between,80.5,80.0,81.0,0.99,0.0,1.0,0.0,1.0,17736.0,0.0,yes,1.0,81.0,finalized,KXHIGHTDAL,81.970876344045,1.0967618,0.1518506399022941,0.99,-0.8381493600977059,1.0,NO,1.0000000000000009,0.0,6.930000000000001,-1.0000000000000009,-7.9300000000000015,17.325000000000003,-19.825000000000003
2026-03-02,KXHIGHTDAL,KXHIGHTDAL-26MAR02,KXHIGHTDAL-26MAR02-B82.5,between,82.5,82.0,83.0,0.01,0.0,1.0,0.0,1.0,5132.0,0.0,no,0.0,81.0,finalized,KXHIGHTDAL,82.75858538945515,1.0551457,0.35439754663381295,0.01,0.34439754663381295,0.0,YES,1.0,0.0,6.930000000000001,-1.0,-7.930000000000001,17.325000000000003,-19.825000000000003
2026-03-02,KXHIGHTDAL,KXHIGHTDAL-26MAR02,KXHIGHTDAL-26MAR02-B80.5,between,80.5,80.0,81.0,0.99,0.0,1.0,0.0,1.0,12854.0,0.0,yes,1.0,81.0,finalized,KXHIGHTDAL,82.75858538945515,1.0551457,0.04332042634927404,0.99,-0.946679573650726,1.0,NO,1.0000000000000009,0.0,6.930000000000001,-1.0000000000000009,-7.9300000000000015,17.325000000000003,-19.825000000000003
2026-03-03,KXHIGHTDAL,KXHIGHTDAL-26MAR03,KXHIGHTDAL-26MAR03-B86.5,between,86.5,86.0,87.0,0.01,0.0,1.0,0.0,1.0,10410.0,0.0,no,0.0,84.0,finalized,KXHIGHTDAL,85.61780245304108,1.1313567,0.2568411818452274,0.01,0.2468411818452274,0.0,YES,1.0,0.0,6.930000000000001,-1.0,-7.930000000000001,17.325000000000003,-19.825000000000003
2026-03-03,KXHIGHTDAL,KXHIGHTDAL-26MAR03,KXHIGHTDAL-26MAR03-B84.5,between,84.5,84.0,85.0,0.98,0.0,1.0,0.0,1.0,24661.0,0.0,yes,1.0,84.0,finalized,KXHIGHTDAL,85.61780245304108,1.1313567,0.21614486816557935,0.98,-0.7638551318344207,1.0,NO,2.0000000000000018,0.0,6.86,-2.0000000000000018,-8.860000000000003,17.15,-22.15000000000001
2026-03-04,KXHIGHTDAL,KXHIGHTDAL-26MAR04,KXHIGHTDAL-26MAR04-T81,greater,81.0,81.0,,0.01,0.0,1.0,0.0,1.0,14353.0,0.0,no,0.0,81.0,finalized,KXHIGHTDAL,80.74657368659975,1.4341729,0.4298698384602449,0.01,0.4198698384602449,0.0,YES,1.0,0.0,6.930000000000001,-1.0,-7.930000000000001,17.325000000000003,-19.825000000000003
2026-03-04,KXHIGHTDAL,KXHIGHTDAL-26MAR04,KXHIGHTDAL-26MAR04-B80.5,between,80.5,80.0,81.0,0.99,0.0,1.0,0.0,1.0,9142.0,0.0,yes,1.0,81.0,finalized,KXHIGHTDAL,80.74657368659975,1.4341729,0.2687936612331446,0.99,-0.7212063387668555,1.0,NO,1.0000000000000009,0.0,6.930000000000001,-1.0000000000000009,-7.9300000000000015,17.325000000000003,-19.825000000000003
2026-03-05,KXHIGHTDAL,KXHIGHTDAL-26MAR05,KXHIGHTDAL-26MAR05-B81.5,between,81.5,81.0,82.0,0.99,0.0,1.0,0.0,1.0,16844.0,0.0,yes,1.0,82.0,finalized,KXHIGHTDAL,80.228158112367,1.4513036,0.1863539664852989,0.99,-0.8036460335147011,1.0,NO,1.0000000000000009,0.0,6.930000000000001,-1.0000000000000009,-7.9300000000000015,17.325000000000003,-19.825000000000003
2026-03-05,KXHIGHTDAL,KXHIGHTDAL-26MAR05,KXHIGHTDAL-26MAR05-B79.5,between,79.5,79.0,80.0,0.01,0.0,1.0,0.0,1.0,18902.0,0.0,no,0.0,82.0,finalized,KXHIGHTDAL,80.228158112367,1.4513036,0.23883193408984005,0.01,0.22883193408984004,0.0,YES,1.0,0.0,6.930000000000001,-1.0,-7.930000000000001,17.325000000000003,-19.825000000000003
2026-03-06,KXHIGHTDAL,KXHIGHTDAL-26MAR06,KXHIGHTDAL-26MAR06-T83,greater,83.0,83.0,,0.01,0.0,1.0,0.0,1.0,8445.0,0.0,no,0.0,82.0,finalized,KXHIGHTDAL,82.42925269603728,1.2460812,0.3234640843729565,0.01,0.3134640843729565,0.0,YES,1.0,0.0,6.930000000000001,-1.0,-7.930000000000001,17.325000000000003,-19.825000000000003
2026-03-06,KXHIGHTDAL,KXHIGHTDAL-26MAR06,KXHIGHTDAL-26MAR06-B82.5,between,82.5,82.0,83.0,0.99,0.0,1.0,0.0,1.0,8798.0,0.0,yes,1.0,82.0,finalized,KXHIGHTDAL,82.42925269603728,1.2460812,0.31129404280934536,0.99,-0.6787059571906546,1.0,NO,1.0000000000000009,0.0,6.930000000000001,-1.0000000000000009,-7.9300000000000015,17.325000000000003,-19.825000000000003
2026-03-07,KXHIGHTDAL,KXHIGHTDAL-26MAR07,KXHIGHTDAL-26MAR07-T74,greater,74.0,74.0,,0.99,0.0,1.0,0.0,1.0,49896.0,0.0,yes,1.0,75.0,finalized,KXHIGHTDAL,74.12720522880555,1.8604525,0.5272557514316368,0.99,-0.46274424856836316,1.0,NO,1.0000000000000009,0.0,6.930000000000001,-1.0000000000000009,-7.9300000000000015,17.325000000000003,-19.825000000000003
2026-03-07,KXHIGHTDAL,KXHIGHTDAL-26MAR07,KXHIGHTDAL-26MAR07-B73.5,between,73.5,73.0,74.0,0.01,0.0,1.0,0.0,1.0,22092.0,0.0,no,0.0,75.0,finalized,KXHIGHTDAL,74.12720522880555,1.8604525,0.20044600142394098,0.01,0.19044600142394097,0.0,YES,1.0,0.0,6.930000000000001,-1.0,-7.930000000000001,17.325000000000003,-19.825000000000003
2026-03-08,KXHIGHTDAL,KXHIGHTDAL-26MAR08,KXHIGHTDAL-26MAR08-B74.5,between,74.5,74.0,75.0,0.99,0.0,1.0,0.0,1.0,28692.0,0.0,yes,1.0,74.0,finalized,KXHIGHTDAL,72.61568559805552,1.2261639,0.10353746042124945,0.99,-0.8864625395787505,1.0,NO,1.0000000000000009,0.0,6.930000000000001,-1.0000000000000009,-7.9300000000000015,17.325000000000003,-19.825000000000003
2026-03-08,KXHIGHTDAL,KXHIGHTDAL-26MAR08,KXHIGHTDAL-26MAR08-B72.5,between,72.5,72.0,73.0,0.01,0.0,1.0,0.0,1.0,52920.0,0.0,no,0.0,74.0,finalized,KXHIGHTDAL,72.61568559805552,1.2261639,0.31523198829178456,0.01,0.30523198829178455,0.0,YES,1.0,0.0,6.930000000000001,-1.0,-7.930000000000001,17.325000000000003,-19.825000000000003
2026-03-09,KXHIGHTDAL,KXHIGHTDAL-26MAR09,KXHIGHTDAL-26MAR09-B85.5,between,85.5,85.0,86.0,0.99,0.0,1.0,0.0,1.0,8969.0,0.0,yes,1.0,85.0,finalized,KXHIGHTDAL,82.73148030440012,1.1528873,0.022261357048964592,0.99,-0.9677386429510354,1.0,NO,1.0000000000000009,0.0,6.930000000000001,-1.0000000000000009,-7.9300000000000015,17.325000000000003,-19.825000000000003
2026-03-09,KXHIGHTDAL,KXHIGHTDAL-26MAR09,KXHIGHTDAL-26MAR09-B83.5,between,83.5,83.0,84.0,0.01,0.0,1.0,0.0,1.0,22261.0,0.0,no,0.0,85.0,finalized,KXHIGHTDAL,82.73148030440012,1.1528873,0.2723142683906489,0.01,0.26231426839064886,0.0,YES,1.0,0.0,6.930000000000001,-1.0,-7.930000000000001,17.325000000000003,-19.825000000000003
2026-03-09,KXHIGHTDAL,KXHIGHTDAL-26MAR09,KXHIGHTDAL-26MAR09-B81.5,between,81.5,81.0,82.0,0.01,0.0,1.0,0.0,1.0,16876.0,0.0,no,0.0,85.0,finalized,KXHIGHTDAL,82.73148030440012,1.1528873,0.19631875896426004,0.01,0.18631875896426003,0.0,YES,1.0,0.0,6.930000000000001,-1.0,-7.930000000000001,17.325000000000003,-19.825000000000003
2026-03-10,KXHIGHTDAL,KXHIGHTDAL-26MAR10,KXHIGHTDAL-26MAR10-B83.5,between,83.5,83.0,84.0,0.01,0.0,1.0,0.0,1.0,10957.0,0.0,no,0.0,82.0,finalized,KXHIGHTDAL,81.50728623867035,1.5996913,0.11579003819822631,0.01,0.10579003819822631,0.0,YES,1.0,0.0,6.930000000000001,-1.0,-7.930000000000001,17.325000000000003,-19.825000000000003
2026-03-10,KXHIGHTDAL,KXHIGHTDAL-26MAR10,KXHIGHTDAL-26MAR10-B81.5,between,81.5,81.0,82.0,0.99,0.0,1.0,0.0,1.0,13251.0,0.0,yes,1.0,82.0,finalized,KXHIGHTDAL,81.50728623867035,1.5996913,0.2453828002727101,0.99,-0.7446171997272899,1.0,NO,1.0000000000000009,0.0,6.930000000000001,-1.0000000000000009,-7.9300000000000015,17.325000000000003,-19.825000000000003
2026-03-10,KXHIGHTDAL,KXHIGHTDAL-26MAR10,KXHIGHTDAL-26MAR10-B79.5,between,79.5,79.0,80.0,0.01,0.0,1.0,0.0,1.0,19601.0,0.0,no,0.0,82.0,finalized,KXHIGHTDAL,81.50728623867035,1.5996913,0.11452027499476888,0.01,0.10452027499476889,0.0,YES,1.0,0.0,6.930000000000001,-1.0,-7.930000000000001,17.325000000000003,-19.825000000000003
2026-03-11,KXHIGHTDAL,KXHIGHTDAL-26MAR11,KXHIGHTDAL-26MAR11-B77.5,between,77.5,77.0,78.0,0.99,0.0,1.0,0.0,1.0,22862.0,0.0,yes,1.0,78.0,finalized,KXHIGHTDAL,75.95440011819204,1.6028507,0.15615387989756746,0.99,-0.8338461201024325,1.0,NO,1.0000000000000009,0.0,6.930000000000001,-1.0000000000000009,-7.9300000000000015,17.325000000000003,-19.825000000000003
2026-03-11,KXHIGHTDAL,KXHIGHTDAL-26MAR11,KXHIGHTDAL-26MAR11-B75.5,between,75.5,75.0,76.0,0.01,0.0,1.0,0.0,1.0,21749.0,0.0,no,0.0,78.0,finalized,KXHIGHTDAL,75.95440011819204,1.6028507,0.23557310769124518,0.01,0.22557310769124517,0.0,YES,1.0,0.0,6.930000000000001,-1.0,-7.930000000000001,17.325000000000003,-19.825000000000003
2026-03-12,KXHIGHTDAL,KXHIGHTDAL-26MAR12,KXHIGHTDAL-26MAR12-T63,less,63.0,,63.0,0.01,0.0,1.0,0.0,1.0,12177.0,0.0,no,0.0,63.0,finalized,KXHIGHTDAL,63.70683236122131,1.225991,0.2821252572706492,0.01,0.2721252572706492,0.0,YES,1.0,0.0,6.930000000000001,-1.0,-7.930000000000001,17.325000000000003,-19.825000000000003
2026-03-12,KXHIGHTDAL,KXHIGHTDAL-26MAR12,KXHIGHTDAL-26MAR12-B65.5,between,65.5,65.0,66.0,0.01,0.0,1.0,0.0,1.0,6710.0,0.0,no,0.0,63.0,finalized,KXHIGHTDAL,63.70683236122131,1.225991,0.11504987953310974,0.01,0.10504987953310975,0.0,YES,1.0,0.0,6.930000000000001,-1.0,-7.930000000000001,17.325000000000003,-19.825000000000003
2026-03-12,KXHIGHTDAL,KXHIGHTDAL-26MAR12,KXHIGHTDAL-26MAR12-B63.5,between,63.5,63.0,64.0,0.99,0.0,1.0,0.0,1.0,9849.0,0.0,yes,1.0,63.0,finalized,KXHIGHTDAL,63.70683236122131,1.225991,0.31237121702633275,0.99,-0.6776287829736672,1.0,NO,1.0000000000000009,0.0,6.930000000000001,-1.0000000000000009,-7.9300000000000015,17.325000000000003,-19.825000000000003
2026-03-13,KXHIGHTDAL,KXHIGHTDAL-26MAR13,KXHIGHTDAL-26MAR13-B77.5,between,77.5,77.0,78.0,0.99,0.0,1.0,0.0,1.0,10598.0,0.0,yes,1.0,78.0,finalized,KXHIGHTDAL,77.72666979630789,1.0669075,0.35319325181815303,0.99,-0.6368067481818469,1.0,NO,1.0000000000000009,0.0,6.930000000000001,-1.0000000000000009,-7.9300000000000015,17.325000000000003,-19.825000000000003
2026-03-14,KXHIGHTDAL,KXHIGHTDAL-26MAR14,KXHIGHTDAL-26MAR14-T80,less,80.0,,80.0,0.01,0.0,1.0,0.0,1.0,11586.0,0.0,no,0.0,81.0,finalized,KXHIGHTDAL,81.21429360707602,1.0977899,0.1343360574768096,0.01,0.1243360574768096,0.0,YES,1.0,0.0,6.930000000000001,-1.0,-7.930000000000001,17.325000000000003,-19.825000000000003
2026-03-14,KXHIGHTDAL,KXHIGHTDAL-26MAR14,KXHIGHTDAL-26MAR14-B82.5,between,82.5,82.0,83.0,0.01,0.0,1.0,0.0,1.0,5938.0,0.0,no,0.0,81.0,finalized,KXHIGHTDAL,81.21429360707602,1.0977899,0.18517615788286235,0.01,0.17517615788286234,0.0,YES,1.0,0.0,6.930000000000001,-1.0,-7.930000000000001,17.325000000000003,-19.825000000000003
2026-03-14,KXHIGHTDAL,KXHIGHTDAL-26MAR14,KXHIGHTDAL-26MAR14-B80.5,between,80.5,80.0,81.0,0.99,0.0,1.0,0.0,1.0,11988.0,0.0,yes,1.0,81.0,finalized,KXHIGHTDAL,81.21429360707602,1.0977899,0.2882803415476829,0.99,-0.7017196584523171,1.0,NO,1.0000000000000009,0.0,6.930000000000001,-1.0000000000000009,-7.9300000000000015,17.325000000000003,-19.825000000000003
2026-03-15,KXHIGHTDAL,KXHIGHTDAL-26MAR15,KXHIGHTDAL-26MAR15-T85,greater,85.0,85.0,,0.99,0.0,1.0,0.0,1.0,13367.0,0.0,yes,1.0,87.0,finalized,KXHIGHTDAL,86.18559640248617,1.0989559,0.8596702371854869,0.99,-0.13032976281451314,1.0,NO,1.0000000000000009,0.0,6.930000000000001,-1.0000000000000009,-7.9300000000000015,17.325000000000003,-19.825000000000003
2026-03-15,KXHIGHTDAL,KXHIGHTDAL-26MAR15,KXHIGHTDAL-26MAR15-B84.5,between,84.5,84.0,85.0,0.01,0.0,1.0,0.0,1.0,15247.0,0.0,no,0.0,87.0,finalized,KXHIGHTDAL,86.18559640248617,1.0989559,0.11696776817794427,0.01,0.10696776817794428,0.0,YES,1.0,0.0,6.930000000000001,-1.0,-7.930000000000001,17.325000000000003,-19.825000000000003
2026-03-17,KXHIGHTDAL,KXHIGHTDAL-26MAR17,KXHIGHTDAL-26MAR17-T63,less,63.0,,63.0,0.01,0.0,1.0,0.0,1.0,12613.0,0.0,no,0.0,64.0,finalized,KXHIGHTDAL,63.56731652418771,1.0356698,0.29192237530071596,0.01,0.28192237530071595,0.0,YES,1.0,0.0,6.930000000000001,-1.0,-7.930000000000001,17.325000000000003,-19.825000000000003
2026-03-17,KXHIGHTDAL,KXHIGHTDAL-26MAR17,KXHIGHTDAL-26MAR17-B63.5,between,63.5,63.0,64.0,0.99,0.0,1.0,0.0,1.0,14578.0,0.0,yes,1.0,64.0,finalized,KXHIGHTDAL,63.56731652418771,1.0356698,0.3700241121227722,0.99,-0.6199758878772278,1.0,NO,1.0000000000000009,0.0,6.930000000000001,-1.0000000000000009,-7.9300000000000015,17.325000000000003,-19.825000000000003
2026-03-18,KXHIGHTDAL,KXHIGHTDAL-26MAR18,KXHIGHTDAL-26MAR18-T75,less,75.0,,75.0,0.99,0.0,1.0,0.0,1.0,13001.0,0.0,yes,1.0,74.0,finalized,KXHIGHTDAL,75.6106113354365,1.1995491,0.3053641758362289,0.99,-0.6846358241637711,1.0,NO,1.0000000000000009,0.0,6.930000000000001,-1.0000000000000009,-7.9300000000000015,17.325000000000003,-19.825000000000003
2026-03-18,KXHIGHTDAL,KXHIGHTDAL-26MAR18,KXHIGHTDAL-26MAR18-B75.5,between,75.5,75.0,76.0,0.01,0.0,1.0,0.0,1.0,15981.0,0.0,no,0.0,74.0,finalized,KXHIGHTDAL,75.6106113354365,1.1995491,0.3218986537621069,0.01,0.3118986537621069,0.0,YES,1.0,0.0,6.930000000000001,-1.0,-7.930000000000001,17.325000000000003,-19.825000000000003
2026-03-21,KXHIGHTDAL,KXHIGHTDAL-26MAR21,KXHIGHTDAL-26MAR21-B92.5,between,92.5,92.0,93.0,0.01,0.0,1.0,0.0,1.0,7664.0,5200.0,no,0.0,91.0,finalized,KXHIGHTDAL,91.03326285680136,1.0957967,0.15248539487640778,0.01,0.14248539487640777,0.0,YES,1.0,0.0,6.930000000000001,-1.0,-7.930000000000001,17.325000000000003,-19.825000000000003
2026-03-21,KXHIGHTDAL,KXHIGHTDAL-26MAR21,KXHIGHTDAL-26MAR21-T90,less,90.0,,90.0,0.01,0.0,1.0,0.0,1.0,6537.0,4786.0,no,0.0,91.0,finalized,KXHIGHTDAL,91.03326285680136,1.0957967,0.1728575910732384,0.01,0.16285759107323838,0.0,YES,1.0,0.0,6.930000000000001,-1.0,-7.930000000000001,17.325000000000003,-19.825000000000003
2026-03-21,KXHIGHTDAL,KXHIGHTDAL-26MAR21,KXHIGHTDAL-26MAR21-B90.5,between,90.5,90.0,91.0,0.99,0.0,1.0,0.0,1.0,14072.0,9489.0,yes,1.0,91.0,finalized,KXHIGHTDAL,91.03326285680136,1.0957967,0.3150343944565807,0.99,-0.6749656055434192,1.0,NO,1.0000000000000009,0.0,6.930000000000001,-1.0000000000000009,-7.9300000000000015,17.325000000000003,-19.825000000000003
2026-03-22,KXHIGHTDAL,KXHIGHTDAL-26MAR22,KXHIGHTDAL-26MAR22-B95.5,between,95.5,95.0,96.0,0.99,0.0,1.0,0.0,1.0,12273.0,10292.0,yes,1.0,95.0,finalized,KXHIGHTDAL,92.3831057747205,1.1027064,0.00829940320866085,0.99,-0.9817005967913391,1.0,NO,1.0000000000000009,0.0,6.930000000000001,-1.0000000000000009,-7.9300000000000015,17.325000000000003,-19.825000000000003
2026-03-22,KXHIGHTDAL,KXHIGHTDAL-26MAR22,KXHIGHTDAL-26MAR22-B91.5,between,91.5,91.0,92.0,0.01,0.0,1.0,0.0,1.0,18758.0,14993.0,no,0.0,95.0,finalized,KXHIGHTDAL,92.3831057747205,1.1027064,0.25926710466177677,0.01,0.24926710466177676,0.0,YES,1.0,0.0,6.930000000000001,-1.0,-7.930000000000001,17.325000000000003,-19.825000000000003
2026-03-22,KXHIGHTDAL,KXHIGHTDAL-26MAR22,KXHIGHTDAL-26MAR22-B93.5,between,93.5,93.0,94.0,0.01,0.0,1.0,0.0,1.0,21099.0,18208.0,no,0.0,95.0,finalized,KXHIGHTDAL,92.3831057747205,1.1027064,0.216648120641999,0.01,0.206648120641999,0.0,YES,1.0,0.0,6.930000000000001,-1.0,-7.930000000000001,17.325000000000003,-19.825000000000003
2026-03-23,KXHIGHTDAL,KXHIGHTDAL-26MAR23,KXHIGHTDAL-26MAR23-B79.5,between,79.5,79.0,80.0,0.99,0.0,1.0,0.0,1.0,16309.0,9753.0,yes,1.0,80.0,finalized,KXHIGHTDAL,79.60904575983682,1.2108887,0.3191102435357108,0.99,-0.6708897564642892,1.0,NO,1.0000000000000009,0.0,6.930000000000001,-1.0000000000000009,-7.9300000000000015,17.325000000000003,-19.825000000000003
2026-03-23,KXHIGHTDAL,KXHIGHTDAL-26MAR23,KXHIGHTDAL-26MAR23-T80,greater,80.0,80.0,,0.01,0.0,1.0,0.0,1.0,9602.0,6525.0,no,0.0,80.0,finalized,KXHIGHTDAL,79.60904575983682,1.2108887,0.3733985399069351,0.01,0.3633985399069351,0.0,YES,1.0,0.0,6.930000000000001,-1.0,-7.930000000000001,17.325000000000003,-19.825000000000003
2026-03-24,KXHIGHTDAL,KXHIGHTDAL-26MAR24,KXHIGHTDAL-26MAR24-T85,greater,85.0,85.0,,0.01,0.0,1.0,0.0,1.0,23843.0,14679.0,no,0.0,84.0,finalized,KXHIGHTDAL,84.01415321032205,1.2478575,0.2147546638048239,0.01,0.20475466380482388,0.0,YES,1.0,0.0,6.930000000000001,-1.0,-7.930000000000001,17.325000000000003,-19.825000000000003
2026-03-24,KXHIGHTDAL,KXHIGHTDAL-26MAR24,KXHIGHTDAL-26MAR24-B82.5,between,82.5,82.0,83.0,0.01,0.0,1.0,0.0,1.0,16890.0,13839.0,no,0.0,84.0,finalized,KXHIGHTDAL,84.01415321032205,1.2478575,0.15493652711283548,0.01,0.14493652711283547,0.0,YES,1.0,0.0,6.930000000000001,-1.0,-7.930000000000001,17.325000000000003,-19.825000000000003
2026-03-24,KXHIGHTDAL,KXHIGHTDAL-26MAR24,KXHIGHTDAL-26MAR24-B84.5,between,84.5,84.0,85.0,0.99,0.0,1.0,0.0,1.0,17224.0,9561.0,yes,1.0,84.0,finalized,KXHIGHTDAL,84.01415321032205,1.2478575,0.28977004607981527,0.99,-0.7002299539201847,1.0,NO,1.0000000000000009,0.0,6.930000000000001,-1.0000000000000009,-7.9300000000000015,17.325000000000003,-19.825000000000003
2026-03-25,KXHIGHTDAL,KXHIGHTDAL-26MAR25,KXHIGHTDAL-26MAR25-T86,less,86.0,,86.0,0.99,0.0,1.0,0.0,1.0,18621.0,10276.0,yes,1.0,85.0,finalized,KXHIGHTDAL,86.03984930515288,1.1286485,0.48591743129034387,0.99,-0.5040825687096562,1.0,NO,1.0000000000000009,0.0,6.930000000000001,-1.0000000000000009,-7.9300000000000015,17.325000000000003,-19.825000000000003
2026-03-25,KXHIGHTDAL,KXHIGHTDAL-26MAR25,KXHIGHTDAL-26MAR25-B86.5,between,86.5,86.0,87.0,0.01,0.0,1.0,0.0,1.0,19126.0,13339.0,no,0.0,85.0,finalized,KXHIGHTDAL,86.03984930515288,1.1286485,0.31661687076266193,0.01,0.3066168707626619,0.0,YES,1.0,0.0,6.930000000000001,-1.0,-7.930000000000001,17.325000000000003,-19.825000000000003
2026-03-26,KXHIGHTDAL,KXHIGHTDAL-26MAR26,KXHIGHTDAL-26MAR26-B86.5,between,86.5,86.0,87.0,0.99,0.0,1.0,0.0,1.0,26854.0,17960.0,yes,1.0,87.0,finalized,KXHIGHTDAL,86.26441473960877,1.1622528,0.32658251609265365,0.99,-0.6634174839073463,1.0,NO,1.0000000000000009,0.0,6.930000000000001,-1.0000000000000009,-7.9300000000000015,17.325000000000003,-19.825000000000003
2026-03-26,KXHIGHTDAL,KXHIGHTDAL-26MAR26,KXHIGHTDAL-26MAR26-T86,less,86.0,,86.0,0.01,0.0,1.0,0.0,1.0,9338.0,5609.0,no,0.0,87.0,finalized,KXHIGHTDAL,86.26441473960877,1.1622528,0.41001673829147367,0.01,0.40001673829147366,0.0,YES,1.0,0.0,6.930000000000001,-1.0,-7.930000000000001,17.325000000000003,-19.825000000000003
2026-03-27,KXHIGHTDAL,KXHIGHTDAL-26MAR27,KXHIGHTDAL-26MAR27-B74.5,between,74.5,74.0,75.0,0.99,0.0,1.0,0.0,1.0,29390.0,13507.0,yes,1.0,74.0,finalized,KXHIGHTDAL,75.63521193663279,1.4506128,0.2009151028220103,0.99,-0.7890848971779897,1.0,NO,1.0000000000000009,0.0,6.930000000000001,-1.0000000000000009,-7.9300000000000015,17.325000000000003,-19.825000000000003
2026-03-27,KXHIGHTDAL,KXHIGHTDAL-26MAR27,KXHIGHTDAL-26MAR27-B76.5,between,76.5,76.0,77.0,0.01,0.0,1.0,0.0,1.0,13891.0,7455.0,no,0.0,74.0,finalized,KXHIGHTDAL,75.63521193663279,1.4506128,0.2273301474201912,0.01,0.2173301474201912,0.0,YES,1.0,0.0,6.930000000000001,-1.0,-7.930000000000001,17.325000000000003,-19.825000000000003
2026-03-28,KXHIGHTDAL,KXHIGHTDAL-26MAR28,KXHIGHTDAL-26MAR28-B60.5,between,60.5,60.0,61.0,0.01,0.0,1.0,0.0,1.0,12145.0,9167.0,no,0.0,57.0,finalized,KXHIGHTDAL,59.52252500057221,1.446043,0.21717381514046652,0.01,0.2071738151404665,0.0,YES,1.0,0.0,6.930000000000001,-1.0,-7.930000000000001,17.325000000000003,-19.825000000000003
2026-03-28,KXHIGHTDAL,KXHIGHTDAL-26MAR28,KXHIGHTDAL-26MAR28-B58.5,between,58.5,58.0,59.0,0.01,0.0,1.0,0.0,1.0,19537.0,11848.0,no,0.0,57.0,finalized,KXHIGHTDAL,59.52252500057221,1.446043,0.21272401057544882,0.01,0.2027240105754488,0.0,YES,1.0,0.0,6.930000000000001,-1.0,-7.930000000000001,17.325000000000003,-19.825000000000003
2026-03-28,KXHIGHTDAL,KXHIGHTDAL-26MAR28,KXHIGHTDAL-26MAR28-T58,less,58.0,,58.0,0.99,0.0,1.0,0.0,1.0,19979.0,10368.0,yes,1.0,57.0,finalized,KXHIGHTDAL,59.52252500057221,1.446043,0.14619558269482807,0.99,-0.843804417305172,1.0,NO,1.0000000000000009,0.0,6.930000000000001,-1.0000000000000009,-7.9300000000000015,17.325000000000003,-19.825000000000003
2026-03-29,KXHIGHTDAL,KXHIGHTDAL-26MAR29,KXHIGHTDAL-26MAR29-B81.5,between,81.5,81.0,82.0,0.01,0.0,1.0,0.0,1.0,11039.0,9239.0,no,0.0,83.0,finalized,KXHIGHTDAL,83.21161425908407,1.1083202,0.11415718739236039,0.01,0.10415718739236039,0.0,YES,1.0,0.0,6.930000000000001,-1.0,-7.930000000000001,17.325000000000003,-19.825000000000003
2026-03-29,KXHIGHTDAL,KXHIGHTDAL-26MAR29,KXHIGHTDAL-26MAR29-B83.5,between,83.5,83.0,84.0,0.99,0.0,1.0,0.0,1.0,9557.0,5742.0,yes,1.0,83.0,finalized,KXHIGHTDAL,83.21161425908407,1.1083202,0.3372720491935731,0.99,-0.6527279508064269,1.0,NO,1.0000000000000009,0.0,6.930000000000001,-1.0000000000000009,-7.9300000000000015,17.325000000000003,-19.825000000000003
2026-03-30,KXHIGHTDAL,KXHIGHTDAL-26MAR30,KXHIGHTDAL-26MAR30-B85.5,between,85.5,85.0,86.0,0.99,0.0,1.0,0.0,1.0,9990.0,6490.0,yes,1.0,85.0,finalized,KXHIGHTDAL,84.92286882400514,1.1987721,0.2898971661873213,0.99,-0.7001028338126787,1.0,NO,1.0000000000000009,0.0,6.930000000000001,-1.0000000000000009,-7.9300000000000015,17.325000000000003,-19.825000000000003
2026-03-30,KXHIGHTDAL,KXHIGHTDAL-26MAR30,KXHIGHTDAL-26MAR30-B83.5,between,83.5,83.0,84.0,0.01,0.0,1.0,0.0,1.0,24078.0,19864.0,no,0.0,85.0,finalized,KXHIGHTDAL,84.92286882400514,1.1987721,0.16634239300274217,0.01,0.15634239300274216,0.0,YES,1.0,0.0,6.930000000000001,-1.0,-7.930000000000001,17.325000000000003,-19.825000000000003
2026-03-31,KXHIGHTDAL,KXHIGHTDAL-26MAR31,KXHIGHTDAL-26MAR31-B85.5,between,85.5,85.0,86.0,0.99,0.0,1.0,0.0,1.0,7955.0,5711.0,yes,1.0,86.0,finalized,KXHIGHTDAL,85.71207896073659,1.3524983,0.2850167145527356,0.99,-0.7049832854472644,1.0,NO,1.0000000000000009,0.0,6.930000000000001,-1.0000000000000009,-7.9300000000000015,17.325000000000003,-19.825000000000003
2026-03-31,KXHIGHTDAL,KXHIGHTDAL-26MAR31,KXHIGHTDAL-26MAR31-B87.5,between,87.5,87.0,88.0,0.01,0.0,1.0,0.0,1.0,12156.0,7735.0,no,0.0,86.0,finalized,KXHIGHTDAL,85.71207896073659,1.3524983,0.1251255837194699,0.01,0.11512558371946992,0.0,YES,1.0,0.0,6.930000000000001,-1.0,-7.930000000000001,17.325000000000003,-19.825000000000003
2026-04-01,KXHIGHTDAL,KXHIGHTDAL-26APR01,KXHIGHTDAL-26APR01-B86.5,between,86.5,86.0,87.0,0.99,0.0,1.0,0.0,1.0,10696.0,6675.0,yes,1.0,87.0,finalized,KXHIGHTDAL,87.21758500734965,1.1736382,0.27669588893990027,0.99,-0.7133041110600997,1.0,NO,1.0000000000000009,0.0,6.930000000000001,-1.0000000000000009,-7.9300000000000015,17.325000000000003,-19.825000000000003
2026-04-01,KXHIGHTDAL,KXHIGHTDAL-26APR01,KXHIGHTDAL-26APR01-B88.5,between,88.5,88.0,89.0,0.01,0.0,1.0,0.0,1.0,13169.0,7939.0,no,0.0,87.0,finalized,KXHIGHTDAL,87.21758500734965,1.1736382,0.1880775190448175,0.01,0.1780775190448175,0.0,YES,1.0,0.0,6.930000000000001,-1.0,-7.930000000000001,17.325000000000003,-19.825000000000003
2026-04-02,KXHIGHTDAL,KXHIGHTDAL-26APR02,KXHIGHTDAL-26APR02-B82.5,between,82.5,82.0,83.0,0.01,0.0,1.0,0.0,1.0,9382.0,6429.0,no,0.0,84.0,finalized,KXHIGHTDAL,82.00298544168471,1.6118516,0.2326332586176184,0.01,0.2226332586176184,0.0,YES,1.0,0.0,6.930000000000001,-1.0,-7.930000000000001,17.325000000000003,-19.825000000000003
2026-04-02,KXHIGHTDAL,KXHIGHTDAL-26APR02,KXHIGHTDAL-26APR02-B80.5,between,80.5,80.0,81.0,0.01,0.0,1.0,0.0,1.0,5631.0,4330.0,no,0.0,84.0,finalized,KXHIGHTDAL,82.00298544168471,1.6118516,0.15989019384097425,0.01,0.14989019384097424,0.0,YES,1.0,0.0,6.930000000000001,-1.0,-7.930000000000001,17.325000000000003,-19.825000000000003
2026-04-02,KXHIGHTDAL,KXHIGHTDAL-26APR02,KXHIGHTDAL-26APR02-B84.5,between,84.5,84.0,85.0,0.99,0.0,1.0,0.0,1.0,8029.0,4653.0,yes,1.0,84.0,finalized,KXHIGHTDAL,82.00298544168471,1.6118516,0.07619277160206006,0.99,-0.9138072283979399,1.0,NO,1.0000000000000009,0.0,6.930000000000001,-1.0000000000000009,-7.9300000000000015,17.325000000000003,-19.825000000000003
2026-04-03,KXHIGHTDAL,KXHIGHTDAL-26APR03,KXHIGHTDAL-26APR03-B82.5,between,82.5,82.0,83.0,0.01,0.0,1.0,0.0,1.0,10756.0,6995.0,no,0.0,84.0,finalized,KXHIGHTDAL,82.40827645460764,1.3118966,0.2962010464695391,0.01,0.2862010464695391,0.0,YES,1.0,0.0,6.930000000000001,-1.0,-7.930000000000001,17.325000000000003,-19.825000000000003
2026-04-03,KXHIGHTDAL,KXHIGHTDAL-26APR03,KXHIGHTDAL-26APR03-B84.5,between,84.5,84.0,85.0,0.99,0.0,1.0,0.0,1.0,18622.0,8928.0,yes,1.0,84.0,finalized,KXHIGHTDAL,82.40827645460764,1.3118966,0.08840504078492739,0.99,-0.9015949592150726,1.0,NO,1.0000000000000009,0.0,6.930000000000001,-1.0000000000000009,-7.9300000000000015,17.325000000000003,-19.825000000000003
2026-04-04,KXHIGHTDAL,KXHIGHTDAL-26APR04,KXHIGHTDAL-26APR04-B74.5,between,74.5,74.0,75.0,0.99,0.0,1.0,0.0,1.0,38596.0,24211.0,yes,1.0,74.0,finalized,KXHIGHTDAL,74.64431166648865,1.6739568,0.2339806203807439,0.99,-0.756019379619256,1.0,NO,1.0000000000000009,0.0,6.930000000000001,-1.0000000000000009,-7.9300000000000015,17.325000000000003,-19.825000000000003
2026-04-04,KXHIGHTDAL,KXHIGHTDAL-26APR04,KXHIGHTDAL-26APR04-B76.5,between,76.5,76.0,77.0,0.01,0.0,1.0,0.0,1.0,4663.0,2569.0,no,0.0,74.0,finalized,KXHIGHTDAL,74.64431166648865,1.6739568,0.12933176869963858,0.01,0.11933176869963859,0.0,YES,1.0,0.0,6.930000000000001,-1.0,-7.930000000000001,17.325000000000003,-19.825000000000003
2026-04-05,KXHIGHTDAL,KXHIGHTDAL-26APR05,KXHIGHTDAL-26APR05-B70.5,between,70.5,70.0,71.0,0.99,0.0,1.0,0.0,1.0,11821.0,5546.0,yes,1.0,70.0,finalized,KXHIGHTDAL,70.38018523057302,1.1069171,0.34661711947398277,0.99,-0.6433828805260172,1.0,NO,1.0000000000000009,0.0,6.930000000000001,-1.0000000000000009,-7.9300000000000015,17.325000000000003,-19.825000000000003
2026-04-06,KXHIGHTDAL,KXHIGHTDAL-26APR06,KXHIGHTDAL-26APR06-B72.5,between,72.5,72.0,73.0,0.01,0.0,1.0,0.0,1.0,11379.0,7324.0,no,0.0,74.0,finalized,KXHIGHTDAL,72.98639749685923,1.2259876,0.29389340395703806,0.01,0.28389340395703805,0.0,YES,1.0,0.0,6.930000000000001,-1.0,-7.930000000000001,17.325000000000003,-19.825000000000003
2026-04-06,KXHIGHTDAL,KXHIGHTDAL-26APR06,KXHIGHTDAL-26APR06-B74.5,between,74.5,74.0,75.0,0.99,0.0,1.0,0.0,1.0,7982.0,3953.0,yes,1.0,74.0,finalized,KXHIGHTDAL,72.98639749685923,1.2259876,0.15393524634015388,0.99,-0.8360647536598461,1.0,NO,1.0000000000000009,0.0,6.930000000000001,-1.0000000000000009,-7.9300000000000015,17.325000000000003,-19.825000000000003
2026-04-07,KXHIGHTDAL,KXHIGHTDAL-26APR07,KXHIGHTDAL-26APR07-B73.5,between,73.5,73.0,74.0,0.99,0.0,1.0,0.0,1.0,9750.0,4743.0,yes,1.0,73.0,finalized,KXHIGHTDAL,73.11027541160584,1.2039839,0.3065305149124002,0.99,-0.6834694850875997,1.0,NO,1.0000000000000009,0.0,6.930000000000001,-1.0000000000000009,-7.9300000000000015,17.325000000000003,-19.825000000000003
2026-04-07,KXHIGHTDAL,KXHIGHTDAL-26APR07,KXHIGHTDAL-26APR07-B71.5,between,71.5,71.0,72.0,0.01,0.0,1.0,0.0,1.0,11499.0,8980.0,no,0.0,73.0,finalized,KXHIGHTDAL,73.11027541160584,1.2039839,0.1383974889803673,0.01,0.1283974889803673,0.0,YES,1.0,0.0,6.930000000000001,-1.0,-7.930000000000001,17.325000000000003,-19.825000000000003
2026-04-08,KXHIGHTDAL,KXHIGHTDAL-26APR08,KXHIGHTDAL-26APR08-B78.5,between,78.5,78.0,79.0,0.99,0.0,1.0,0.0,1.0,10745.0,6437.0,yes,1.0,78.0,finalized,KXHIGHTDAL,79.36521769364676,1.141609,0.25864308782732875,0.99,-0.7313569121726713,1.0,NO,1.0000000000000009,0.0,6.930000000000001,-1.0000000000000009,-7.9300000000000015,17.325000000000003,-19.825000000000003
2026-04-08,KXHIGHTDAL,KXHIGHTDAL-26APR08,KXHIGHTDAL-26APR08-B80.5,between,80.5,80.0,81.0,0.01,0.0,1.0,0.0,1.0,7734.0,5616.0,no,0.0,78.0,finalized,KXHIGHTDAL,79.36521769364676,1.141609,0.213019011671696,0.01,0.203019011671696,0.0,YES,1.0,0.0,6.930000000000001,-1.0,-7.930000000000001,17.325000000000003,-19.825000000000003
2026-04-09,KXHIGHTDAL,KXHIGHTDAL-26APR09,KXHIGHTDAL-26APR09-B81.5,between,81.5,81.0,82.0,0.99,0.0,1.0,0.0,1.0,13276.79,6528.48,yes,1.0,81.0,finalized,KXHIGHTDAL,81.17979087034861,1.1914524,0.31437598748463913,0.99,-0.6756240125153609,1.0,NO,1.0000000000000009,0.0,6.930000000000001,-1.0000000000000009,-7.9300000000000015,17.325000000000003,-19.825000000000003
2026-04-09,KXHIGHTDAL,KXHIGHTDAL-26APR09,KXHIGHTDAL-26APR09-B79.5,between,79.5,79.0,80.0,0.01,0.0,1.0,0.0,1.0,5878.27,4684.71,no,0.0,81.0,finalized,KXHIGHTDAL,81.17979087034861,1.1914524,0.1273746026564731,0.01,0.1173746026564731,0.0,YES,1.0,0.0,6.930000000000001,-1.0,-7.930000000000001,17.325000000000003,-19.825000000000003
2026-04-10,KXHIGHTDAL,KXHIGHTDAL-26APR10,KXHIGHTDAL-26APR10-B84.5,between,84.5,84.0,85.0,0.01,0.0,1.0,0.0,1.0,3496.34,2130.63,no,0.0,83.0,finalized,KXHIGHTDAL,83.05456801255544,1.1665019,0.16114800016475705,0.01,0.15114800016475705,0.0,YES,1.0,0.0,6.930000000000001,-1.0,-7.930000000000001,17.325000000000003,-19.825000000000003
2026-04-10,KXHIGHTDAL,KXHIGHTDAL-26APR10,KXHIGHTDAL-26APR10-B82.5,between,82.5,82.0,83.0,0.99,0.0,1.0,0.0,1.0,7584.18,4117.65,yes,1.0,83.0,finalized,KXHIGHTDAL,83.05456801255544,1.1665019,0.29835834207998524,0.99,-0.6916416579200148,1.0,NO,1.0000000000000009,0.0,6.930000000000001,-1.0000000000000009,-7.9300000000000015,17.325000000000003,-19.825000000000003
2026-04-11,KXHIGHTDAL,KXHIGHTDAL-26APR11,KXHIGHTDAL-26APR11-T80,less,80.0,,80.0,0.01,0.0,1.0,0.0,1.0,17964.0,15934.0,no,0.0,80.0,finalized,KXHIGHTDAL,78.77375296354295,1.4928792,0.7942900245878955,0.01,0.7842900245878955,0.0,YES,1.0,0.0,6.930000000000001,-1.0,-7.930000000000001,17.325000000000003,-19.825000000000003
2026-04-11,KXHIGHTDAL,KXHIGHTDAL-26APR11,KXHIGHTDAL-26APR11-B80.5,between,80.5,80.0,81.0,0.99,0.0,1.0,0.0,1.0,10972.0,5705.0,yes,1.0,80.0,finalized,KXHIGHTDAL,78.77375296354295,1.4928792,0.13776124894832742,0.99,-0.8522387510516726,1.0,NO,1.0000000000000009,0.0,6.930000000000001,-1.0000000000000009,-7.9300000000000015,17.325000000000003,-19.825000000000003
2026-04-12,KXHIGHTDAL,KXHIGHTDAL-26APR12,KXHIGHTDAL-26APR12-T75,less,75.0,,75.0,0.99,0.0,1.0,0.0,1.0,25239.0,13823.0,yes,1.0,73.0,finalized,KXHIGHTDAL,73.15860173702241,1.6775895,0.8638202972744033,0.99,-0.12617970272559664,1.0,NO,1.0000000000000009,0.0,6.930000000000001,-1.0000000000000009,-7.9300000000000015,17.325000000000003,-19.825000000000003
2026-04-13,KXHIGHTDAL,KXHIGHTDAL-26APR13,KXHIGHTDAL-26APR13-B83.5,between,83.5,83.0,84.0,0.01,0.0,1.0,0.0,1.0,14405.0,13075.0,no,0.0,85.0,finalized,KXHIGHTDAL,84.85378354390463,1.1091317,0.17339317906630547,0.01,0.16339317906630546,0.0,YES,1.0,0.0,6.930000000000001,-1.0,-7.930000000000001,17.325000000000003,-19.825000000000003
2026-04-13,KXHIGHTDAL,KXHIGHTDAL-26APR13,KXHIGHTDAL-26APR13-B85.5,between,85.5,85.0,86.0,0.99,0.0,1.0,0.0,1.0,16552.0,13645.0,yes,1.0,85.0,finalized,KXHIGHTDAL,84.85378354390463,1.1091317,0.29685952419122996,0.99,-0.69314047580877,1.0,NO,1.0000000000000009,0.0,6.930000000000001,-1.0000000000000009,-7.9300000000000015,17.325000000000003,-19.825000000000003
2026-04-14,KXHIGHTDAL,KXHIGHTDAL-26APR14,KXHIGHTDAL-26APR14-B81.5,between,81.5,81.0,82.0,0.01,0.0,1.0,0.0,1.0,8083.0,4295.0,no,0.0,79.0,finalized,KXHIGHTDAL,80.13452366193134,1.668438,0.17021027474324335,0.01,0.16021027474324334,0.0,YES,1.0,0.0,6.930000000000001,-1.0,-7.930000000000001,17.325000000000003,-19.825000000000003
2026-04-14,KXHIGHTDAL,KXHIGHTDAL-26APR14,KXHIGHTDAL-26APR14-B79.5,between,79.5,79.0,80.0,0.99,0.0,1.0,0.0,1.0,10246.0,5699.0,yes,1.0,79.0,finalized,KXHIGHTDAL,80.13452366193134,1.668438,0.21961378190214853,0.99,-0.7703862180978515,1.0,NO,1.0000000000000009,0.0,6.930000000000001,-1.0000000000000009,-7.9300000000000015,17.325000000000003,-19.825000000000003
2026-04-14,KXHIGHTDAL,KXHIGHTDAL-26APR14,KXHIGHTDAL-26APR14-T79,less,79.0,,79.0,0.01,0.0,1.0,0.0,1.0,10069.0,5196.0,no,0.0,79.0,finalized,KXHIGHTDAL,80.13452366193134,1.668438,0.24825491535779942,0.01,0.2382549153577994,0.0,YES,1.0,0.0,6.930000000000001,-1.0,-7.930000000000001,17.325000000000003,-19.825000000000003
2026-04-15,KXHIGHTDAL,KXHIGHTDAL-26APR15,KXHIGHTDAL-26APR15-B78.5,between,78.5,78.0,79.0,0.99,0.0,1.0,0.0,1.0,9152.0,5465.0,yes,1.0,79.0,finalized,KXHIGHTDAL,78.92376407782236,1.6167891,0.23492545391959724,0.99,-0.7550745460804027,1.0,NO,1.0000000000000009,0.0,6.930000000000001,-1.0000000000000009,-7.9300000000000015,17.325000000000003,-19.825000000000003
2026-04-15,KXHIGHTDAL,KXHIGHTDAL-26APR15,KXHIGHTDAL-26APR15-B80.5,between,80.5,80.0,81.0,0.01,0.0,1.0,0.0,1.0,9089.0,5741.0,no,0.0,79.0,finalized,KXHIGHTDAL,78.92376407782236,1.6167891,0.15327259262164528,0.01,0.14327259262164527,0.0,YES,1.0,0.0,6.930000000000001,-1.0,-7.930000000000001,17.325000000000003,-19.825000000000003
2026-04-16,KXHIGHTDAL,KXHIGHTDAL-26APR16,KXHIGHTDAL-26APR16-T85,less,85.0,,85.0,0.01,0.0,1.0,0.0,1.0,13199.85,11261.55,no,0.0,86.0,finalized,KXHIGHTDAL,84.76960836251577,1.3626755,0.5671303874259908,0.01,0.5571303874259907,0.0,YES,1.0,0.0,6.930000000000001,-1.0,-7.930000000000001,17.325000000000003,-19.825000000000003
2026-04-16,KXHIGHTDAL,KXHIGHTDAL-26APR16,KXHIGHTDAL-26APR16-B85.5,between,85.5,85.0,86.0,0.99,0.0,1.0,0.0,1.0,8079.76,4084.71,yes,1.0,86.0,finalized,KXHIGHTDAL,84.76960836251577,1.3626755,0.24958633711702927,0.99,-0.7404136628829707,1.0,NO,1.0000000000000009,0.0,6.930000000000001,-1.0000000000000009,-7.9300000000000015,17.325000000000003,-19.825000000000003
2026-02-11,KXHIGHTHOU,KXHIGHTHOU-26FEB11,KXHIGHTHOU-26FEB11-T75,less,75.0,,75.0,0.01,0.0,0.01,0.99,1.0,4631.0,0.0,no,0.0,77.0,finalized,KXHIGHTHOU,76.61831630865733,1.4006963,0.12397036938560985,0.01,0.11397036938560985,0.0,YES,1.0,0.0,6.930000000000001,-1.0,-7.930000000000001,17.325000000000003,-19.825000000000003
2026-02-11,KXHIGHTHOU,KXHIGHTHOU-26FEB11,KXHIGHTHOU-26FEB11-B77.5,between,77.5,77.0,78.0,0.99,0.99,1.0,0.0,0.01,6304.0,0.0,yes,1.0,77.0,finalized,KXHIGHTHOU,76.61831630865733,1.4006963,0.23065848000001854,0.99,-0.7593415199999815,1.0,NO,1.0000000000000009,0.0,6.930000000000001,-1.0000000000000009,-7.9300000000000015,17.325000000000003,-19.825000000000003
2026-02-11,KXHIGHTHOU,KXHIGHTHOU-26FEB11,KXHIGHTHOU-26FEB11-B75.5,between,75.5,75.0,76.0,0.01,0.0,0.01,0.99,1.0,16039.0,0.0,no,0.0,77.0,finalized,KXHIGHTHOU,76.61831630865733,1.4006963,0.2054786985245463,0.01,0.1954786985245463,0.0,YES,1.0,0.0,6.930000000000001,-1.0,-7.930000000000001,17.325000000000003,-19.825000000000003
2026-02-12,KXHIGHTHOU,KXHIGHTHOU-26FEB12,KXHIGHTHOU-26FEB12-B81.5,between,81.5,81.0,82.0,0.01,0.0,1.0,0.0,1.0,23794.0,0.0,no,0.0,80.0,finalized,KXHIGHTHOU,80.30001970132192,1.2739874,0.2003115241385418,0.01,0.1903115241385418,0.0,YES,1.0,0.0,6.930000000000001,-1.0,-7.930000000000001,17.325000000000003,-19.825000000000003
2026-02-12,KXHIGHTHOU,KXHIGHTHOU-26FEB12,KXHIGHTHOU-26FEB12-B79.5,between,79.5,79.0,80.0,0.99,0.0,1.0,0.0,1.0,42268.0,0.0,yes,1.0,80.0,finalized,KXHIGHTHOU,80.30001970132192,1.2739874,0.2531502528643576,0.99,-0.7368497471356423,1.0,NO,1.0000000000000009,0.0,6.930000000000001,-1.0000000000000009,-7.9300000000000015,17.325000000000003,-19.825000000000003
2026-02-13,KXHIGHTHOU,KXHIGHTHOU-26FEB13,KXHIGHTHOU-26FEB13-B79.5,between,79.5,79.0,80.0,0.01,0.0,1.0,0.0,1.0,7536.0,0.0,no,0.0,78.0,finalized,KXHIGHTHOU,78.70540742874145,1.1279421,0.27144155979424966,0.01,0.26144155979424966,0.0,YES,1.0,0.0,6.930000000000001,-1.0,-7.930000000000001,17.325000000000003,-19.825000000000003
2026-02-13,KXHIGHTHOU,KXHIGHTHOU-26FEB13,KXHIGHTHOU-26FEB13-B77.5,between,77.5,77.0,78.0,0.99,0.0,1.0,0.0,1.0,7793.0,0.0,yes,1.0,78.0,finalized,KXHIGHTHOU,78.70540742874145,1.1279421,0.2005849220725076,0.99,-0.7894150779274924,1.0,NO,1.0000000000000009,0.0,6.930000000000001,-1.0000000000000009,-7.9300000000000015,17.325000000000003,-19.825000000000003
2026-02-14,KXHIGHTHOU,KXHIGHTHOU-26FEB14,KXHIGHTHOU-26FEB14-B77.5,between,77.5,77.0,78.0,0.01,0.0,1.0,0.0,1.0,1823.0,0.0,no,0.0,75.0,finalized,KXHIGHTHOU,75.94933735529582,1.2736179,0.15101475203396741,0.01,0.1410147520339674,0.0,YES,1.0,0.0,6.930000000000001,-1.0,-7.930000000000001,17.325000000000003,-19.825000000000003
2026-02-14,KXHIGHTHOU,KXHIGHTHOU-26FEB14,KXHIGHTHOU-26FEB14-B75.5,between,75.5,75.0,76.0,0.99,0.0,1.0,0.0,1.0,3710.0,0.0,yes,1.0,75.0,finalized,KXHIGHTHOU,75.94933735529582,1.2736179,0.2878460525372896,0.99,-0.7021539474627103,1.0,NO,1.0000000000000009,0.0,6.930000000000001,-1.0000000000000009,-7.9300000000000015,17.325000000000003,-19.825000000000003
2026-02-15,KXHIGHTHOU,KXHIGHTHOU-26FEB15,KXHIGHTHOU-26FEB15-T69,less,69.0,,69.0,0.01,0.0,1.0,0.0,1.0,5280.0,0.0,no,0.0,71.0,finalized,KXHIGHTHOU,69.50853629112244,1.5641094,0.37254197437400116,0.01,0.36254197437400115,0.0,YES,1.0,0.0,6.930000000000001,-1.0,-7.930000000000001,17.325000000000003,-19.825000000000003
2026-02-15,KXHIGHTHOU,KXHIGHTHOU-26FEB15,KXHIGHTHOU-26FEB15-B71.5,between,71.5,71.0,72.0,0.99,0.0,1.0,0.0,1.0,5280.0,0.0,yes,1.0,71.0,finalized,KXHIGHTHOU,69.50853629112244,1.5641094,0.11456282088149006,0.99,-0.8754371791185099,1.0,NO,1.0000000000000009,0.0,6.930000000000001,-1.0000000000000009,-7.9300000000000015,17.325000000000003,-19.825000000000003
2026-02-15,KXHIGHTHOU,KXHIGHTHOU-26FEB15,KXHIGHTHOU-26FEB15-B69.5,between,69.5,69.0,70.0,0.01,0.0,1.0,0.0,1.0,16663.0,0.0,no,0.0,71.0,finalized,KXHIGHTHOU,69.50853629112244,1.5641094,0.2507784363721056,0.01,0.2407784363721056,0.0,YES,1.0,0.0,6.930000000000001,-1.0,-7.930000000000001,17.325000000000003,-19.825000000000003
2026-02-16,KXHIGHTHOU,KXHIGHTHOU-26FEB16,KXHIGHTHOU-26FEB16-B73.5,between,73.5,73.0,74.0,0.01,0.0,1.0,0.0,1.0,7253.0,0.0,no,0.0,71.0,finalized,KXHIGHTHOU,73.08798815409342,1.0664942,0.3366420925399459,0.01,0.3266420925399459,0.0,YES,1.0,0.0,6.930000000000001,-1.0,-7.930000000000001,17.325000000000003,-19.825000000000003
2026-02-16,KXHIGHTHOU,KXHIGHTHOU-26FEB16,KXHIGHTHOU-26FEB16-B71.5,between,71.5,71.0,72.0,0.99,0.0,1.0,0.0,1.0,7836.0,0.0,yes,1.0,71.0,finalized,KXHIGHTHOU,73.08798815409342,1.0664942,0.12870133285679428,0.99,-0.8612986671432057,1.0,NO,1.0000000000000009,0.0,6.930000000000001,-1.0000000000000009,-7.9300000000000015,17.325000000000003,-19.825000000000003
2026-02-17,KXHIGHTHOU,KXHIGHTHOU-26FEB17,KXHIGHTHOU-26FEB17-B79.5,between,79.5,79.0,80.0,0.99,0.0,1.0,0.0,1.0,5586.0,0.0,yes,1.0,79.0,finalized,KXHIGHTHOU,78.53225545088449,1.378973,0.22365097813578527,0.99,-0.7663490218642147,1.0,NO,1.0000000000000009,0.0,6.930000000000001,-1.0000000000000009,-7.9300000000000015,17.325000000000003,-19.825000000000003
2026-02-17,KXHIGHTHOU,KXHIGHTHOU-26FEB17,KXHIGHTHOU-26FEB17-B77.5,between,77.5,77.0,78.0,0.01,0.0,1.0,0.0,1.0,13288.0,0.0,no,0.0,79.0,finalized,KXHIGHTHOU,78.53225545088449,1.378973,0.2165054908830527,0.01,0.2065054908830527,0.0,YES,1.0,0.0,6.930000000000001,-1.0,-7.930000000000001,17.325000000000003,-19.825000000000003
2026-02-18,KXHIGHTHOU,KXHIGHTHOU-26FEB18,KXHIGHTHOU-26FEB18-T78,less,78.0,,78.0,0.01,0.0,1.0,0.0,1.0,7157.0,0.0,no,0.0,80.0,finalized,KXHIGHTHOU,79.6499474366506,1.4494056,0.12748478751292053,0.01,0.11748478751292053,0.0,YES,1.0,0.0,6.930000000000001,-1.0,-7.930000000000001,17.325000000000003,-19.825000000000003
2026-02-18,KXHIGHTHOU,KXHIGHTHOU-26FEB18,KXHIGHTHOU-26FEB18-B80.5,between,80.5,80.0,81.0,0.99,0.0,1.0,0.0,1.0,6664.0,0.0,yes,1.0,80.0,finalized,KXHIGHTHOU,79.6499474366506,1.4494056,0.22876841401593306,0.99,-0.7612315859840669,1.0,NO,1.0000000000000009,0.0,6.930000000000001,-1.0000000000000009,-7.9300000000000015,17.325000000000003,-19.825000000000003
2026-02-18,KXHIGHTHOU,KXHIGHTHOU-26FEB18,KXHIGHTHOU-26FEB18-B78.5,between,78.5,78.0,79.0,0.01,0.0,1.0,0.0,1.0,4915.0,0.0,no,0.0,80.0,finalized,KXHIGHTHOU,79.6499474366506,1.4494056,0.19943902322937818,0.01,0.18943902322937817,0.0,YES,1.0,0.0,6.930000000000001,-1.0,-7.930000000000001,17.325000000000003,-19.825000000000003
2026-02-19,KXHIGHTHOU,KXHIGHTHOU-26FEB19,KXHIGHTHOU-26FEB19-B82.5,between,82.5,82.0,83.0,0.99,0.0,1.0,0.0,1.0,13752.0,0.0,yes,1.0,82.0,finalized,KXHIGHTHOU,81.66980278491974,1.2796575,0.24890235466422717,0.99,-0.7410976453357728,1.0,NO,1.0000000000000009,0.0,6.930000000000001,-1.0000000000000009,-7.9300000000000015,17.325000000000003,-19.825000000000003
2026-02-19,KXHIGHTHOU,KXHIGHTHOU-26FEB19,KXHIGHTHOU-26FEB19-B80.5,between,80.5,80.0,81.0,0.01,0.0,1.0,0.0,1.0,11463.0,0.0,no,0.0,82.0,finalized,KXHIGHTHOU,81.66980278491974,1.2796575,0.20437337747301237,0.01,0.19437337747301237,0.0,YES,1.0,0.0,6.930000000000001,-1.0,-7.930000000000001,17.325000000000003,-19.825000000000003
2026-02-20,KXHIGHTHOU,KXHIGHTHOU-26FEB20,KXHIGHTHOU-26FEB20-B82.5,between,82.5,82.0,83.0,0.99,0.0,1.0,0.0,1.0,10033.0,0.0,yes,1.0,82.0,finalized,KXHIGHTHOU,81.24528538386026,1.4137359,0.18945687331828598,0.99,-0.800543126681714,1.0,NO,1.0000000000000009,0.0,6.930000000000001,-1.0000000000000009,-7.9300000000000015,17.325000000000003,-19.825000000000003
2026-02-20,KXHIGHTHOU,KXHIGHTHOU-26FEB20,KXHIGHTHOU-26FEB20-B80.5,between,80.5,80.0,81.0,0.01,0.0,1.0,0.0,1.0,36015.0,0.0,no,0.0,82.0,finalized,KXHIGHTHOU,81.24528538386026,1.4137359,0.24192835493060572,0.01,0.2319283549306057,0.0,YES,1.0,0.0,6.930000000000001,-1.0,-7.930000000000001,17.325000000000003,-19.825000000000003
2026-02-21,KXHIGHTHOU,KXHIGHTHOU-26FEB21,KXHIGHTHOU-26FEB21-T79,less,79.0,,79.0,0.01,0.0,1.0,0.0,1.0,17434.0,0.0,no,0.0,80.0,finalized,KXHIGHTHOU,78.25512126286826,1.4704008,0.693775966358399,0.01,0.683775966358399,0.0,YES,1.0,0.0,6.930000000000001,-1.0,-7.930000000000001,17.325000000000003,-19.825000000000003
2026-02-21,KXHIGHTHOU,KXHIGHTHOU-26FEB21,KXHIGHTHOU-26FEB21-B79.5,between,79.5,79.0,80.0,0.99,0.0,1.0,0.0,1.0,14615.0,0.0,yes,1.0,80.0,finalized,KXHIGHTHOU,78.25512126286826,1.4704008,0.18854488673386216,0.99,-0.8014551132661378,1.0,NO,1.0000000000000009,0.0,6.930000000000001,-1.0000000000000009,-7.9300000000000015,17.325000000000003,-19.825000000000003
2026-02-22,KXHIGHTHOU,KXHIGHTHOU-26FEB22,KXHIGHTHOU-26FEB22-T63,less,63.0,,63.0,0.01,0.0,1.0,0.0,1.0,6934.0,0.0,no,0.0,65.0,finalized,KXHIGHTHOU,62.9377943277359,1.2980312,0.5191112330709063,0.01,0.5091112330709063,0.0,YES,1.0,0.0,6.930000000000001,-1.0,-7.930000000000001,17.325000000000003,-19.825000000000003
2026-02-22,KXHIGHTHOU,KXHIGHTHOU-26FEB22,KXHIGHTHOU-26FEB22-B65.5,between,65.5,65.0,66.0,0.99,0.0,1.0,0.0,1.0,10582.0,0.0,yes,1.0,65.0,finalized,KXHIGHTHOU,62.9377943277359,1.2980312,0.04690275163722779,0.99,-0.9430972483627722,1.0,NO,1.0000000000000009,0.0,6.930000000000001,-1.0000000000000009,-7.9300000000000015,17.325000000000003,-19.825000000000003
2026-02-22,KXHIGHTHOU,KXHIGHTHOU-26FEB22,KXHIGHTHOU-26FEB22-B63.5,between,63.5,63.0,64.0,0.01,0.0,1.0,0.0,1.0,12944.0,0.0,no,0.0,65.0,finalized,KXHIGHTHOU,62.9377943277359,1.2980312,0.2743016922008116,0.01,0.26430169220081157,0.0,YES,1.0,0.0,6.930000000000001,-1.0,-7.930000000000001,17.325000000000003,-19.825000000000003
2026-02-23,KXHIGHTHOU,KXHIGHTHOU-26FEB23,KXHIGHTHOU-26FEB23-B64.5,between,64.5,64.0,65.0,0.99,0.0,1.0,0.0,1.0,13808.0,0.0,yes,1.0,65.0,finalized,KXHIGHTHOU,64.38783083359402,1.086103,0.3529856525800643,0.99,-0.6370143474199357,1.0,NO,1.0000000000000009,0.0,6.930000000000001,-1.0000000000000009,-7.9300000000000015,17.325000000000003,-19.825000000000003
2026-02-24,KXHIGHTHOU,KXHIGHTHOU-26FEB24,KXHIGHTHOU-26FEB24-T69,less,69.0,,69.0,0.01,0.0,1.0,0.0,1.0,4544.0,0.0,no,0.0,70.0,finalized,KXHIGHTHOU,69.5269188284874,1.2212864,0.3330721468198097,0.01,0.32307214681980967,0.0,YES,1.0,0.0,6.930000000000001,-1.0,-7.930000000000001,17.325000000000003,-19.825000000000003
2026-02-24,KXHIGHTHOU,KXHIGHTHOU-26FEB24,KXHIGHTHOU-26FEB24-B69.5,between,69.5,69.0,70.0,0.99,0.0,1.0,0.0,1.0,72323.0,0.0,yes,1.0,70.0,finalized,KXHIGHTHOU,69.5269188284874,1.2212864,0.3176841078908028,0.99,-0.6723158921091972,1.0,NO,1.0000000000000009,0.0,6.930000000000001,-1.0000000000000009,-7.9300000000000015,17.325000000000003,-19.825000000000003
2026-02-25,KXHIGHTHOU,KXHIGHTHOU-26FEB25,KXHIGHTHOU-26FEB25-T78,less,78.0,,78.0,0.01,0.0,1.0,0.0,1.0,7013.0,0.0,no,0.0,78.0,finalized,KXHIGHTHOU,78.89348879655202,1.3716291,0.25739189961665343,0.01,0.24739189961665342,0.0,YES,1.0,0.0,6.930000000000001,-1.0,-7.930000000000001,17.325000000000003,-19.825000000000003
2026-02-25,KXHIGHTHOU,KXHIGHTHOU-26FEB25,KXHIGHTHOU-26FEB25-B80.5,between,80.5,80.0,81.0,0.01,0.0,1.0,0.0,1.0,4822.0,0.0,no,0.0,78.0,finalized,KXHIGHTHOU,78.89348879655202,1.3716291,0.1476188814757623,0.01,0.1376188814757623,0.0,YES,1.0,0.0,6.930000000000001,-1.0,-7.930000000000001,17.325000000000003,-19.825000000000003
2026-02-25,KXHIGHTHOU,KXHIGHTHOU-26FEB25,KXHIGHTHOU-26FEB25-B78.5,between,78.5,78.0,79.0,0.99,0.0,1.0,0.0,1.0,11479.0,0.0,yes,1.0,78.0,finalized,KXHIGHTHOU,78.89348879655202,1.3716291,0.27355608488954364,0.99,-0.7164439151104564,1.0,NO,1.0000000000000009,0.0,6.930000000000001,-1.0000000000000009,-7.9300000000000015,17.325000000000003,-19.825000000000003
2026-02-27,KXHIGHTHOU,KXHIGHTHOU-26FEB27,KXHIGHTHOU-26FEB27-B86.5,between,86.5,86.0,87.0,0.99,0.0,1.0,0.0,1.0,5763.0,0.0,yes,1.0,86.0,finalized,KXHIGHTHOU,85.54311331907908,1.3395193,0.22813905240730592,0.99,-0.7618609475926941,1.0,NO,1.0000000000000009,0.0,6.930000000000001,-1.0000000000000009,-7.9300000000000015,17.325000000000003,-19.825000000000003
2026-02-27,KXHIGHTHOU,KXHIGHTHOU-26FEB27,KXHIGHTHOU-26FEB27-B84.5,between,84.5,84.0,85.0,0.01,0.0,1.0,0.0,1.0,8983.0,0.0,no,0.0,86.0,finalized,KXHIGHTHOU,85.54311331907908,1.3395193,0.21790943538881408,0.01,0.20790943538881407,0.0,YES,1.0,0.0,6.930000000000001,-1.0,-7.930000000000001,17.325000000000003,-19.825000000000003
2026-02-28,KXHIGHTHOU,KXHIGHTHOU-26FEB28,KXHIGHTHOU-26FEB28-T79,less,79.0,,79.0,0.01,0.0,1.0,0.0,1.0,1349.0,0.0,no,0.0,80.0,finalized,KXHIGHTHOU,80.96092306772867,1.6010858,0.11033550823558474,0.01,0.10033550823558475,0.0,YES,1.0,0.0,6.930000000000001,-1.0,-7.930000000000001,17.325000000000003,-19.825000000000003
2026-02-28,KXHIGHTHOU,KXHIGHTHOU-26FEB28,KXHIGHTHOU-26FEB28-B81.5,between,81.5,81.0,82.0,0.01,0.0,1.0,0.0,1.0,9304.0,0.0,no,0.0,80.0,finalized,KXHIGHTHOU,80.96092306772867,1.6010858,0.23208938624670727,0.01,0.22208938624670727,0.0,YES,1.0,0.0,6.930000000000001,-1.0,-7.930000000000001,17.325000000000003,-19.825000000000003
2026-02-28,KXHIGHTHOU,KXHIGHTHOU-26FEB28,KXHIGHTHOU-26FEB28-B79.5,between,79.5,79.0,80.0,0.99,0.0,1.0,0.0,1.0,8384.0,0.0,yes,1.0,80.0,finalized,KXHIGHTHOU,80.96092306772867,1.6010858,0.1638610861872219,0.99,-0.8261389138127782,1.0,NO,1.0000000000000009,0.0,6.930000000000001,-1.0000000000000009,-7.9300000000000015,17.325000000000003,-19.825000000000003
2026-03-01,KXHIGHTHOU,KXHIGHTHOU-26MAR01,KXHIGHTHOU-26MAR01-B82.5,between,82.5,82.0,83.0,0.01,0.0,1.0,0.0,1.0,4421.0,0.0,no,0.0,79.0,finalized,KXHIGHTHOU,80.82614833513895,1.2156109,0.13024479966833702,0.01,0.12024479966833702,0.0,YES,1.0,0.0,6.930000000000001,-1.0,-7.930000000000001,17.325000000000003,-19.825000000000003
2026-03-01,KXHIGHTHOU,KXHIGHTHOU-26MAR01,KXHIGHTHOU-26MAR01-B80.5,between,80.5,80.0,81.0,0.01,0.0,1.0,0.0,1.0,7160.0,0.0,no,0.0,79.0,finalized,KXHIGHTHOU,80.82614833513895,1.2156109,0.3084872978965434,0.01,0.2984872978965434,0.0,YES,1.0,0.0,6.930000000000001,-1.0,-7.930000000000001,17.325000000000003,-19.825000000000003
2026-03-01,KXHIGHTHOU,KXHIGHTHOU-26MAR01,KXHIGHTHOU-26MAR01-B78.5,between,78.5,78.0,79.0,0.99,0.0,1.0,0.0,1.0,9329.0,0.0,yes,1.0,79.0,finalized,KXHIGHTHOU,80.82614833513895,1.2156109,0.05647739355531624,0.99,-0.9335226064446838,1.0,NO,1.0000000000000009,0.0,6.930000000000001,-1.0000000000000009,-7.9300000000000015,17.325000000000003,-19.825000000000003
2026-03-02,KXHIGHTHOU,KXHIGHTHOU-26MAR02,KXHIGHTHOU-26MAR02-B83.5,between,83.5,83.0,84.0,0.01,0.0,1.0,0.0,1.0,9484.0,0.0,no,0.0,81.0,finalized,KXHIGHTHOU,81.77638403574626,1.301373,0.1297885490533004,0.01,0.1197885490533004,0.0,YES,1.0,0.0,6.930000000000001,-1.0,-7.930000000000001,17.325000000000003,-19.825000000000003
2026-03-02,KXHIGHTHOU,KXHIGHTHOU-26MAR02,KXHIGHTHOU-26MAR02-B81.5,between,81.5,81.0,82.0,0.99,0.0,1.0,0.0,1.0,8511.0,0.0,yes,1.0,81.0,finalized,KXHIGHTHOU,81.77638403574626,1.301373,0.29282361484466723,0.99,-0.6971763851553328,1.0,NO,1.0000000000000009,0.0,6.930000000000001,-1.0000000000000009,-7.9300000000000015,17.325000000000003,-19.825000000000003
2026-03-03,KXHIGHTHOU,KXHIGHTHOU-26MAR03,KXHIGHTHOU-26MAR03-B82.5,between,82.5,82.0,83.0,0.99,0.0,1.0,0.0,1.0,13269.0,0.0,yes,1.0,82.0,finalized,KXHIGHTHOU,82.4299207607905,1.3301324,0.2926229549131022,0.99,-0.6973770450868978,1.0,NO,1.0000000000000009,0.0,6.930000000000001,-1.0000000000000009,-7.9300000000000015,17.325000000000003,-19.825000000000003
2026-03-04,KXHIGHTHOU,KXHIGHTHOU-26MAR04,KXHIGHTHOU-26MAR04-B82.5,between,82.5,82.0,83.0,0.99,0.0,1.0,0.0,1.0,7297.0,0.0,yes,1.0,82.0,finalized,KXHIGHTHOU,81.85728664398194,1.2318931,0.27708060027893666,0.99,-0.7129193997210633,1.0,NO,1.0000000000000009,0.0,6.930000000000001,-1.0000000000000009,-7.9300000000000015,17.325000000000003,-19.825000000000003
2026-03-04,KXHIGHTHOU,KXHIGHTHOU-26MAR04,KXHIGHTHOU-26MAR04-B80.5,between,80.5,80.0,81.0,0.01,0.0,1.0,0.0,1.0,7614.0,0.0,no,0.0,82.0,finalized,KXHIGHTHOU,81.85728664398194,1.2318931,0.17742294493720734,0.01,0.16742294493720733,0.0,YES,1.0,0.0,6.930000000000001,-1.0,-7.930000000000001,17.325000000000003,-19.825000000000003
2026-03-05,KXHIGHTHOU,KXHIGHTHOU-26MAR05,KXHIGHTHOU-26MAR05-B84.5,between,84.5,84.0,85.0,0.01,0.0,1.0,0.0,1.0,4716.0,0.0,no,0.0,82.0,finalized,KXHIGHTHOU,83.39337851206461,1.3589385,0.20910561064632893,0.01,0.19910561064632892,0.0,YES,1.0,0.0,6.930000000000001,-1.0,-7.930000000000001,17.325000000000003,-19.825000000000003
2026-03-05,KXHIGHTHOU,KXHIGHTHOU-26MAR05,KXHIGHTHOU-26MAR05-B82.5,between,82.5,82.0,83.0,0.99,0.0,1.0,0.0,1.0,7268.0,0.0,yes,1.0,82.0,finalized,KXHIGHTHOU,83.39337851206461,1.3589385,0.2335084063878472,0.99,-0.7564915936121528,1.0,NO,1.0000000000000009,0.0,6.930000000000001,-1.0000000000000009,-7.9300000000000015,17.325000000000003,-19.825000000000003
2026-03-06,KXHIGHTHOU,KXHIGHTHOU-26MAR06,KXHIGHTHOU-26MAR06-B84.5,between,84.5,84.0,85.0,0.99,0.0,1.0,0.0,1.0,9675.0,0.0,yes,1.0,84.0,finalized,KXHIGHTHOU,84.4897339820862,1.2562474,0.3093679596691261,0.99,-0.6806320403308739,1.0,NO,1.0000000000000009,0.0,6.930000000000001,-1.0000000000000009,-7.9300000000000015,17.325000000000003,-19.825000000000003
2026-03-07,KXHIGHTHOU,KXHIGHTHOU-26MAR07,KXHIGHTHOU-26MAR07-B87.5,between,87.5,87.0,88.0,0.01,0.0,1.0,0.0,1.0,8931.0,0.0,no,0.0,85.0,finalized,KXHIGHTHOU,85.76948067347209,1.1725972,0.11842561358416537,0.01,0.10842561358416537,0.0,YES,1.0,0.0,6.930000000000001,-1.0,-7.930000000000001,17.325000000000003,-19.825000000000003
2026-03-07,KXHIGHTHOU,KXHIGHTHOU-26MAR07,KXHIGHTHOU-26MAR07-B85.5,between,85.5,85.0,86.0,0.99,0.0,1.0,0.0,1.0,10499.0,0.0,yes,1.0,85.0,finalized,KXHIGHTHOU,85.76948067347209,1.1725972,0.32208370720878177,0.99,-0.6679162927912182,1.0,NO,1.0000000000000009,0.0,6.930000000000001,-1.0000000000000009,-7.9300000000000015,17.325000000000003,-19.825000000000003
2026-03-08,KXHIGHTHOU,KXHIGHTHOU-26MAR08,KXHIGHTHOU-26MAR08-T75,less,75.0,,75.0,0.99,0.0,1.0,0.0,1.0,8849.0,0.0,yes,1.0,71.0,finalized,KXHIGHTHOU,72.9541348616282,1.6773424,0.8887118868857319,0.99,-0.10128811311426811,1.0,NO,1.0000000000000009,0.0,6.930000000000001,-1.0000000000000009,-7.9300000000000015,17.325000000000003,-19.825000000000003
2026-03-09,KXHIGHTHOU,KXHIGHTHOU-26MAR09,KXHIGHTHOU-26MAR09-B86.5,between,86.5,86.0,87.0,0.01,0.0,1.0,0.0,1.0,5851.0,0.0,no,0.0,84.0,finalized,KXHIGHTHOU,84.56033973693847,1.4537859,0.11435815421292261,0.01,0.10435815421292262,0.0,YES,1.0,0.0,6.930000000000001,-1.0,-7.930000000000001,17.325000000000003,-19.825000000000003
2026-03-09,KXHIGHTHOU,KXHIGHTHOU-26MAR09,KXHIGHTHOU-26MAR09-B84.5,between,84.5,84.0,85.0,0.99,0.0,1.0,0.0,1.0,10264.0,0.0,yes,1.0,84.0,finalized,KXHIGHTHOU,84.56033973693847,1.4537859,0.268878068455196,0.99,-0.721121931544804,1.0,NO,1.0000000000000009,0.0,6.930000000000001,-1.0000000000000009,-7.9300000000000015,17.325000000000003,-19.825000000000003
2026-03-10,KXHIGHTHOU,KXHIGHTHOU-26MAR10,KXHIGHTHOU-26MAR10-B84.5,between,84.5,84.0,85.0,0.99,0.0,1.0,0.0,1.0,11219.0,0.0,yes,1.0,85.0,finalized,KXHIGHTHOU,84.433074092865,1.3492266,0.288712191408738,0.99,-0.7012878085912619,1.0,NO,1.0000000000000009,0.0,6.930000000000001,-1.0000000000000009,-7.9300000000000015,17.325000000000003,-19.825000000000003
2026-03-11,KXHIGHTHOU,KXHIGHTHOU-26MAR11,KXHIGHTHOU-26MAR11-T81,greater,81.0,81.0,,0.01,0.0,1.0,0.0,1.0,18769.0,0.0,no,0.0,81.0,finalized,KXHIGHTHOU,79.95738751093548,1.4276178,0.23259844462316254,0.01,0.22259844462316253,0.0,YES,1.0,0.0,6.930000000000001,-1.0,-7.930000000000001,17.325000000000003,-19.825000000000003
2026-03-11,KXHIGHTHOU,KXHIGHTHOU-26MAR11,KXHIGHTHOU-26MAR11-B80.5,between,80.5,80.0,81.0,0.99,0.0,1.0,0.0,1.0,8629.0,0.0,yes,1.0,81.0,finalized,KXHIGHTHOU,79.95738751093548,1.4276178,0.2554954277631519,0.99,-0.7345045722368481,1.0,NO,1.0000000000000009,0.0,6.930000000000001,-1.0000000000000009,-7.9300000000000015,17.325000000000003,-19.825000000000003
2026-03-11,KXHIGHTHOU,KXHIGHTHOU-26MAR11,KXHIGHTHOU-26MAR11-B78.5,between,78.5,78.0,79.0,0.01,0.0,1.0,0.0,1.0,8218.0,0.0,no,0.0,81.0,finalized,KXHIGHTHOU,79.95738751093548,1.4276178,0.16605766795525168,0.01,0.15605766795525167,0.0,YES,1.0,0.0,6.930000000000001,-1.0,-7.930000000000001,17.325000000000003,-19.825000000000003
2026-03-12,KXHIGHTHOU,KXHIGHTHOU-26MAR12,KXHIGHTHOU-26MAR12-T67,less,67.0,,67.0,0.01,0.0,1.0,0.0,1.0,11199.0,0.0,no,0.0,67.0,finalized,KXHIGHTHOU,67.05029304822285,1.2902167,0.4844530429253707,0.01,0.4744530429253707,0.0,YES,1.0,0.0,6.930000000000001,-1.0,-7.930000000000001,17.325000000000003,-19.825000000000003
2026-03-12,KXHIGHTHOU,KXHIGHTHOU-26MAR12,KXHIGHTHOU-26MAR12-B67.5,between,67.5,67.0,68.0,0.99,0.0,1.0,0.0,1.0,7562.0,0.0,yes,1.0,67.0,finalized,KXHIGHTHOU,67.05029304822285,1.2902167,0.2847069537494148,0.99,-0.7052930462505852,1.0,NO,1.0000000000000009,0.0,6.930000000000001,-1.0000000000000009,-7.9300000000000015,17.325000000000003,-19.825000000000003
2026-03-13,KXHIGHTHOU,KXHIGHTHOU-26MAR13,KXHIGHTHOU-26MAR13-B75.5,between,75.5,75.0,76.0,0.99,0.0,1.0,0.0,1.0,9500.0,0.0,yes,1.0,75.0,finalized,KXHIGHTHOU,75.6364117304484,1.1782181,0.3266362991248456,0.99,-0.6633637008751544,1.0,NO,1.0000000000000009,0.0,6.930000000000001,-1.0000000000000009,-7.9300000000000015,17.325000000000003,-19.825000000000003
2026-03-14,KXHIGHTHOU,KXHIGHTHOU-26MAR14,KXHIGHTHOU-26MAR14-B81.5,between,81.5,81.0,82.0,0.01,0.0,1.0,0.0,1.0,5904.0,0.0,no,0.0,79.0,finalized,KXHIGHTHOU,79.75191645622253,1.2939229,0.12622247393342312,0.01,0.11622247393342312,0.0,YES,1.0,0.0,6.930000000000001,-1.0,-7.930000000000001,17.325000000000003,-19.825000000000003
2026-03-14,KXHIGHTHOU,KXHIGHTHOU-26MAR14,KXHIGHTHOU-26MAR14-B79.5,between,79.5,79.0,80.0,0.99,0.0,1.0,0.0,1.0,7775.0,0.0,yes,1.0,79.0,finalized,KXHIGHTHOU,79.75191645622253,1.2939229,0.2954411796724875,0.99,-0.6945588203275125,1.0,NO,1.0000000000000009,0.0,6.930000000000001,-1.0000000000000009,-7.9300000000000015,17.325000000000003,-19.825000000000003
2026-03-15,KXHIGHTHOU,KXHIGHTHOU-26MAR15,KXHIGHTHOU-26MAR15-T83,less,83.0,,83.0,0.99,0.0,1.0,0.0,1.0,11183.0,0.0,yes,1.0,82.0,finalized,KXHIGHTHOU,82.19678858518598,1.4543234,0.709625898667948,0.99,-0.280374101332052,1.0,NO,1.0000000000000009,0.0,6.930000000000001,-1.0000000000000009,-7.9300000000000015,17.325000000000003,-19.825000000000003
2026-03-15,KXHIGHTHOU,KXHIGHTHOU-26MAR15,KXHIGHTHOU-26MAR15-B83.5,between,83.5,83.0,84.0,0.01,0.0,1.0,0.0,1.0,5826.0,0.0,no,0.0,82.0,finalized,KXHIGHTHOU,82.19678858518598,1.4543234,0.18286737745711434,0.01,0.17286737745711434,0.0,YES,1.0,0.0,6.930000000000001,-1.0,-7.930000000000001,17.325000000000003,-19.825000000000003
2026-03-16,KXHIGHTHOU,KXHIGHTHOU-26MAR16,KXHIGHTHOU-26MAR16-T59,less,59.0,,59.0,0.01,0.0,1.0,0.0,1.0,96428.0,0.0,no,0.0,62.0,finalized,KXHIGHTHOU,58.971885836124414,1.8719364,0.5059913930675659,0.01,0.4959913930675659,0.0,YES,1.0,0.0,6.930000000000001,-1.0,-7.930000000000001,17.325000000000003,-19.825000000000003
2026-03-16,KXHIGHTHOU,KXHIGHTHOU-26MAR16,KXHIGHTHOU-26MAR16-B61.5,between,61.5,61.0,62.0,0.99,0.0,1.0,0.0,1.0,37999.0,0.0,yes,1.0,62.0,finalized,KXHIGHTHOU,58.971885836124414,1.8719364,0.08643816256927206,0.99,-0.9035618374307279,1.0,NO,1.0000000000000009,0.0,6.930000000000001,-1.0000000000000009,-7.9300000000000015,17.325000000000003,-19.825000000000003
2026-03-16,KXHIGHTHOU,KXHIGHTHOU-26MAR16,KXHIGHTHOU-26MAR16-B59.5,between,59.5,59.0,60.0,0.01,0.0,1.0,0.0,1.0,23202.0,0.0,no,0.0,62.0,finalized,KXHIGHTHOU,58.971885836124414,1.8719364,0.20258305863630865,0.01,0.19258305863630865,0.0,YES,1.0,0.0,6.930000000000001,-1.0,-7.930000000000001,17.325000000000003,-19.825000000000003
2026-03-17,KXHIGHTHOU,KXHIGHTHOU-26MAR17,KXHIGHTHOU-26MAR17-T60,less,60.0,,60.0,0.01,0.0,1.0,0.0,1.0,16302.0,0.0,no,0.0,60.0,finalized,KXHIGHTHOU,60.25586226781209,1.2385153,0.41816585491236685,0.01,0.40816585491236684,0.0,YES,1.0,0.0,6.930000000000001,-1.0,-7.930000000000001,17.325000000000003,-19.825000000000003
2026-03-17,KXHIGHTHOU,KXHIGHTHOU-26MAR17,KXHIGHTHOU-26MAR17-B60.5,between,60.5,60.0,61.0,0.99,0.0,1.0,0.0,1.0,8269.0,0.0,yes,1.0,60.0,finalized,KXHIGHTHOU,60.25586226781209,1.2385153,0.30785769886215947,0.99,-0.6821423011378405,1.0,NO,1.0000000000000009,0.0,6.930000000000001,-1.0000000000000009,-7.9300000000000015,17.325000000000003,-19.825000000000003
2026-03-18,KXHIGHTHOU,KXHIGHTHOU-26MAR18,KXHIGHTHOU-26MAR18-T72,less,72.0,,72.0,0.01,0.0,1.0,0.0,1.0,6958.0,0.0,no,0.0,72.0,finalized,KXHIGHTHOU,72.27338767846426,1.3172266,0.417790978144366,0.01,0.407790978144366,0.0,YES,1.0,0.0,6.930000000000001,-1.0,-7.930000000000001,17.325000000000003,-19.825000000000003
2026-03-18,KXHIGHTHOU,KXHIGHTHOU-26MAR18,KXHIGHTHOU-26MAR18-B72.5,between,72.5,72.0,73.0,0.99,0.0,1.0,0.0,1.0,8149.0,0.0,yes,1.0,72.0,finalized,KXHIGHTHOU,72.27338767846426,1.3172266,0.2916056339137543,0.99,-0.6983943660862457,1.0,NO,1.0000000000000009,0.0,6.930000000000001,-1.0000000000000009,-7.9300000000000015,17.325000000000003,-19.825000000000003
2026-03-20,KXHIGHTHOU,KXHIGHTHOU-26MAR20,KXHIGHTHOU-26MAR20-B83.5,between,83.5,83.0,84.0,0.99,0.0,1.0,0.0,1.0,9022.0,5380.0,yes,1.0,83.0,finalized,KXHIGHTHOU,82.84943222204843,1.2376046,0.2753137191727124,0.99,-0.7146862808272876,1.0,NO,1.0000000000000009,0.0,6.930000000000001,-1.0000000000000009,-7.9300000000000015,17.325000000000003,-19.825000000000003
2026-03-20,KXHIGHTHOU,KXHIGHTHOU-26MAR20,KXHIGHTHOU-26MAR20-T83,less,83.0,,83.0,0.24,0.0,1.0,0.0,1.0,61448.0,57320.0,no,0.0,83.0,finalized,KXHIGHTHOU,82.84943222204843,1.2376046,0.5484161094045157,0.24,0.3084161094045157,0.0,YES,24.0,0.0,5.32,-24.0,-29.32,13.3,-73.3
2026-03-21,KXHIGHTHOU,KXHIGHTHOU-26MAR21,KXHIGHTHOU-26MAR21-B87.5,between,87.5,87.0,88.0,0.01,0.0,1.0,0.0,1.0,8133.0,6525.0,no,0.0,86.0,finalized,KXHIGHTHOU,86.1443452914556,1.0437714,0.168457638025585,0.01,0.158457638025585,0.0,YES,1.0,0.0,6.930000000000001,-1.0,-7.930000000000001,17.325000000000003,-19.825000000000003
2026-03-21,KXHIGHTHOU,KXHIGHTHOU-26MAR21,KXHIGHTHOU-26MAR21-T87,less,87.0,,87.0,0.99,0.0,1.0,0.0,1.0,12705.0,8815.0,yes,1.0,86.0,finalized,KXHIGHTHOU,86.1443452914556,1.0437714,0.7938269935059115,0.99,-0.19617300649408853,1.0,NO,1.0000000000000009,0.0,6.930000000000001,-1.0000000000000009,-7.9300000000000015,17.325000000000003,-19.825000000000003
2026-03-22,KXHIGHTHOU,KXHIGHTHOU-26MAR22,KXHIGHTHOU-26MAR22-B84.5,between,84.5,84.0,85.0,0.99,0.0,1.0,0.0,1.0,10102.0,6862.0,yes,1.0,84.0,finalized,KXHIGHTHOU,85.80038051605224,1.0743864,0.1812507290666374,0.99,-0.8087492709333626,1.0,NO,1.0000000000000009,0.0,6.930000000000001,-1.0000000000000009,-7.9300000000000015,17.325000000000003,-19.825000000000003
2026-03-22,KXHIGHTHOU,KXHIGHTHOU-26MAR22,KXHIGHTHOU-26MAR22-B86.5,between,86.5,86.0,87.0,0.01,0.0,1.0,0.0,1.0,21666.0,19019.0,no,0.0,84.0,finalized,KXHIGHTHOU,85.80038051605224,1.0743864,0.2942106269078151,0.01,0.28421062690781507,0.0,YES,1.0,0.0,6.930000000000001,-1.0,-7.930000000000001,17.325000000000003,-19.825000000000003
2026-03-23,KXHIGHTHOU,KXHIGHTHOU-26MAR23,KXHIGHTHOU-26MAR23-B83.5,between,83.5,83.0,84.0,0.99,0.0,1.0,0.0,1.0,10620.0,7411.0,yes,1.0,84.0,finalized,KXHIGHTHOU,85.47863172690074,1.2376504,0.09349521139355285,0.99,-0.8965047886064471,1.0,NO,1.0000000000000009,0.0,6.930000000000001,-1.0000000000000009,-7.9300000000000015,17.325000000000003,-19.825000000000003
2026-03-23,KXHIGHTHOU,KXHIGHTHOU-26MAR23,KXHIGHTHOU-26MAR23-B85.5,between,85.5,85.0,86.0,0.01,0.0,1.0,0.0,1.0,12533.0,7360.0,no,0.0,84.0,finalized,KXHIGHTHOU,85.47863172690074,1.2376504,0.3137366135499541,0.01,0.30373661354995407,0.0,YES,1.0,0.0,6.930000000000001,-1.0,-7.930000000000001,17.325000000000003,-19.825000000000003
2026-03-24,KXHIGHTHOU,KXHIGHTHOU-26MAR24,KXHIGHTHOU-26MAR24-T82,less,82.0,,82.0,0.01,0.0,1.0,0.0,1.0,16334.0,11252.0,no,0.0,82.0,finalized,KXHIGHTHOU,82.82490539550783,1.3715678,0.27377599880912,0.01,0.26377599880912,0.0,YES,1.0,0.0,6.930000000000001,-1.0,-7.930000000000001,17.325000000000003,-19.825000000000003
2026-03-24,KXHIGHTHOU,KXHIGHTHOU-26MAR24,KXHIGHTHOU-26MAR24-B84.5,between,84.5,84.0,85.0,0.01,0.0,1.0,0.0,1.0,13879.0,8072.0,no,0.0,82.0,finalized,KXHIGHTHOU,82.82490539550783,1.3715678,0.1394035673287286,0.01,0.1294035673287286,0.0,YES,1.0,0.0,6.930000000000001,-1.0,-7.930000000000001,17.325000000000003,-19.825000000000003
2026-03-24,KXHIGHTHOU,KXHIGHTHOU-26MAR24,KXHIGHTHOU-26MAR24-B82.5,between,82.5,82.0,83.0,0.99,0.0,1.0,0.0,1.0,10146.0,6798.0,yes,1.0,82.0,finalized,KXHIGHTHOU,82.82490539550783,1.3715678,0.2770150510913912,0.99,-0.7129849489086089,1.0,NO,1.0000000000000009,0.0,6.930000000000001,-1.0000000000000009,-7.9300000000000015,17.325000000000003,-19.825000000000003
2026-03-25,KXHIGHTHOU,KXHIGHTHOU-26MAR25,KXHIGHTHOU-26MAR25-B83.5,between,83.5,83.0,84.0,0.99,0.0,1.0,0.0,1.0,14848.0,8845.0,yes,1.0,83.0,finalized,KXHIGHTHOU,83.6115047454834,1.4383937,0.271083511239976,0.99,-0.718916488760024,1.0,NO,1.0000000000000009,0.0,6.930000000000001,-1.0000000000000009,-7.9300000000000015,17.325000000000003,-19.825000000000003
2026-03-25,KXHIGHTHOU,KXHIGHTHOU-26MAR25,KXHIGHTHOU-26MAR25-T83,less,83.0,,83.0,0.01,0.0,1.0,0.0,1.0,14680.0,7337.0,no,0.0,83.0,finalized,KXHIGHTHOU,83.6115047454834,1.4383937,0.3353708466200441,0.01,0.3253708466200441,0.0,YES,1.0,0.0,6.930000000000001,-1.0,-7.930000000000001,17.325000000000003,-19.825000000000003
2026-03-25,KXHIGHTHOU,KXHIGHTHOU-26MAR25,KXHIGHTHOU-26MAR25-B85.5,between,85.5,85.0,86.0,0.01,0.0,1.0,0.0,1.0,11077.0,8197.0,no,0.0,83.0,finalized,KXHIGHTHOU,83.6115047454834,1.4383937,0.11879089838877777,0.01,0.10879089838877777,0.0,YES,1.0,0.0,6.930000000000001,-1.0,-7.930000000000001,17.325000000000003,-19.825000000000003
2026-03-26,KXHIGHTHOU,KXHIGHTHOU-26MAR26,KXHIGHTHOU-26MAR26-T83,less,83.0,,83.0,0.01,0.0,1.0,0.0,1.0,28146.0,25572.0,no,0.0,83.0,finalized,KXHIGHTHOU,82.88573079506556,1.4954273,0.5304545028942863,0.01,0.5204545028942863,0.0,YES,1.0,0.0,6.930000000000001,-1.0,-7.930000000000001,17.325000000000003,-19.825000000000003
2026-03-26,KXHIGHTHOU,KXHIGHTHOU-26MAR26,KXHIGHTHOU-26MAR26-B83.5,between,83.5,83.0,84.0,0.99,0.0,1.0,0.0,1.0,12783.0,7874.0,yes,1.0,83.0,finalized,KXHIGHTHOU,82.88573079506556,1.4954273,0.24144519022066835,0.99,-0.7485548097793316,1.0,NO,1.0000000000000009,0.0,6.930000000000001,-1.0000000000000009,-7.9300000000000015,17.325000000000003,-19.825000000000003
2026-03-27,KXHIGHTHOU,KXHIGHTHOU-26MAR27,KXHIGHTHOU-26MAR27-B86.5,between,86.5,86.0,87.0,0.99,0.0,1.0,0.0,1.0,19215.0,8739.0,yes,1.0,86.0,finalized,KXHIGHTHOU,86.73486894766489,1.2963406,0.295629450682026,0.99,-0.6943705493179739,1.0,NO,1.0000000000000009,0.0,6.930000000000001,-1.0000000000000009,-7.9300000000000015,17.325000000000003,-19.825000000000003
2026-03-27,KXHIGHTHOU,KXHIGHTHOU-26MAR27,KXHIGHTHOU-26MAR27-B88.5,between,88.5,88.0,89.0,0.01,0.0,1.0,0.0,1.0,6881.0,4777.0,no,0.0,86.0,finalized,KXHIGHTHOU,86.73486894766489,1.2963406,0.12426053526996039,0.01,0.1142605352699604,0.0,YES,1.0,0.0,6.930000000000001,-1.0,-7.930000000000001,17.325000000000003,-19.825000000000003
2026-03-28,KXHIGHTHOU,KXHIGHTHOU-26MAR28,KXHIGHTHOU-26MAR28-B74.5,between,74.5,74.0,75.0,0.99,0.0,1.0,0.0,1.0,16509.0,7928.0,yes,1.0,75.0,finalized,KXHIGHTHOU,76.35985066890716,1.4780784,0.1236019308816487,0.99,-0.8663980691183513,1.0,NO,1.0000000000000009,0.0,6.930000000000001,-1.0000000000000009,-7.9300000000000015,17.325000000000003,-19.825000000000003
2026-03-28,KXHIGHTHOU,KXHIGHTHOU-26MAR28,KXHIGHTHOU-26MAR28-B76.5,between,76.5,76.0,77.0,0.01,0.0,1.0,0.0,1.0,15203.0,8389.0,no,0.0,75.0,finalized,KXHIGHTHOU,76.35985066890716,1.4780784,0.26370222946305233,0.01,0.2537022294630523,0.0,YES,1.0,0.0,6.930000000000001,-1.0,-7.930000000000001,17.325000000000003,-19.825000000000003
2026-03-29,KXHIGHTHOU,KXHIGHTHOU-26MAR29,KXHIGHTHOU-26MAR29-B83.5,between,83.5,83.0,84.0,0.99,0.0,1.0,0.0,1.0,20123.0,15624.0,yes,1.0,83.0,finalized,KXHIGHTHOU,84.03080930709838,1.1815047,0.2981180326539149,0.99,-0.6918819673460851,1.0,NO,1.0000000000000009,0.0,6.930000000000001,-1.0000000000000009,-7.9300000000000015,17.325000000000003,-19.825000000000003
2026-03-29,KXHIGHTHOU,KXHIGHTHOU-26MAR29,KXHIGHTHOU-26MAR29-B85.5,between,85.5,85.0,86.0,0.01,0.0,1.0,0.0,1.0,4796.0,3369.0,no,0.0,83.0,finalized,KXHIGHTHOU,84.03080930709838,1.1815047,0.15823298995666768,0.01,0.14823298995666767,0.0,YES,1.0,0.0,6.930000000000001,-1.0,-7.930000000000001,17.325000000000003,-19.825000000000003
2026-03-30,KXHIGHTHOU,KXHIGHTHOU-26MAR30,KXHIGHTHOU-26MAR30-B82.5,between,82.5,82.0,83.0,0.99,0.0,1.0,0.0,1.0,14199.0,11355.0,yes,1.0,83.0,finalized,KXHIGHTHOU,84.9449577967326,1.1612031,0.041367655864611476,0.99,-0.9486323441353885,1.0,NO,1.0000000000000009,0.0,6.930000000000001,-1.0000000000000009,-7.9300000000000015,17.325000000000003,-19.825000000000003
2026-03-30,KXHIGHTHOU,KXHIGHTHOU-26MAR30,KXHIGHTHOU-26MAR30-B86.5,between,86.5,86.0,87.0,0.01,0.0,1.0,0.0,1.0,3233.0,2151.0,no,0.0,83.0,finalized,KXHIGHTHOU,84.9449577967326,1.1612031,0.14340259912497066,0.01,0.13340259912497066,0.0,YES,1.0,0.0,6.930000000000001,-1.0,-7.930000000000001,17.325000000000003,-19.825000000000003
2026-03-30,KXHIGHTHOU,KXHIGHTHOU-26MAR30,KXHIGHTHOU-26MAR30-B84.5,between,84.5,84.0,85.0,0.01,0.0,1.0,0.0,1.0,11046.0,7046.0,no,0.0,83.0,finalized,KXHIGHTHOU,84.9449577967326,1.1612031,0.31101618632429706,0.01,0.30101618632429705,0.0,YES,1.0,0.0,6.930000000000001,-1.0,-7.930000000000001,17.325000000000003,-19.825000000000003
2026-03-31,KXHIGHTHOU,KXHIGHTHOU-26MAR31,KXHIGHTHOU-26MAR31-T83,less,83.0,,83.0,0.01,0.0,1.0,0.0,1.0,15499.0,11357.0,no,0.0,84.0,finalized,KXHIGHTHOU,83.97690314451853,1.2032171,0.20842185038628513,0.01,0.19842185038628513,0.0,YES,1.0,0.0,6.930000000000001,-1.0,-7.930000000000001,17.325000000000003,-19.825000000000003
2026-03-31,KXHIGHTHOU,KXHIGHTHOU-26MAR31,KXHIGHTHOU-26MAR31-B85.5,between,85.5,85.0,86.0,0.01,0.0,1.0,0.0,1.0,8913.0,5582.0,no,0.0,84.0,finalized,KXHIGHTHOU,83.97690314451853,1.2032171,0.15123684035563845,0.01,0.14123684035563844,0.0,YES,1.0,0.0,6.930000000000001,-1.0,-7.930000000000001,17.325000000000003,-19.825000000000003
2026-03-31,KXHIGHTHOU,KXHIGHTHOU-26MAR31,KXHIGHTHOU-26MAR31-B83.5,between,83.5,83.0,84.0,0.99,0.0,1.0,0.0,1.0,17240.0,13659.0,yes,1.0,84.0,finalized,KXHIGHTHOU,83.97690314451853,1.2032171,0.2992357418861965,0.99,-0.6907642581138035,1.0,NO,1.0000000000000009,0.0,6.930000000000001,-1.0000000000000009,-7.9300000000000015,17.325000000000003,-19.825000000000003
2026-04-01,KXHIGHTHOU,KXHIGHTHOU-26APR01,KXHIGHTHOU-26APR01-B84.5,between,84.5,84.0,85.0,0.99,0.0,1.0,0.0,1.0,11592.0,6347.0,yes,1.0,84.0,finalized,KXHIGHTHOU,83.50944875876108,1.1496915,0.23740073377675552,0.99,-0.7525992662232445,1.0,NO,1.0000000000000009,0.0,6.930000000000001,-1.0000000000000009,-7.9300000000000015,17.325000000000003,-19.825000000000003
2026-04-01,KXHIGHTHOU,KXHIGHTHOU-26APR01,KXHIGHTHOU-26APR01-B82.5,between,82.5,82.0,83.0,0.01,0.0,1.0,0.0,1.0,10325.0,8879.0,no,0.0,84.0,finalized,KXHIGHTHOU,83.50944875876108,1.1496915,0.2342347006323635,0.01,0.2242347006323635,0.0,YES,1.0,0.0,6.930000000000001,-1.0,-7.930000000000001,17.325000000000003,-19.825000000000003
2026-04-02,KXHIGHTHOU,KXHIGHTHOU-26APR02,KXHIGHTHOU-26APR02-B83.5,between,83.5,83.0,84.0,0.01,0.0,1.0,0.0,1.0,7652.0,4437.0,no,0.0,82.0,finalized,KXHIGHTHOU,82.18854149182637,1.2055554,0.18396997833573525,0.01,0.17396997833573524,0.0,YES,1.0,0.0,6.930000000000001,-1.0,-7.930000000000001,17.325000000000003,-19.825000000000003
2026-04-02,KXHIGHTHOU,KXHIGHTHOU-26APR02,KXHIGHTHOU-26APR02-B81.5,between,81.5,81.0,82.0,0.99,0.0,1.0,0.0,1.0,6538.0,3417.0,yes,1.0,82.0,finalized,KXHIGHTHOU,82.18854149182637,1.2055554,0.2757670088199454,0.99,-0.7142329911800546,1.0,NO,1.0000000000000009,0.0,6.930000000000001,-1.0000000000000009,-7.9300000000000015,17.325000000000003,-19.825000000000003
2026-04-02,KXHIGHTHOU,KXHIGHTHOU-26APR02,KXHIGHTHOU-26APR02-T81,less,81.0,,81.0,0.01,0.0,1.0,0.0,1.0,4294.0,2505.0,no,0.0,82.0,finalized,KXHIGHTHOU,82.18854149182637,1.2055554,0.16209427188847297,0.01,0.15209427188847296,0.0,YES,1.0,0.0,6.930000000000001,-1.0,-7.930000000000001,17.325000000000003,-19.825000000000003
2026-04-03,KXHIGHTHOU,KXHIGHTHOU-26APR03,KXHIGHTHOU-26APR03-B83.5,between,83.5,83.0,84.0,0.01,0.0,1.0,0.0,1.0,10268.0,8246.0,no,0.0,85.0,finalized,KXHIGHTHOU,83.70422434806825,1.2126409,0.3156407098356594,0.01,0.3056407098356594,0.0,YES,1.0,0.0,6.930000000000001,-1.0,-7.930000000000001,17.325000000000003,-19.825000000000003
2026-04-03,KXHIGHTHOU,KXHIGHTHOU-26APR03,KXHIGHTHOU-26APR03-B85.5,between,85.5,85.0,86.0,0.99,0.0,1.0,0.0,1.0,8493.0,6193.0,yes,1.0,85.0,finalized,KXHIGHTHOU,83.70422434806825,1.2126409,0.11346929011983198,0.99,-0.876530709880168,1.0,NO,1.0000000000000009,0.0,6.930000000000001,-1.0000000000000009,-7.9300000000000015,17.325000000000003,-19.825000000000003
2026-04-04,KXHIGHTHOU,KXHIGHTHOU-26APR04,KXHIGHTHOU-26APR04-B83.5,between,83.5,83.0,84.0,0.01,0.0,1.0,0.0,1.0,6572.0,4101.0,no,0.0,82.0,finalized,KXHIGHTHOU,82.55862696965535,1.3694811,0.22732960387782697,0.01,0.21732960387782696,0.0,YES,1.0,0.0,6.930000000000001,-1.0,-7.930000000000001,17.325000000000003,-19.825000000000003
2026-04-04,KXHIGHTHOU,KXHIGHTHOU-26APR04,KXHIGHTHOU-26APR04-T81,less,81.0,,81.0,0.01,0.0,1.0,0.0,1.0,9153.0,8151.0,no,0.0,82.0,finalized,KXHIGHTHOU,82.55862696965535,1.3694811,0.12753623230924205,0.01,0.11753623230924205,0.0,YES,1.0,0.0,6.930000000000001,-1.0,-7.930000000000001,17.325000000000003,-19.825000000000003
2026-04-04,KXHIGHTHOU,KXHIGHTHOU-26APR04,KXHIGHTHOU-26APR04-B81.5,between,81.5,81.0,82.0,0.99,0.0,1.0,0.0,1.0,12575.0,7651.0,yes,1.0,82.0,finalized,KXHIGHTHOU,82.55862696965535,1.3694811,0.21413312320236227,0.99,-0.7758668767976378,1.0,NO,1.0000000000000009,0.0,6.930000000000001,-1.0000000000000009,-7.9300000000000015,17.325000000000003,-19.825000000000003
2026-04-05,KXHIGHTHOU,KXHIGHTHOU-26APR05,KXHIGHTHOU-26APR05-T67,less,67.0,,67.0,0.01,0.0,1.0,0.0,1.0,7603.0,6163.0,no,0.0,67.0,finalized,KXHIGHTHOU,67.37825049956639,1.6174909,0.40755065426754045,0.01,0.39755065426754044,0.0,YES,1.0,0.0,6.930000000000001,-1.0,-7.930000000000001,17.325000000000003,-19.825000000000003
2026-04-05,KXHIGHTHOU,KXHIGHTHOU-26APR05,KXHIGHTHOU-26APR05-B67.5,between,67.5,67.0,68.0,0.99,0.0,1.0,0.0,1.0,9146.0,5934.0,yes,1.0,67.0,finalized,KXHIGHTHOU,67.37825049956639,1.6174909,0.24210513912396725,0.99,-0.7478948608760327,1.0,NO,1.0000000000000009,0.0,6.930000000000001,-1.0000000000000009,-7.9300000000000015,17.325000000000003,-19.825000000000003
2026-04-06,KXHIGHTHOU,KXHIGHTHOU-26APR06,KXHIGHTHOU-26APR06-B71.5,between,71.5,71.0,72.0,0.01,0.0,1.0,0.0,1.0,4237.0,3586.0,no,0.0,74.0,finalized,KXHIGHTHOU,73.12609894474348,1.716675,0.14815384123856812,0.01,0.1381538412385681,0.0,YES,1.0,0.0,6.930000000000001,-1.0,-7.930000000000001,17.325000000000003,-19.825000000000003
2026-04-06,KXHIGHTHOU,KXHIGHTHOU-26APR06,KXHIGHTHOU-26APR06-B73.5,between,73.5,73.0,74.0,0.99,0.0,1.0,0.0,1.0,5657.0,3344.0,yes,1.0,74.0,finalized,KXHIGHTHOU,73.12609894474348,1.716675,0.22392515906090038,0.99,-0.7660748409390996,1.0,NO,1.0000000000000009,0.0,6.930000000000001,-1.0000000000000009,-7.9300000000000015,17.325000000000003,-19.825000000000003
2026-04-07,KXHIGHTHOU,KXHIGHTHOU-26APR07,KXHIGHTHOU-26APR07-T73,less,73.0,,73.0,0.01,0.0,1.0,0.0,1.0,2084.0,1519.0,no,0.0,75.0,finalized,KXHIGHTHOU,74.56780858039856,1.3911704,0.12987738589419306,0.01,0.11987738589419307,0.0,YES,1.0,0.0,6.930000000000001,-1.0,-7.930000000000001,17.325000000000003,-19.825000000000003
2026-04-07,KXHIGHTHOU,KXHIGHTHOU-26APR07,KXHIGHTHOU-26APR07-B73.5,between,73.5,73.0,74.0,0.01,0.0,1.0,0.0,1.0,18610.0,17360.0,no,0.0,75.0,finalized,KXHIGHTHOU,74.56780858039856,1.3911704,0.21170376069196284,0.01,0.20170376069196283,0.0,YES,1.0,0.0,6.930000000000001,-1.0,-7.930000000000001,17.325000000000003,-19.825000000000003
2026-04-07,KXHIGHTHOU,KXHIGHTHOU-26APR07,KXHIGHTHOU-26APR07-B75.5,between,75.5,75.0,76.0,0.99,0.0,1.0,0.0,1.0,6863.0,3811.0,yes,1.0,75.0,finalized,KXHIGHTHOU,74.56780858039856,1.3911704,0.22640119383127588,0.99,-0.7635988061687241,1.0,NO,1.0000000000000009,0.0,6.930000000000001,-1.0000000000000009,-7.9300000000000015,17.325000000000003,-19.825000000000003
2026-04-08,KXHIGHTHOU,KXHIGHTHOU-26APR08,KXHIGHTHOU-26APR08-B79.5,between,79.5,79.0,80.0,0.99,0.0,1.0,0.0,1.0,13080.0,9433.0,yes,1.0,80.0,finalized,KXHIGHTHOU,79.36978380084038,1.3468268,0.2882540657741944,0.99,-0.7017459342258057,1.0,NO,1.0000000000000009,0.0,6.930000000000001,-1.0000000000000009,-7.9300000000000015,17.325000000000003,-19.825000000000003
2026-04-08,KXHIGHTHOU,KXHIGHTHOU-26APR08,KXHIGHTHOU-26APR08-B77.5,between,77.5,77.0,78.0,0.01,0.0,1.0,0.0,1.0,4971.0,3688.0,no,0.0,80.0,finalized,KXHIGHTHOU,79.36978380084038,1.3468268,0.11532228984141363,0.01,0.10532228984141363,0.0,YES,1.0,0.0,6.930000000000001,-1.0,-7.930000000000001,17.325000000000003,-19.825000000000003
2026-04-09,KXHIGHTHOU,KXHIGHTHOU-26APR09,KXHIGHTHOU-26APR09-B81.5,between,81.5,81.0,82.0,0.99,0.0,1.0,0.0,1.0,6515.49,4887.65,yes,1.0,81.0,finalized,KXHIGHTHOU,81.05669745604197,1.2921643,0.28480938372768627,0.99,-0.7051906162723137,1.0,NO,1.0000000000000009,0.0,6.930000000000001,-1.0000000000000009,-7.9300000000000015,17.325000000000003,-19.825000000000003
2026-04-09,KXHIGHTHOU,KXHIGHTHOU-26APR09,KXHIGHTHOU-26APR09-B79.5,between,79.5,79.0,80.0,0.01,0.0,1.0,0.0,1.0,6764.82,4970.83,no,0.0,81.0,finalized,KXHIGHTHOU,81.05669745604197,1.2921643,0.1510137423792225,0.01,0.14101374237922248,0.0,YES,1.0,0.0,6.930000000000001,-1.0,-7.930000000000001,17.325000000000003,-19.825000000000003
2026-04-10,KXHIGHTHOU,KXHIGHTHOU-26APR10,KXHIGHTHOU-26APR10-T77,less,77.0,,77.0,0.01,0.0,1.0,0.0,1.0,7016.88,6217.56,no,0.0,78.0,finalized,KXHIGHTHOU,77.34829770525296,1.4834589,0.4071868077939797,0.01,0.3971868077939797,0.0,YES,1.0,0.0,6.930000000000001,-1.0,-7.930000000000001,17.325000000000003,-19.825000000000003
2026-04-10,KXHIGHTHOU,KXHIGHTHOU-26APR10,KXHIGHTHOU-26APR10-B77.5,between,77.5,77.0,78.0,0.99,0.0,1.0,0.0,1.0,10479.26,6033.71,yes,1.0,78.0,finalized,KXHIGHTHOU,77.34829770525296,1.4834589,0.2625956983756857,0.99,-0.7274043016243144,1.0,NO,1.0000000000000009,0.0,6.930000000000001,-1.0000000000000009,-7.9300000000000015,17.325000000000003,-19.825000000000003
2026-04-11,KXHIGHTHOU,KXHIGHTHOU-26APR11,KXHIGHTHOU-26APR11-B79.5,between,79.5,79.0,80.0,0.01,0.0,1.0,0.0,1.0,8182.0,6724.0,no,0.0,81.0,finalized,KXHIGHTHOU,80.70537077585855,1.3903917,0.19596804387935796,0.01,0.18596804387935795,0.0,YES,1.0,0.0,6.930000000000001,-1.0,-7.930000000000001,17.325000000000003,-19.825000000000003
2026-04-11,KXHIGHTHOU,KXHIGHTHOU-26APR11,KXHIGHTHOU-26APR11-B81.5,between,81.5,81.0,82.0,0.99,0.0,1.0,0.0,1.0,8410.0,5037.0,yes,1.0,81.0,finalized,KXHIGHTHOU,80.70537077585855,1.3903917,0.2401967450903878,0.99,-0.7498032549096122,1.0,NO,1.0000000000000009,0.0,6.930000000000001,-1.0000000000000009,-7.9300000000000015,17.325000000000003,-19.825000000000003
2026-04-12,KXHIGHTHOU,KXHIGHTHOU-26APR12,KXHIGHTHOU-26APR12-B77.5,between,77.5,77.0,78.0,0.01,0.0,1.0,0.0,1.0,1757.0,1226.0,no,0.0,80.0,finalized,KXHIGHTHOU,79.31017104784648,1.2588241,0.11574722155718939,0.01,0.1057472215571894,0.0,YES,1.0,0.0,6.930000000000001,-1.0,-7.930000000000001,17.325000000000003,-19.825000000000003
2026-04-12,KXHIGHTHOU,KXHIGHTHOU-26APR12,KXHIGHTHOU-26APR12-B79.5,between,79.5,79.0,80.0,0.99,0.0,1.0,0.0,1.0,11736.0,7761.0,yes,1.0,80.0,finalized,KXHIGHTHOU,79.31017104784648,1.2588241,0.3054649412660972,0.99,-0.6845350587339027,1.0,NO,1.0000000000000009,0.0,6.930000000000001,-1.0000000000000009,-7.9300000000000015,17.325000000000003,-19.825000000000003
2026-04-13,KXHIGHTHOU,KXHIGHTHOU-26APR13,KXHIGHTHOU-26APR13-B84.5,between,84.5,84.0,85.0,0.01,0.0,1.0,0.0,1.0,4809.0,2446.0,no,0.0,81.0,finalized,KXHIGHTHOU,82.71551882425943,1.5157604,0.13249549615291312,0.01,0.12249549615291312,0.0,YES,1.0,0.0,6.930000000000001,-1.0,-7.930000000000001,17.325000000000003,-19.825000000000003
2026-04-13,KXHIGHTHOU,KXHIGHTHOU-26APR13,KXHIGHTHOU-26APR13-T82,less,82.0,,82.0,0.99,0.0,1.0,0.0,1.0,13675.0,5881.0,yes,1.0,81.0,finalized,KXHIGHTHOU,82.71551882425943,1.5157604,0.3184445806833266,0.99,-0.6715554193166734,1.0,NO,1.0000000000000009,0.0,6.930000000000001,-1.0000000000000009,-7.9300000000000015,17.325000000000003,-19.825000000000003
2026-04-13,KXHIGHTHOU,KXHIGHTHOU-26APR13,KXHIGHTHOU-26APR13-B82.5,between,82.5,82.0,83.0,0.01,0.0,1.0,0.0,1.0,8496.0,4871.0,no,0.0,81.0,finalized,KXHIGHTHOU,82.71551882425943,1.5157604,0.25599250762803805,0.01,0.24599250762803804,0.0,YES,1.0,0.0,6.930000000000001,-1.0,-7.930000000000001,17.325000000000003,-19.825000000000003
2026-04-14,KXHIGHTHOU,KXHIGHTHOU-26APR14,KXHIGHTHOU-26APR14-B84.5,between,84.5,84.0,85.0,0.99,0.0,1.0,0.0,1.0,8348.0,5357.0,yes,1.0,84.0,finalized,KXHIGHTHOU,82.94185373187065,1.465775,0.15503799231195958,0.99,-0.8349620076880404,1.0,NO,1.0000000000000009,0.0,6.930000000000001,-1.0000000000000009,-7.9300000000000015,17.325000000000003,-19.825000000000003
2026-04-14,KXHIGHTHOU,KXHIGHTHOU-26APR14,KXHIGHTHOU-26APR14-T82,less,82.0,,82.0,0.01,0.0,1.0,0.0,1.0,6967.0,5432.0,no,0.0,84.0,finalized,KXHIGHTHOU,82.94185373187065,1.465775,0.26025364034186527,0.01,0.25025364034186526,0.0,YES,1.0,0.0,6.930000000000001,-1.0,-7.930000000000001,17.325000000000003,-19.825000000000003
2026-04-14,KXHIGHTHOU,KXHIGHTHOU-26APR14,KXHIGHTHOU-26APR14-B82.5,between,82.5,82.0,83.0,0.01,0.0,1.0,0.0,1.0,8310.0,6351.0,no,0.0,84.0,finalized,KXHIGHTHOU,82.94185373187065,1.465775,0.2555679707701318,0.01,0.24556797077013182,0.0,YES,1.0,0.0,6.930000000000001,-1.0,-7.930000000000001,17.325000000000003,-19.825000000000003
2026-04-15,KXHIGHTHOU,KXHIGHTHOU-26APR15,KXHIGHTHOU-26APR15-B82.5,between,82.5,82.0,83.0,0.01,0.0,1.0,0.0,1.0,6842.0,5387.0,no,0.0,84.0,finalized,KXHIGHTHOU,83.88888499736785,1.3879908,0.1741763638545029,0.01,0.1641763638545029,0.0,YES,1.0,0.0,6.930000000000001,-1.0,-7.930000000000001,17.325000000000003,-19.825000000000003
2026-04-15,KXHIGHTHOU,KXHIGHTHOU-26APR15,KXHIGHTHOU-26APR15-B84.5,between,84.5,84.0,85.0,0.99,0.0,1.0,0.0,1.0,6633.0,4837.0,yes,1.0,84.0,finalized,KXHIGHTHOU,83.88888499736785,1.3879908,0.25639226021376094,0.99,-0.733607739786239,1.0,NO,1.0000000000000009,0.0,6.930000000000001,-1.0000000000000009,-7.9300000000000015,17.325000000000003,-19.825000000000003
2026-04-16,KXHIGHTHOU,KXHIGHTHOU-26APR16,KXHIGHTHOU-26APR16-B85.5,between,85.5,85.0,86.0,0.99,0.0,1.0,0.0,1.0,4285.31,3080.94,yes,1.0,85.0,finalized,KXHIGHTHOU,85.44601502815883,1.3989937,0.279008324007167,0.99,-0.710991675992833,1.0,NO,1.0000000000000009,0.0,6.930000000000001,-1.0000000000000009,-7.9300000000000015,17.325000000000003,-19.825000000000003
2026-04-16,KXHIGHTHOU,KXHIGHTHOU-26APR16,KXHIGHTHOU-26APR16-T85,less,85.0,,85.0,0.01,0.0,1.0,0.0,1.0,6855.74,4817.67,no,0.0,85.0,finalized,KXHIGHTHOU,85.44601502815883,1.3989937,0.3749347995180732,0.01,0.36493479951807317,0.0,YES,1.0,0.0,6.930000000000001,-1.0,-7.930000000000001,17.325000000000003,-19.825000000000003
2026-02-11,KXHIGHTSATX,KXHIGHTSATX-26FEB11,KXHIGHTSATX-26FEB11-B77.5,between,77.5,77.0,78.0,0.99,0.99,1.0,0.0,0.01,3247.0,0.0,yes,1.0,77.0,finalized,KXHIGHTSATX,77.18178628285726,0.93263996,0.3871112475637435,0.99,-0.6028887524362565,1.0,NO,1.0000000000000009,0.0,6.930000000000001,-1.0000000000000009,-7.9300000000000015,17.325000000000003,-19.825000000000003
2026-02-12,KXHIGHTSATX,KXHIGHTSATX-26FEB12,KXHIGHTSATX-26FEB12-B79.5,between,79.5,79.0,80.0,0.01,0.0,1.0,0.0,1.0,3502.0,0.0,no,0.0,78.0,finalized,KXHIGHTSATX,79.23653717041016,0.9731573,0.37965408121199584,0.01,0.36965408121199583,0.0,YES,1.0,0.0,6.930000000000001,-1.0,-7.930000000000001,17.325000000000003,-19.825000000000003
2026-02-12,KXHIGHTSATX,KXHIGHTSATX-26FEB12,KXHIGHTSATX-26FEB12-B77.5,between,77.5,77.0,78.0,0.99,0.0,1.0,0.0,1.0,2669.0,0.0,yes,1.0,78.0,finalized,KXHIGHTSATX,79.23653717041016,0.9731573,0.09115312209328788,0.99,-0.8988468779067121,1.0,NO,1.0000000000000009,0.0,6.930000000000001,-1.0000000000000009,-7.9300000000000015,17.325000000000003,-19.825000000000003
2026-02-13,KXHIGHTSATX,KXHIGHTSATX-26FEB13,KXHIGHTSATX-26FEB13-T79,less,79.0,,79.0,0.01,0.0,1.0,0.0,1.0,2978.0,0.0,no,0.0,79.0,finalized,KXHIGHTSATX,79.2475388209025,1.0363135,0.4056052120633875,0.01,0.3956052120633875,0.0,YES,1.0,0.0,6.930000000000001,-1.0,-7.930000000000001,17.325000000000003,-19.825000000000003
2026-02-13,KXHIGHTSATX,KXHIGHTSATX-26FEB13,KXHIGHTSATX-26FEB13-B79.5,between,79.5,79.0,80.0,0.99,0.0,1.0,0.0,1.0,7636.0,0.0,yes,1.0,79.0,finalized,KXHIGHTSATX,79.2475388209025,1.0363135,0.3605042558695606,0.99,-0.6294957441304394,1.0,NO,1.0000000000000009,0.0,6.930000000000001,-1.0000000000000009,-7.9300000000000015,17.325000000000003,-19.825000000000003
2026-02-14,KXHIGHTSATX,KXHIGHTSATX-26FEB14,KXHIGHTSATX-26FEB14-T73,less,73.0,,73.0,0.01,0.0,1.0,0.0,1.0,4552.0,0.0,no,0.0,77.0,finalized,KXHIGHTSATX,74.48520646095277,1.2976887,0.1262078945945289,0.01,0.11620789459452892,0.0,YES,1.0,0.0,6.930000000000001,-1.0,-7.930000000000001,17.325000000000003,-19.825000000000003
2026-02-14,KXHIGHTSATX,KXHIGHTSATX-26FEB14,KXHIGHTSATX-26FEB14-B77.5,between,77.5,77.0,78.0,0.99,0.0,1.0,0.0,1.0,3738.0,0.0,yes,1.0,77.0,finalized,KXHIGHTSATX,74.48520646095277,1.2976887,0.022938214374343846,0.99,-0.9670617856256561,1.0,NO,1.0000000000000009,0.0,6.930000000000001,-1.0000000000000009,-7.9300000000000015,17.325000000000003,-19.825000000000003
2026-02-14,KXHIGHTSATX,KXHIGHTSATX-26FEB14,KXHIGHTSATX-26FEB14-B75.5,between,75.5,75.0,76.0,0.01,0.0,1.0,0.0,1.0,3608.0,0.0,no,0.0,77.0,finalized,KXHIGHTSATX,74.48520646095277,1.2976887,0.2242498428667844,0.01,0.2142498428667844,0.0,YES,1.0,0.0,6.930000000000001,-1.0,-7.930000000000001,17.325000000000003,-19.825000000000003
2026-02-14,KXHIGHTSATX,KXHIGHTSATX-26FEB14,KXHIGHTSATX-26FEB14-B73.5,between,73.5,73.0,74.0,0.01,0.0,1.0,0.0,1.0,5366.0,0.0,no,0.0,77.0,finalized,KXHIGHTSATX,74.48520646095277,1.2976887,0.22803127799127693,0.01,0.21803127799127692,0.0,YES,1.0,0.0,6.930000000000001,-1.0,-7.930000000000001,17.325000000000003,-19.825000000000003
2026-02-15,KXHIGHTSATX,KXHIGHTSATX-26FEB15,KXHIGHTSATX-26FEB15-B77.5,between,77.5,77.0,78.0,0.99,0.0,1.0,0.0,1.0,4257.0,0.0,yes,1.0,77.0,finalized,KXHIGHTSATX,76.84717243512472,0.9686811,0.3203160223683392,0.99,-0.6696839776316608,1.0,NO,1.0000000000000009,0.0,6.930000000000001,-1.0000000000000009,-7.9300000000000015,17.325000000000003,-19.825000000000003
2026-02-15,KXHIGHTSATX,KXHIGHTSATX-26FEB15,KXHIGHTSATX-26FEB15-B75.5,between,75.5,75.0,76.0,0.01,0.0,1.0,0.0,1.0,5189.0,0.0,no,0.0,77.0,finalized,KXHIGHTSATX,76.84717243512472,0.9686811,0.16263878288293152,0.01,0.1526387828829315,0.0,YES,1.0,0.0,6.930000000000001,-1.0,-7.930000000000001,17.325000000000003,-19.825000000000003
2026-02-16,KXHIGHTSATX,KXHIGHTSATX-26FEB16,KXHIGHTSATX-26FEB16-B78.5,between,78.5,78.0,79.0,0.99,0.0,1.0,0.0,1.0,4891.0,0.0,yes,1.0,78.0,finalized,KXHIGHTSATX,78.50578598181407,0.8702941,0.43437438072097306,0.99,-0.555625619279027,1.0,NO,1.0000000000000009,0.0,6.930000000000001,-1.0000000000000009,-7.9300000000000015,17.325000000000003,-19.825000000000003
2026-02-17,KXHIGHTSATX,KXHIGHTSATX-26FEB17,KXHIGHTSATX-26FEB17-B86.5,between,86.5,86.0,87.0,0.01,0.0,1.0,0.0,1.0,4285.0,0.0,no,0.0,85.0,finalized,KXHIGHTSATX,85.50984131495159,0.9407527,0.24457747920121753,0.01,0.23457747920121752,0.0,YES,1.0,0.0,6.930000000000001,-1.0,-7.930000000000001,17.325000000000003,-19.825000000000003
2026-02-17,KXHIGHTSATX,KXHIGHTSATX-26FEB17,KXHIGHTSATX-26FEB17-B84.5,between,84.5,84.0,85.0,0.99,0.0,1.0,0.0,1.0,6529.0,0.0,yes,1.0,85.0,finalized,KXHIGHTSATX,85.50984131495159,0.9407527,0.23967162037211806,0.99,-0.7503283796278819,1.0,NO,1.0000000000000009,0.0,6.930000000000001,-1.0000000000000009,-7.9300000000000015,17.325000000000003,-19.825000000000003
2026-02-19,KXHIGHTSATX,KXHIGHTSATX-26FEB19,KXHIGHTSATX-26FEB19-B86.5,between,86.5,86.0,87.0,0.99,0.0,1.0,0.0,1.0,10781.0,0.0,yes,1.0,86.0,finalized,KXHIGHTSATX,84.35010108153027,0.95875436,0.03978074447938951,0.99,-0.9502192555206105,1.0,NO,1.0000000000000009,0.0,6.930000000000001,-1.0000000000000009,-7.9300000000000015,17.325000000000003,-19.825000000000003
2026-02-19,KXHIGHTSATX,KXHIGHTSATX-26FEB19,KXHIGHTSATX-26FEB19-B84.5,between,84.5,84.0,85.0,0.01,0.0,1.0,0.0,1.0,6424.0,0.0,no,0.0,86.0,finalized,KXHIGHTSATX,84.35010108153027,0.95875436,0.39357392639514643,0.01,0.3835739263951464,0.0,YES,1.0,0.0,6.930000000000001,-1.0,-7.930000000000001,17.325000000000003,-19.825000000000003
2026-02-21,KXHIGHTSATX,KXHIGHTSATX-26FEB21,KXHIGHTSATX-26FEB21-T75,less,75.0,,75.0,0.01,0.0,1.0,0.0,1.0,5925.0,0.0,no,0.0,76.0,finalized,KXHIGHTSATX,75.15729052225748,1.1421893,0.4452349329370267,0.01,0.4352349329370267,0.0,YES,1.0,0.0,6.930000000000001,-1.0,-7.930000000000001,17.325000000000003,-19.825000000000003
2026-02-21,KXHIGHTSATX,KXHIGHTSATX-26FEB21,KXHIGHTSATX-26FEB21-B75.5,between,75.5,75.0,76.0,0.99,0.0,1.0,0.0,1.0,6700.0,0.0,yes,1.0,76.0,finalized,KXHIGHTSATX,75.15729052225748,1.1421893,0.32444766597935387,0.99,-0.6655523340206462,1.0,NO,1.0000000000000009,0.0,6.930000000000001,-1.0000000000000009,-7.9300000000000015,17.325000000000003,-19.825000000000003
2026-02-22,KXHIGHTSATX,KXHIGHTSATX-26FEB22,KXHIGHTSATX-26FEB22-B65.5,between,65.5,65.0,66.0,0.99,0.0,1.0,0.0,1.0,5007.0,0.0,yes,1.0,66.0,finalized,KXHIGHTSATX,65.40850241184235,1.0333122,0.3701856462996134,0.99,-0.6198143537003866,1.0,NO,1.0000000000000009,0.0,6.930000000000001,-1.0000000000000009,-7.9300000000000015,17.325000000000003,-19.825000000000003
2026-02-23,KXHIGHTSATX,KXHIGHTSATX-26FEB23,KXHIGHTSATX-26FEB23-B67.5,between,67.5,67.0,68.0,0.01,0.0,1.0,0.0,1.0,3469.0,0.0,no,0.0,66.0,finalized,KXHIGHTSATX,66.25888994137445,0.8528041,0.1718219533027472,0.01,0.16182195330274718,0.0,YES,1.0,0.0,6.930000000000001,-1.0,-7.930000000000001,17.325000000000003,-19.825000000000003
2026-02-23,KXHIGHTSATX,KXHIGHTSATX-26FEB23,KXHIGHTSATX-26FEB23-B65.5,between,65.5,65.0,66.0,0.98,0.0,1.0,0.0,1.0,29006.0,0.0,yes,1.0,66.0,finalized,KXHIGHTSATX,66.25888994137445,0.8528041,0.3107777075294089,0.98,-0.6692222924705911,1.0,NO,2.0000000000000018,0.0,6.86,-2.0000000000000018,-8.860000000000003,17.15,-22.15000000000001
2026-02-24,KXHIGHTSATX,KXHIGHTSATX-26FEB24,KXHIGHTSATX-26FEB24-B75.5,between,75.5,75.0,76.0,0.99,0.0,1.0,0.0,1.0,7937.0,0.0,yes,1.0,75.0,finalized,KXHIGHTSATX,75.3588683684667,0.87146753,0.42879706440271803,0.99,-0.561202935597282,1.0,NO,1.0000000000000009,0.0,6.930000000000001,-1.0000000000000009,-7.9300000000000015,17.325000000000003,-19.825000000000003
2026-02-25,KXHIGHTSATX,KXHIGHTSATX-26FEB25,KXHIGHTSATX-26FEB25-B89.5,between,89.5,89.0,90.0,0.01,0.0,1.0,0.0,1.0,5139.0,0.0,no,0.0,87.0,finalized,KXHIGHTSATX,88.4705397049586,0.93576336,0.23468092805510266,0.01,0.22468092805510265,0.0,YES,1.0,0.0,6.930000000000001,-1.0,-7.930000000000001,17.325000000000003,-19.825000000000003
2026-02-25,KXHIGHTSATX,KXHIGHTSATX-26FEB25,KXHIGHTSATX-26FEB25-B87.5,between,87.5,87.0,88.0,0.99,0.0,1.0,0.0,1.0,8044.0,0.0,yes,1.0,87.0,finalized,KXHIGHTSATX,88.4705397049586,0.93576336,0.24950339551096984,0.99,-0.7404966044890302,1.0,NO,1.0000000000000009,0.0,6.930000000000001,-1.0000000000000009,-7.9300000000000015,17.325000000000003,-19.825000000000003
2026-02-26,KXHIGHTSATX,KXHIGHTSATX-26FEB26,KXHIGHTSATX-26FEB26-T95,greater,95.0,95.0,,0.01,0.0,1.0,0.0,1.0,4168.0,0.0,no,0.0,95.0,finalized,KXHIGHTSATX,94.22223611672719,0.8606167,0.18306967349697767,0.01,0.17306967349697766,0.0,YES,1.0,0.0,6.930000000000001,-1.0,-7.930000000000001,17.325000000000003,-19.825000000000003
2026-02-26,KXHIGHTSATX,KXHIGHTSATX-26FEB26,KXHIGHTSATX-26FEB26-B94.5,between,94.5,94.0,95.0,0.99,0.0,1.0,0.0,1.0,6333.0,0.0,yes,1.0,95.0,finalized,KXHIGHTSATX,94.22223611672719,0.8606167,0.4188152066172196,0.99,-0.5711847933827804,1.0,NO,1.0000000000000009,0.0,6.930000000000001,-1.0000000000000009,-7.9300000000000015,17.325000000000003,-19.825000000000003
2026-02-27,KXHIGHTSATX,KXHIGHTSATX-26FEB27,KXHIGHTSATX-26FEB27-B87.5,between,87.5,87.0,88.0,0.01,0.0,1.0,0.0,1.0,3305.0,0.0,no,0.0,86.0,finalized,KXHIGHTSATX,86.53058799107869,0.90390396,0.24975575615458412,0.01,0.2397557561545841,0.0,YES,1.0,0.0,6.930000000000001,-1.0,-7.930000000000001,17.325000000000003,-19.825000000000003
2026-02-27,KXHIGHTSATX,KXHIGHTSATX-26FEB27,KXHIGHTSATX-26FEB27-B85.5,between,85.5,85.0,86.0,0.99,0.0,1.0,0.0,1.0,6464.0,0.0,yes,1.0,86.0,finalized,KXHIGHTSATX,86.53058799107869,0.90390396,0.23340479457407098,0.99,-0.7565952054259291,1.0,NO,1.0000000000000009,0.0,6.930000000000001,-1.0000000000000009,-7.9300000000000015,17.325000000000003,-19.825000000000003
2026-02-28,KXHIGHTSATX,KXHIGHTSATX-26FEB28,KXHIGHTSATX-26FEB28-B85.5,between,85.5,85.0,86.0,0.96,0.0,1.0,0.0,1.0,6469.0,0.0,yes,1.0,85.0,finalized,KXHIGHTSATX,85.45950038433075,1.0026851,0.38169531546101043,0.96,-0.5783046845389895,1.0,NO,4.0000000000000036,0.0,6.720000000000001,-4.0000000000000036,-10.720000000000004,16.8,-26.800000000000008
2026-03-01,KXHIGHTSATX,KXHIGHTSATX-26MAR01,KXHIGHTSATX-26MAR01-B85.5,between,85.5,85.0,86.0,0.99,0.0,1.0,0.0,1.0,7975.0,0.0,yes,1.0,86.0,finalized,KXHIGHTSATX,85.32928921381634,0.8940446,0.4171128558012065,0.99,-0.5728871441987935,1.0,NO,1.0000000000000009,0.0,6.930000000000001,-1.0000000000000009,-7.9300000000000015,17.325000000000003,-19.825000000000003
2026-03-02,KXHIGHTSATX,KXHIGHTSATX-26MAR02,KXHIGHTSATX-26MAR02-B86.5,between,86.5,86.0,87.0,0.99,0.0,1.0,0.0,1.0,8240.0,0.0,yes,1.0,86.0,finalized,KXHIGHTSATX,85.69233392874399,0.9017444,0.29297218909584655,0.99,-0.6970278109041534,1.0,NO,1.0000000000000009,0.0,6.930000000000001,-1.0000000000000009,-7.9300000000000015,17.325000000000003,-19.825000000000003
2026-03-02,KXHIGHTSATX,KXHIGHTSATX-26MAR02,KXHIGHTSATX-26MAR02-B84.5,between,84.5,84.0,85.0,0.01,0.0,1.0,0.0,1.0,9854.0,0.0,no,0.0,86.0,finalized,KXHIGHTSATX,85.69233392874399,0.9017444,0.19103407174248443,0.01,0.18103407174248443,0.0,YES,1.0,0.0,6.930000000000001,-1.0,-7.930000000000001,17.325000000000003,-19.825000000000003
2026-03-03,KXHIGHTSATX,KXHIGHTSATX-26MAR03,KXHIGHTSATX-26MAR03-B87.5,between,87.5,87.0,88.0,0.99,0.0,1.0,0.0,1.0,8250.0,0.0,yes,1.0,87.0,finalized,KXHIGHTSATX,86.99318937460582,0.8889345,0.3682531830068526,0.99,-0.6217468169931474,1.0,NO,1.0000000000000009,0.0,6.930000000000001,-1.0000000000000009,-7.9300000000000015,17.325000000000003,-19.825000000000003
2026-03-03,KXHIGHTSATX,KXHIGHTSATX-26MAR03,KXHIGHTSATX-26MAR03-B85.5,between,85.5,85.0,86.0,0.01,0.0,1.0,0.0,1.0,7118.0,0.0,no,0.0,87.0,finalized,KXHIGHTSATX,86.99318937460582,0.8889345,0.11946367582529335,0.01,0.10946367582529336,0.0,YES,1.0,0.0,6.930000000000001,-1.0,-7.930000000000001,17.325000000000003,-19.825000000000003
2026-03-04,KXHIGHTSATX,KXHIGHTSATX-26MAR04,KXHIGHTSATX-26MAR04-B87.5,between,87.5,87.0,88.0,0.99,0.0,1.0,0.0,1.0,8918.0,0.0,yes,1.0,88.0,finalized,KXHIGHTSATX,87.05401490529378,0.910366,0.3742835905785157,0.99,-0.6157164094214843,1.0,NO,1.0000000000000009,0.0,6.930000000000001,-1.0000000000000009,-7.9300000000000015,17.325000000000003,-19.825000000000003
2026-03-04,KXHIGHTSATX,KXHIGHTSATX-26MAR04,KXHIGHTSATX-26MAR04-B85.5,between,85.5,85.0,86.0,0.01,0.0,1.0,0.0,1.0,7653.0,0.0,no,0.0,88.0,finalized,KXHIGHTSATX,87.05401490529378,0.910366,0.11144693324793647,0.01,0.10144693324793648,0.0,YES,1.0,0.0,6.930000000000001,-1.0,-7.930000000000001,17.325000000000003,-19.825000000000003
2026-03-05,KXHIGHTSATX,KXHIGHTSATX-26MAR05,KXHIGHTSATX-26MAR05-B86.5,between,86.5,86.0,87.0,0.99,0.0,1.0,0.0,1.0,9200.0,0.0,yes,1.0,87.0,finalized,KXHIGHTSATX,85.88448605537414,0.94970816,0.3315154475250053,0.99,-0.6584845524749947,1.0,NO,1.0000000000000009,0.0,6.930000000000001,-1.0000000000000009,-7.9300000000000015,17.325000000000003,-19.825000000000003
2026-03-05,KXHIGHTSATX,KXHIGHTSATX-26MAR05,KXHIGHTSATX-26MAR05-B84.5,between,84.5,84.0,85.0,0.01,0.0,1.0,0.0,1.0,13365.0,0.0,no,0.0,87.0,finalized,KXHIGHTSATX,85.88448605537414,0.94970816,0.15223061428580809,0.01,0.14223061428580808,0.0,YES,1.0,0.0,6.930000000000001,-1.0,-7.930000000000001,17.325000000000003,-19.825000000000003
2026-03-06,KXHIGHTSATX,KXHIGHTSATX-26MAR06,KXHIGHTSATX-26MAR06-B86.5,between,86.5,86.0,87.0,0.99,0.0,1.0,0.0,1.0,7655.0,0.0,yes,1.0,86.0,finalized,KXHIGHTSATX,85.32268939018249,0.99297035,0.20199410587648703,0.99,-0.788005894123513,1.0,NO,1.0000000000000009,0.0,6.930000000000001,-1.0000000000000009,-7.9300000000000015,17.325000000000003,-19.825000000000003
2026-03-06,KXHIGHTSATX,KXHIGHTSATX-26MAR06,KXHIGHTSATX-26MAR06-B84.5,between,84.5,84.0,85.0,0.01,0.0,1.0,0.0,1.0,22713.0,0.0,no,0.0,86.0,finalized,KXHIGHTSATX,85.32268939018249,0.99297035,0.28117909051093715,0.01,0.27117909051093714,0.0,YES,1.0,0.0,6.930000000000001,-1.0,-7.930000000000001,17.325000000000003,-19.825000000000003
2026-03-07,KXHIGHTSATX,KXHIGHTSATX-26MAR07,KXHIGHTSATX-26MAR07-T79,less,79.0,,79.0,0.01,0.0,1.0,0.0,1.0,16829.0,0.0,no,0.0,79.0,finalized,KXHIGHTSATX,80.11495856444041,1.1772481,0.1717967538117542,0.01,0.16179675381175418,0.0,YES,1.0,0.0,6.930000000000001,-1.0,-7.930000000000001,17.325000000000003,-19.825000000000003
2026-03-07,KXHIGHTSATX,KXHIGHTSATX-26MAR07,KXHIGHTSATX-26MAR07-B81.5,between,81.5,81.0,82.0,0.01,0.0,1.0,0.0,1.0,5236.0,0.0,no,0.0,79.0,finalized,KXHIGHTSATX,80.11495856444041,1.1772481,0.17142584187435628,0.01,0.16142584187435627,0.0,YES,1.0,0.0,6.930000000000001,-1.0,-7.930000000000001,17.325000000000003,-19.825000000000003
2026-03-07,KXHIGHTSATX,KXHIGHTSATX-26MAR07,KXHIGHTSATX-26MAR07-B79.5,between,79.5,79.0,80.0,0.99,0.0,1.0,0.0,1.0,3866.0,0.0,yes,1.0,79.0,finalized,KXHIGHTSATX,80.11495856444041,1.1772481,0.28930825986953257,0.99,-0.7006917401304674,1.0,NO,1.0000000000000009,0.0,6.930000000000001,-1.0000000000000009,-7.9300000000000015,17.325000000000003,-19.825000000000003
2026-03-09,KXHIGHTSATX,KXHIGHTSATX-26MAR09,KXHIGHTSATX-26MAR09-T79,less,79.0,,79.0,0.99,0.0,1.0,0.0,1.0,12642.0,0.0,yes,1.0,78.0,finalized,KXHIGHTSATX,78.1041601061821,1.1296812,0.7861117793793444,0.99,-0.2038882206206556,1.0,NO,1.0000000000000009,0.0,6.930000000000001,-1.0000000000000009,-7.9300000000000015,17.325000000000003,-19.825000000000003
2026-03-09,KXHIGHTSATX,KXHIGHTSATX-26MAR09,KXHIGHTSATX-26MAR09-B79.5,between,79.5,79.0,80.0,0.01,0.0,1.0,0.0,1.0,6612.0,0.0,no,0.0,78.0,finalized,KXHIGHTSATX,78.1041601061821,1.1296812,0.16723495452715254,0.01,0.15723495452715253,0.0,YES,1.0,0.0,6.930000000000001,-1.0,-7.930000000000001,17.325000000000003,-19.825000000000003
2026-03-10,KXHIGHTSATX,KXHIGHTSATX-26MAR10,KXHIGHTSATX-26MAR10-B84.5,between,84.5,84.0,85.0,0.99,0.0,1.0,0.0,1.0,9020.0,0.0,yes,1.0,84.0,finalized,KXHIGHTSATX,83.99871074358622,1.1162778,0.3146769246957546,0.99,-0.6753230753042454,1.0,NO,1.0000000000000009,0.0,6.930000000000001,-1.0000000000000009,-7.9300000000000015,17.325000000000003,-19.825000000000003
2026-03-10,KXHIGHTSATX,KXHIGHTSATX-26MAR10,KXHIGHTSATX-26MAR10-B82.5,between,82.5,82.0,83.0,0.01,0.0,1.0,0.0,1.0,3971.0,0.0,no,0.0,84.0,finalized,KXHIGHTSATX,83.99871074358622,1.1162778,0.14879357033043958,0.01,0.13879357033043957,0.0,YES,1.0,0.0,6.930000000000001,-1.0,-7.930000000000001,17.325000000000003,-19.825000000000003
2026-03-11,KXHIGHTSATX,KXHIGHTSATX-26MAR11,KXHIGHTSATX-26MAR11-B85.5,between,85.5,85.0,86.0,0.99,0.0,1.0,0.0,1.0,8506.0,0.0,yes,1.0,85.0,finalized,KXHIGHTSATX,83.33428308963776,1.1170712,0.0594531032819442,0.99,-0.9305468967180558,1.0,NO,1.0000000000000009,0.0,6.930000000000001,-1.0000000000000009,-7.9300000000000015,17.325000000000003,-19.825000000000003
2026-03-11,KXHIGHTSATX,KXHIGHTSATX-26MAR11,KXHIGHTSATX-26MAR11-B83.5,between,83.5,83.0,84.0,0.01,0.0,1.0,0.0,1.0,12452.0,0.0,no,0.0,85.0,finalized,KXHIGHTSATX,83.33428308963776,1.1170712,0.34202038874668617,0.01,0.33202038874668616,0.0,YES,1.0,0.0,6.930000000000001,-1.0,-7.930000000000001,17.325000000000003,-19.825000000000003
2026-03-12,KXHIGHTSATX,KXHIGHTSATX-26MAR12,KXHIGHTSATX-26MAR12-B71.5,between,71.5,71.0,72.0,0.01,0.0,1.0,0.0,1.0,4819.0,0.0,no,0.0,70.0,finalized,KXHIGHTSATX,70.19954698880514,0.9969354,0.1755521989626636,0.01,0.1655521989626636,0.0,YES,1.0,0.0,6.930000000000001,-1.0,-7.930000000000001,17.325000000000003,-19.825000000000003
2026-03-12,KXHIGHTSATX,KXHIGHTSATX-26MAR12,KXHIGHTSATX-26MAR12-B69.5,between,69.5,69.0,70.0,0.99,0.0,1.0,0.0,1.0,5665.0,0.0,yes,1.0,70.0,finalized,KXHIGHTSATX,70.19954698880514,0.9969354,0.3062347547964255,0.99,-0.6837652452035745,1.0,NO,1.0000000000000009,0.0,6.930000000000001,-1.0000000000000009,-7.9300000000000015,17.325000000000003,-19.825000000000003
2026-03-13,KXHIGHTSATX,KXHIGHTSATX-26MAR13,KXHIGHTSATX-26MAR13-B80.5,between,80.5,80.0,81.0,0.99,0.0,1.0,0.0,1.0,6246.0,0.0,yes,1.0,81.0,finalized,KXHIGHTSATX,79.88175324598949,0.8885667,0.3429582791047475,0.99,-0.6470417208952525,1.0,NO,1.0000000000000009,0.0,6.930000000000001,-1.0000000000000009,-7.9300000000000015,17.325000000000003,-19.825000000000003
2026-03-13,KXHIGHTSATX,KXHIGHTSATX-26MAR13,KXHIGHTSATX-26MAR13-B78.5,between,78.5,78.0,79.0,0.01,0.0,1.0,0.0,1.0,9269.0,0.0,no,0.0,81.0,finalized,KXHIGHTSATX,79.88175324598949,0.8885667,0.14341922724723596,0.01,0.13341922724723596,0.0,YES,1.0,0.0,6.930000000000001,-1.0,-7.930000000000001,17.325000000000003,-19.825000000000003
2026-03-14,KXHIGHTSATX,KXHIGHTSATX-26MAR14,KXHIGHTSATX-26MAR14-B87.5,between,87.5,87.0,88.0,0.99,0.0,1.0,0.0,1.0,7094.0,0.0,yes,1.0,88.0,finalized,KXHIGHTSATX,87.14034465948741,0.8556768,0.40760791792747364,0.99,-0.5823920820725264,1.0,NO,1.0000000000000009,0.0,6.930000000000001,-1.0000000000000009,-7.9300000000000015,17.325000000000003,-19.825000000000003
2026-03-15,KXHIGHTSATX,KXHIGHTSATX-26MAR15,KXHIGHTSATX-26MAR15-T95,greater,95.0,95.0,,0.99,0.0,1.0,0.0,1.0,7215.0,0.0,yes,1.0,98.0,finalized,KXHIGHTSATX,95.81811808745067,0.8701866,0.8264332622545005,0.99,-0.16356673774549946,1.0,NO,1.0000000000000009,0.0,6.930000000000001,-1.0000000000000009,-7.9300000000000015,17.325000000000003,-19.825000000000003
2026-03-15,KXHIGHTSATX,KXHIGHTSATX-26MAR15,KXHIGHTSATX-26MAR15-B94.5,between,94.5,94.0,95.0,0.01,0.0,1.0,0.0,1.0,3513.0,0.0,no,0.0,98.0,finalized,KXHIGHTSATX,95.81811808745067,0.8701866,0.155228295690618,0.01,0.145228295690618,0.0,YES,1.0,0.0,6.930000000000001,-1.0,-7.930000000000001,17.325000000000003,-19.825000000000003
2026-03-16,KXHIGHTSATX,KXHIGHTSATX-26MAR16,KXHIGHTSATX-26MAR16-T56,less,56.0,,56.0,0.01,0.0,1.0,0.0,1.0,1705.0,0.0,no,0.0,59.0,finalized,KXHIGHTSATX,57.728401319185885,1.8133206,0.17025218313462814,0.01,0.16025218313462813,0.0,YES,1.0,0.0,6.930000000000001,-1.0,-7.930000000000001,17.325000000000003,-19.825000000000003
2026-03-16,KXHIGHTSATX,KXHIGHTSATX-26MAR16,KXHIGHTSATX-26MAR16-B58.5,between,58.5,58.0,59.0,0.99,0.0,1.0,0.0,1.0,10108.0,0.0,yes,1.0,59.0,finalized,KXHIGHTSATX,57.728401319185885,1.8133206,0.19889699909229297,0.99,-0.791103000907707,1.0,NO,1.0000000000000009,0.0,6.930000000000001,-1.0000000000000009,-7.9300000000000015,17.325000000000003,-19.825000000000003
2026-03-16,KXHIGHTSATX,KXHIGHTSATX-26MAR16,KXHIGHTSATX-26MAR16-B56.5,between,56.5,56.0,57.0,0.01,0.0,1.0,0.0,1.0,2031.0,0.0,no,0.0,59.0,finalized,KXHIGHTSATX,57.728401319185885,1.8133206,0.17370217354480355,0.01,0.16370217354480354,0.0,YES,1.0,0.0,6.930000000000001,-1.0,-7.930000000000001,17.325000000000003,-19.825000000000003
2026-03-17,KXHIGHTSATX,KXHIGHTSATX-26MAR17,KXHIGHTSATX-26MAR17-B66.5,between,66.5,66.0,67.0,0.99,0.0,1.0,0.0,1.0,7716.0,0.0,yes,1.0,66.0,finalized,KXHIGHTSATX,65.32248484492303,0.88053364,0.19243420677387368,0.99,-0.7975657932261263,1.0,NO,1.0000000000000009,0.0,6.930000000000001,-1.0000000000000009,-7.9300000000000015,17.325000000000003,-19.825000000000003
2026-03-17,KXHIGHTSATX,KXHIGHTSATX-26MAR17,KXHIGHTSATX-26MAR17-B64.5,between,64.5,64.0,65.0,0.01,0.0,1.0,0.0,1.0,2943.0,0.0,no,0.0,66.0,finalized,KXHIGHTSATX,65.32248484492303,0.88053364,0.2905339588285184,0.01,0.2805339588285184,0.0,YES,1.0,0.0,6.930000000000001,-1.0,-7.930000000000001,17.325000000000003,-19.825000000000003
2026-03-18,KXHIGHTSATX,KXHIGHTSATX-26MAR18,KXHIGHTSATX-26MAR18-T77,less,77.0,,77.0,0.01,0.0,1.0,0.0,1.0,6030.0,0.0,no,0.0,78.0,finalized,KXHIGHTSATX,77.18871906598407,0.92907166,0.41951808374569344,0.01,0.40951808374569343,0.0,YES,1.0,0.0,6.930000000000001,-1.0,-7.930000000000001,17.325000000000003,-19.825000000000003
2026-03-18,KXHIGHTSATX,KXHIGHTSATX-26MAR18,KXHIGHTSATX-26MAR18-B77.5,between,77.5,77.0,78.0,0.99,0.0,1.0,0.0,1.0,7482.0,0.0,yes,1.0,78.0,finalized,KXHIGHTSATX,77.18871906598407,0.92907166,0.3892094412361474,0.99,-0.6007905587638526,1.0,NO,1.0000000000000009,0.0,6.930000000000001,-1.0000000000000009,-7.9300000000000015,17.325000000000003,-19.825000000000003
2026-03-20,KXHIGHTSATX,KXHIGHTSATX-26MAR20,KXHIGHTSATX-26MAR20-B89.5,between,89.5,89.0,90.0,0.99,0.0,1.0,0.0,1.0,8599.0,5961.0,yes,1.0,90.0,finalized,KXHIGHTSATX,88.64959869384764,0.9229731,0.28038470139157545,0.99,-0.7096152986084245,1.0,NO,1.0000000000000009,0.0,6.930000000000001,-1.0000000000000009,-7.9300000000000015,17.325000000000003,-19.825000000000003
2026-03-20,KXHIGHTSATX,KXHIGHTSATX-26MAR20,KXHIGHTSATX-26MAR20-B87.5,between,87.5,87.0,88.0,0.01,0.0,1.0,0.0,1.0,4641.0,3305.0,no,0.0,90.0,finalized,KXHIGHTSATX,88.64959869384764,0.9229731,0.20382798509272976,0.01,0.19382798509272975,0.0,YES,1.0,0.0,6.930000000000001,-1.0,-7.930000000000001,17.325000000000003,-19.825000000000003
2026-03-21,KXHIGHTSATX,KXHIGHTSATX-26MAR21,KXHIGHTSATX-26MAR21-B92.5,between,92.5,92.0,93.0,0.99,0.0,1.0,0.0,1.0,6497.0,4965.0,yes,1.0,93.0,finalized,KXHIGHTSATX,92.12889298995337,0.90690684,0.3881134253276225,0.99,-0.6018865746723775,1.0,NO,1.0000000000000009,0.0,6.930000000000001,-1.0000000000000009,-7.9300000000000015,17.325000000000003,-19.825000000000003
2026-03-22,KXHIGHTSATX,KXHIGHTSATX-26MAR22,KXHIGHTSATX-26MAR22-B90.5,between,90.5,90.0,91.0,0.01,0.0,1.0,0.0,1.0,9485.0,7167.0,no,0.0,92.0,finalized,KXHIGHTSATX,91.46916996240616,0.88969934,0.2496427625408476,0.01,0.2396427625408476,0.0,YES,1.0,0.0,6.930000000000001,-1.0,-7.930000000000001,17.325000000000003,-19.825000000000003
2026-03-22,KXHIGHTSATX,KXHIGHTSATX-26MAR22,KXHIGHTSATX-26MAR22-B92.5,between,92.5,92.0,93.0,0.99,0.0,1.0,0.0,1.0,11424.0,6284.0,yes,1.0,92.0,finalized,KXHIGHTSATX,91.46916996240616,0.88969934,0.23271359186538454,0.99,-0.7572864081346155,1.0,NO,1.0000000000000009,0.0,6.930000000000001,-1.0000000000000009,-7.9300000000000015,17.325000000000003,-19.825000000000003
2026-03-23,KXHIGHTSATX,KXHIGHTSATX-26MAR23,KXHIGHTSATX-26MAR23-B85.5,between,85.5,85.0,86.0,0.99,0.0,1.0,0.0,1.0,9134.0,6822.0,yes,1.0,86.0,finalized,KXHIGHTSATX,85.66496643225351,0.99608153,0.37949699088388233,0.99,-0.6105030091161177,1.0,NO,1.0000000000000009,0.0,6.930000000000001,-1.0000000000000009,-7.9300000000000015,17.325000000000003,-19.825000000000003
2026-03-23,KXHIGHTSATX,KXHIGHTSATX-26MAR23,KXHIGHTSATX-26MAR23-T85,less,85.0,,85.0,0.01,0.0,1.0,0.0,1.0,3574.0,2235.0,no,0.0,86.0,finalized,KXHIGHTSATX,85.66496643225351,0.99608153,0.252200119098118,0.01,0.242200119098118,0.0,YES,1.0,0.0,6.930000000000001,-1.0,-7.930000000000001,17.325000000000003,-19.825000000000003
2026-03-24,KXHIGHTSATX,KXHIGHTSATX-26MAR24,KXHIGHTSATX-26MAR24-B87.5,between,87.5,87.0,88.0,0.99,0.0,1.0,0.0,1.0,14185.0,8648.0,yes,1.0,88.0,finalized,KXHIGHTSATX,87.23895171483359,0.99582636,0.37245399660103445,0.99,-0.6175460033989655,1.0,NO,1.0000000000000009,0.0,6.930000000000001,-1.0000000000000009,-7.9300000000000015,17.325000000000003,-19.825000000000003
2026-03-25,KXHIGHTSATX,KXHIGHTSATX-26MAR25,KXHIGHTSATX-26MAR25-B88.5,between,88.5,88.0,89.0,0.01,0.0,1.0,0.0,1.0,14502.0,12093.0,no,0.0,90.0,finalized,KXHIGHTSATX,89.42238934834798,0.9366935,0.2615761608455184,0.01,0.25157616084551837,0.0,YES,1.0,0.0,6.930000000000001,-1.0,-7.930000000000001,17.325000000000003,-19.825000000000003
2026-03-25,KXHIGHTSATX,KXHIGHTSATX-26MAR25,KXHIGHTSATX-26MAR25-B90.5,between,90.5,90.0,91.0,0.99,0.0,1.0,0.0,1.0,9601.0,6037.0,yes,1.0,90.0,finalized,KXHIGHTSATX,89.42238934834798,0.9366935,0.22266502705090274,0.99,-0.7673349729490972,1.0,NO,1.0000000000000009,0.0,6.930000000000001,-1.0000000000000009,-7.9300000000000015,17.325000000000003,-19.825000000000003
2026-03-26,KXHIGHTSATX,KXHIGHTSATX-26MAR26,KXHIGHTSATX-26MAR26-B88.5,between,88.5,88.0,89.0,0.99,0.0,1.0,0.0,1.0,9526.0,6644.0,yes,1.0,89.0,finalized,KXHIGHTSATX,89.3237101316452,0.9725455,0.2828798466748068,0.99,-0.7071201533251932,1.0,NO,1.0000000000000009,0.0,6.930000000000001,-1.0000000000000009,-7.9300000000000015,17.325000000000003,-19.825000000000003
2026-03-26,KXHIGHTSATX,KXHIGHTSATX-26MAR26,KXHIGHTSATX-26MAR26-B90.5,between,90.5,90.0,91.0,0.01,0.0,1.0,0.0,1.0,25334.0,13497.0,no,0.0,89.0,finalized,KXHIGHTSATX,89.3237101316452,0.9725455,0.20101914690177503,0.01,0.19101914690177502,0.0,YES,1.0,0.0,6.930000000000001,-1.0,-7.930000000000001,17.325000000000003,-19.825000000000003
2026-03-27,KXHIGHTSATX,KXHIGHTSATX-26MAR27,KXHIGHTSATX-26MAR27-B90.5,between,90.5,90.0,91.0,0.01,0.0,1.0,0.0,1.0,8481.0,5851.0,no,0.0,89.0,finalized,KXHIGHTSATX,89.08196492989858,0.9497789,0.14515759258478123,0.01,0.13515759258478122,0.0,YES,1.0,0.0,6.930000000000001,-1.0,-7.930000000000001,17.325000000000003,-19.825000000000003
2026-03-27,KXHIGHTSATX,KXHIGHTSATX-26MAR27,KXHIGHTSATX-26MAR27-B88.5,between,88.5,88.0,89.0,0.99,0.0,1.0,0.0,1.0,11349.0,5742.0,yes,1.0,89.0,finalized,KXHIGHTSATX,89.08196492989858,0.9497789,0.3382994158491827,0.99,-0.6517005841508172,1.0,NO,1.0000000000000009,0.0,6.930000000000001,-1.0000000000000009,-7.9300000000000015,17.325000000000003,-19.825000000000003
2026-03-28,KXHIGHTSATX,KXHIGHTSATX-26MAR28,KXHIGHTSATX-26MAR28-B72.5,between,72.5,72.0,73.0,0.99,0.0,1.0,0.0,1.0,11152.0,6770.0,yes,1.0,73.0,finalized,KXHIGHTSATX,72.52257970571519,1.4045633,0.2781119049646168,0.99,-0.7118880950353832,1.0,NO,1.0000000000000009,0.0,6.930000000000001,-1.0000000000000009,-7.9300000000000015,17.325000000000003,-19.825000000000003
2026-03-29,KXHIGHTSATX,KXHIGHTSATX-26MAR29,KXHIGHTSATX-26MAR29-B81.5,between,81.5,81.0,82.0,0.01,0.0,1.0,0.0,1.0,3306.0,1865.0,no,0.0,84.0,finalized,KXHIGHTSATX,83.03105007012685,1.0509043,0.1366313692796196,0.01,0.1266313692796196,0.0,YES,1.0,0.0,6.930000000000001,-1.0,-7.930000000000001,17.325000000000003,-19.825000000000003
2026-03-29,KXHIGHTSATX,KXHIGHTSATX-26MAR29,KXHIGHTSATX-26MAR29-B83.5,between,83.5,83.0,84.0,0.99,0.0,1.0,0.0,1.0,7352.0,4129.0,yes,1.0,84.0,finalized,KXHIGHTSATX,83.03105007012685,1.0509043,0.33352518364587547,0.99,-0.6564748163541245,1.0,NO,1.0000000000000009,0.0,6.930000000000001,-1.0000000000000009,-7.9300000000000015,17.325000000000003,-19.825000000000003
2026-03-30,KXHIGHTSATX,KXHIGHTSATX-26MAR30,KXHIGHTSATX-26MAR30-T86,less,86.0,,86.0,0.01,0.0,1.0,0.0,1.0,3953.0,2088.0,no,0.0,89.0,finalized,KXHIGHTSATX,87.16414972146352,0.9644162,0.11369623463812278,0.01,0.10369623463812279,0.0,YES,1.0,0.0,6.930000000000001,-1.0,-7.930000000000001,17.325000000000003,-19.825000000000003
2026-03-30,KXHIGHTSATX,KXHIGHTSATX-26MAR30,KXHIGHTSATX-26MAR30-B86.5,between,86.5,86.0,87.0,0.01,0.0,1.0,0.0,1.0,8478.0,5986.0,no,0.0,89.0,finalized,KXHIGHTSATX,87.16414972146352,0.9644162,0.318727711010048,0.01,0.308727711010048,0.0,YES,1.0,0.0,6.930000000000001,-1.0,-7.930000000000001,17.325000000000003,-19.825000000000003
2026-03-30,KXHIGHTSATX,KXHIGHTSATX-26MAR30,KXHIGHTSATX-26MAR30-B88.5,between,88.5,88.0,89.0,0.99,0.0,1.0,0.0,1.0,23920.0,20555.0,yes,1.0,89.0,finalized,KXHIGHTSATX,87.16414972146352,0.9644162,0.1645738421348858,0.99,-0.8254261578651142,1.0,NO,1.0000000000000009,0.0,6.930000000000001,-1.0000000000000009,-7.9300000000000015,17.325000000000003,-19.825000000000003
2026-03-31,KXHIGHTSATX,KXHIGHTSATX-26MAR31,KXHIGHTSATX-26MAR31-B87.5,between,87.5,87.0,88.0,0.01,0.0,1.0,0.0,1.0,9466.0,5737.0,no,0.0,89.0,finalized,KXHIGHTSATX,88.39801870981852,1.0548558,0.26043476491075757,0.01,0.25043476491075756,0.0,YES,1.0,0.0,6.930000000000001,-1.0,-7.930000000000001,17.325000000000003,-19.825000000000003
2026-03-31,KXHIGHTSATX,KXHIGHTSATX-26MAR31,KXHIGHTSATX-26MAR31-B89.5,between,89.5,89.0,90.0,0.99,0.0,1.0,0.0,1.0,12773.0,7034.0,yes,1.0,89.0,finalized,KXHIGHTSATX,88.39801870981852,1.0548558,0.21968713509618754,0.99,-0.7703128649038125,1.0,NO,1.0000000000000009,0.0,6.930000000000001,-1.0000000000000009,-7.9300000000000015,17.325000000000003,-19.825000000000003
2026-04-01,KXHIGHTSATX,KXHIGHTSATX-26APR01,KXHIGHTSATX-26APR01-B90.5,between,90.5,90.0,91.0,0.99,0.0,1.0,0.0,1.0,7953.0,5369.0,yes,1.0,91.0,finalized,KXHIGHTSATX,90.31775448322294,1.1081069,0.3437988023229323,0.99,-0.6462011976770676,1.0,NO,1.0000000000000009,0.0,6.930000000000001,-1.0000000000000009,-7.9300000000000015,17.325000000000003,-19.825000000000003
2026-04-02,KXHIGHTSATX,KXHIGHTSATX-26APR02,KXHIGHTSATX-26APR02-B87.5,between,87.5,87.0,88.0,0.99,0.0,1.0,0.0,1.0,8746.0,5154.0,yes,1.0,87.0,finalized,KXHIGHTSATX,87.08185220559439,1.0793867,0.3327334063366805,0.99,-0.6572665936633195,1.0,NO,1.0000000000000009,0.0,6.930000000000001,-1.0000000000000009,-7.9300000000000015,17.325000000000003,-19.825000000000003
2026-04-02,KXHIGHTSATX,KXHIGHTSATX-26APR02,KXHIGHTSATX-26APR02-B85.5,between,85.5,85.0,86.0,0.01,0.0,1.0,0.0,1.0,54473.0,51498.0,no,0.0,87.0,finalized,KXHIGHTSATX,87.08185220559439,1.0793867,0.13122137381673674,0.01,0.12122137381673674,0.0,YES,1.0,0.0,6.930000000000001,-1.0,-7.930000000000001,17.325000000000003,-19.825000000000003
2026-04-03,KXHIGHTSATX,KXHIGHTSATX-26APR03,KXHIGHTSATX-26APR03-B86.5,between,86.5,86.0,87.0,0.01,0.0,1.0,0.0,1.0,7540.0,5479.0,no,0.0,85.0,finalized,KXHIGHTSATX,87.15409190654754,1.2024041,0.28044104700966105,0.01,0.27044104700966104,0.0,YES,1.0,0.0,6.930000000000001,-1.0,-7.930000000000001,17.325000000000003,-19.825000000000003
2026-04-03,KXHIGHTSATX,KXHIGHTSATX-26APR03,KXHIGHTSATX-26APR03-T86,less,86.0,,86.0,0.99,0.0,1.0,0.0,1.0,9229.0,4532.0,yes,1.0,85.0,finalized,KXHIGHTSATX,87.15409190654754,1.2024041,0.1685728312687888,0.99,-0.8214271687312111,1.0,NO,1.0000000000000009,0.0,6.930000000000001,-1.0000000000000009,-7.9300000000000015,17.325000000000003,-19.825000000000003
2026-04-03,KXHIGHTSATX,KXHIGHTSATX-26APR03,KXHIGHTSATX-26APR03-B88.5,between,88.5,88.0,89.0,0.01,0.0,1.0,0.0,1.0,5850.0,3550.0,no,0.0,85.0,finalized,KXHIGHTSATX,87.15409190654754,1.2024041,0.17849807978172283,0.01,0.16849807978172282,0.0,YES,1.0,0.0,6.930000000000001,-1.0,-7.930000000000001,17.325000000000003,-19.825000000000003
2026-04-04,KXHIGHTSATX,KXHIGHTSATX-26APR04,KXHIGHTSATX-26APR04-B79.5,between,79.5,79.0,80.0,0.99,0.0,1.0,0.0,1.0,6994.0,3601.0,yes,1.0,79.0,finalized,KXHIGHTSATX,78.49903766314189,1.1159614,0.23743609971474322,0.99,-0.7525639002852568,1.0,NO,1.0000000000000009,0.0,6.930000000000001,-1.0000000000000009,-7.9300000000000015,17.325000000000003,-19.825000000000003
2026-04-04,KXHIGHTSATX,KXHIGHTSATX-26APR04,KXHIGHTSATX-26APR04-B77.5,between,77.5,77.0,78.0,0.01,0.0,1.0,0.0,1.0,5653.0,3117.0,no,0.0,79.0,finalized,KXHIGHTSATX,78.49903766314189,1.1159614,0.2377796342132668,0.01,0.2277796342132668,0.0,YES,1.0,0.0,6.930000000000001,-1.0,-7.930000000000001,17.325000000000003,-19.825000000000003
2026-04-05,KXHIGHTSATX,KXHIGHTSATX-26APR05,KXHIGHTSATX-26APR05-B66.5,between,66.5,66.0,67.0,0.99,0.0,1.0,0.0,1.0,5831.0,3109.0,yes,1.0,66.0,finalized,KXHIGHTSATX,63.5075822989146,1.4652549,0.03589555076554729,0.99,-0.9541044492344527,1.0,NO,1.0000000000000009,0.0,6.930000000000001,-1.0000000000000009,-7.9300000000000015,17.325000000000003,-19.825000000000003
2026-04-05,KXHIGHTSATX,KXHIGHTSATX-26APR05,KXHIGHTSATX-26APR05-B64.5,between,64.5,64.0,65.0,0.01,0.0,1.0,0.0,1.0,7869.0,5259.0,no,0.0,66.0,finalized,KXHIGHTSATX,63.5075822989146,1.4652549,0.2142005542354224,0.01,0.20420055423542238,0.0,YES,1.0,0.0,6.930000000000001,-1.0,-7.930000000000001,17.325000000000003,-19.825000000000003
2026-04-05,KXHIGHTSATX,KXHIGHTSATX-26APR05,KXHIGHTSATX-26APR05-B62.5,between,62.5,62.0,63.0,0.01,0.0,1.0,0.0,1.0,9429.0,6213.0,no,0.0,66.0,finalized,KXHIGHTSATX,63.5075822989146,1.4652549,0.21275015067220548,0.01,0.20275015067220548,0.0,YES,1.0,0.0,6.930000000000001,-1.0,-7.930000000000001,17.325000000000003,-19.825000000000003
2026-04-05,KXHIGHTSATX,KXHIGHTSATX-26APR05,KXHIGHTSATX-26APR05-T62,less,62.0,,62.0,0.01,0.0,1.0,0.0,1.0,4873.0,3158.0,no,0.0,66.0,finalized,KXHIGHTSATX,63.5075822989146,1.4652549,0.1517662963050712,0.01,0.1417662963050712,0.0,YES,1.0,0.0,6.930000000000001,-1.0,-7.930000000000001,17.325000000000003,-19.825000000000003
2026-04-06,KXHIGHTSATX,KXHIGHTSATX-26APR06,KXHIGHTSATX-26APR06-B74.5,between,74.5,74.0,75.0,0.99,0.0,1.0,0.0,1.0,8496.0,4631.0,yes,1.0,75.0,finalized,KXHIGHTSATX,74.47081138292948,0.87959546,0.4300534771230842,0.99,-0.5599465228769158,1.0,NO,1.0000000000000009,0.0,6.930000000000001,-1.0000000000000009,-7.9300000000000015,17.325000000000003,-19.825000000000003
2026-04-07,KXHIGHTSATX,KXHIGHTSATX-26APR07,KXHIGHTSATX-26APR07-B76.5,between,76.5,76.0,77.0,0.01,0.0,1.0,0.0,1.0,10008.0,7104.0,no,0.0,78.0,finalized,KXHIGHTSATX,76.71986094315848,0.9398336,0.39532181346832496,0.01,0.38532181346832495,0.0,YES,1.0,0.0,6.930000000000001,-1.0,-7.930000000000001,17.325000000000003,-19.825000000000003
2026-04-07,KXHIGHTSATX,KXHIGHTSATX-26APR07,KXHIGHTSATX-26APR07-B78.5,between,78.5,78.0,79.0,0.99,0.0,1.0,0.0,1.0,6895.0,4525.0,yes,1.0,78.0,finalized,KXHIGHTSATX,76.71986094315848,0.9398336,0.07895371642694504,0.99,-0.911046283573055,1.0,NO,1.0000000000000009,0.0,6.930000000000001,-1.0000000000000009,-7.9300000000000015,17.325000000000003,-19.825000000000003
2026-04-08,KXHIGHTSATX,KXHIGHTSATX-26APR08,KXHIGHTSATX-26APR08-T81,greater,81.0,81.0,,0.01,0.0,1.0,0.0,1.0,7806.0,4164.0,no,0.0,81.0,finalized,KXHIGHTSATX,80.59385180473328,1.00883,0.34362371382257306,0.01,0.33362371382257305,0.0,YES,1.0,0.0,6.930000000000001,-1.0,-7.930000000000001,17.325000000000003,-19.825000000000003
2026-04-08,KXHIGHTSATX,KXHIGHTSATX-26APR08,KXHIGHTSATX-26APR08-B80.5,between,80.5,80.0,81.0,0.99,0.0,1.0,0.0,1.0,10700.0,4720.0,yes,1.0,81.0,finalized,KXHIGHTSATX,80.59385180473328,1.00883,0.3783295915711262,0.99,-0.6116704084288738,1.0,NO,1.0000000000000009,0.0,6.930000000000001,-1.0000000000000009,-7.9300000000000015,17.325000000000003,-19.825000000000003
2026-04-09,KXHIGHTSATX,KXHIGHTSATX-26APR09,KXHIGHTSATX-26APR09-T79,less,79.0,,79.0,0.01,0.0,1.0,0.0,1.0,6784.24,3439.77,no,0.0,82.0,finalized,KXHIGHTSATX,79.93855379422506,0.9751284,0.16790113160064735,0.01,0.15790113160064734,0.0,YES,1.0,0.0,6.930000000000001,-1.0,-7.930000000000001,17.325000000000003,-19.825000000000003
2026-04-09,KXHIGHTSATX,KXHIGHTSATX-26APR09,KXHIGHTSATX-26APR09-B81.5,between,81.5,81.0,82.0,0.99,0.0,1.0,0.0,1.0,6828.2,3596.11,yes,1.0,82.0,finalized,KXHIGHTSATX,79.93855379422506,0.9751284,0.12092638575095571,0.99,-0.8690736142490443,1.0,NO,1.0000000000000009,0.0,6.930000000000001,-1.0000000000000009,-7.9300000000000015,17.325000000000003,-19.825000000000003
2026-04-09,KXHIGHTSATX,KXHIGHTSATX-26APR09,KXHIGHTSATX-26APR09-B79.5,between,79.5,79.0,80.0,0.01,0.0,1.0,0.0,1.0,7978.07,5542.31,no,0.0,82.0,finalized,KXHIGHTSATX,79.93855379422506,0.9751284,0.3572209715048211,0.01,0.3472209715048211,0.0,YES,1.0,0.0,6.930000000000001,-1.0,-7.930000000000001,17.325000000000003,-19.825000000000003
2026-04-10,KXHIGHTSATX,KXHIGHTSATX-26APR10,KXHIGHTSATX-26APR10-T83,greater,83.0,83.0,,0.01,0.0,1.0,0.0,1.0,4709.16,1958.83,no,0.0,82.0,finalized,KXHIGHTSATX,81.85366529623668,1.2130833,0.17233553704674914,0.01,0.16233553704674913,0.0,YES,1.0,0.0,6.930000000000001,-1.0,-7.930000000000001,17.325000000000003,-19.825000000000003
2026-04-10,KXHIGHTSATX,KXHIGHTSATX-26APR10,KXHIGHTSATX-26APR10-B80.5,between,80.5,80.0,81.0,0.01,0.0,1.0,0.0,1.0,5345.99,4252.56,no,0.0,82.0,finalized,KXHIGHTSATX,81.85366529623668,1.2130833,0.17755634465784603,0.01,0.16755634465784602,0.0,YES,1.0,0.0,6.930000000000001,-1.0,-7.930000000000001,17.325000000000003,-19.825000000000003
2026-04-10,KXHIGHTSATX,KXHIGHTSATX-26APR10,KXHIGHTSATX-26APR10-B82.5,between,82.5,82.0,83.0,0.99,0.0,1.0,0.0,1.0,5215.25,3201.11,yes,1.0,82.0,finalized,KXHIGHTSATX,81.85366529623668,1.2130833,0.2796563626493669,0.99,-0.7103436373506331,1.0,NO,1.0000000000000009,0.0,6.930000000000001,-1.0000000000000009,-7.9300000000000015,17.325000000000003,-19.825000000000003
2026-04-11,KXHIGHTSATX,KXHIGHTSATX-26APR11,KXHIGHTSATX-26APR11-B82.5,between,82.5,82.0,83.0,0.01,0.0,1.0,0.0,1.0,6522.0,4769.0,no,0.0,84.0,finalized,KXHIGHTSATX,82.15230334599812,1.1475698,0.3227437888431897,0.01,0.3127437888431897,0.0,YES,1.0,0.0,6.930000000000001,-1.0,-7.930000000000001,17.325000000000003,-19.825000000000003
2026-04-11,KXHIGHTSATX,KXHIGHTSATX-26APR11,KXHIGHTSATX-26APR11-B80.5,between,80.5,80.0,81.0,0.01,0.0,1.0,0.0,1.0,4026.0,2955.0,no,0.0,84.0,finalized,KXHIGHTSATX,82.15230334599812,1.1475698,0.1272994007812894,0.01,0.1172994007812894,0.0,YES,1.0,0.0,6.930000000000001,-1.0,-7.930000000000001,17.325000000000003,-19.825000000000003
2026-04-11,KXHIGHTSATX,KXHIGHTSATX-26APR11,KXHIGHTSATX-26APR11-B84.5,between,84.5,84.0,85.0,0.99,0.0,1.0,0.0,1.0,6084.0,3660.0,yes,1.0,84.0,finalized,KXHIGHTSATX,82.15230334599812,1.1475698,0.04714703163461553,0.99,-0.9428529683653845,1.0,NO,1.0000000000000009,0.0,6.930000000000001,-1.0000000000000009,-7.9300000000000015,17.325000000000003,-19.825000000000003
2026-04-12,KXHIGHTSATX,KXHIGHTSATX-26APR12,KXHIGHTSATX-26APR12-B80.5,between,80.5,80.0,81.0,0.99,0.0,1.0,0.0,1.0,6614.0,3841.0,yes,1.0,80.0,finalized,KXHIGHTSATX,79.30643173853558,1.1443504,0.2027858834468783,0.99,-0.7872141165531217,1.0,NO,1.0000000000000009,0.0,6.930000000000001,-1.0000000000000009,-7.9300000000000015,17.325000000000003,-19.825000000000003
2026-04-12,KXHIGHTSATX,KXHIGHTSATX-26APR12,KXHIGHTSATX-26APR12-B78.5,between,78.5,78.0,79.0,0.01,0.0,1.0,0.0,1.0,4000.0,1958.0,no,0.0,80.0,finalized,KXHIGHTSATX,79.30643173853558,1.1443504,0.26763248918086446,0.01,0.25763248918086445,0.0,YES,1.0,0.0,6.930000000000001,-1.0,-7.930000000000001,17.325000000000003,-19.825000000000003
2026-04-13,KXHIGHTSATX,KXHIGHTSATX-26APR13,KXHIGHTSATX-26APR13-T88,greater,88.0,88.0,,0.99,0.0,1.0,0.0,1.0,18413.0,10235.0,yes,1.0,90.0,finalized,KXHIGHTSATX,89.74322646458944,1.5396763,0.871225495319354,0.99,-0.11877450468064599,1.0,NO,1.0000000000000009,0.0,6.930000000000001,-1.0000000000000009,-7.9300000000000015,17.325000000000003,-19.825000000000003
2026-04-14,KXHIGHTSATX,KXHIGHTSATX-26APR14,KXHIGHTSATX-26APR14-T87,greater,87.0,87.0,,0.99,0.0,1.0,0.0,1.0,11225.0,5159.0,yes,1.0,88.0,finalized,KXHIGHTSATX,86.73012828826904,1.0841256,0.40170735149326586,0.99,-0.5882926485067341,1.0,NO,1.0000000000000009,0.0,6.930000000000001,-1.0000000000000009,-7.9300000000000015,17.325000000000003,-19.825000000000003
2026-04-14,KXHIGHTSATX,KXHIGHTSATX-26APR14,KXHIGHTSATX-26APR14-B86.5,between,86.5,86.0,87.0,0.01,0.0,1.0,0.0,1.0,5070.0,2819.0,no,0.0,88.0,finalized,KXHIGHTSATX,86.73012828826904,1.0841256,0.34796912816011516,0.01,0.33796912816011515,0.0,YES,1.0,0.0,6.930000000000001,-1.0,-7.930000000000001,17.325000000000003,-19.825000000000003
2026-04-15,KXHIGHTSATX,KXHIGHTSATX-26APR15,KXHIGHTSATX-26APR15-B87.5,between,87.5,87.0,88.0,0.01,0.0,1.0,0.0,1.0,5907.0,3293.0,no,0.0,86.0,finalized,KXHIGHTSATX,86.68107601801556,1.2633947,0.25209905055259296,0.01,0.24209905055259295,0.0,YES,1.0,0.0,6.930000000000001,-1.0,-7.930000000000001,17.325000000000003,-19.825000000000003
2026-04-15,KXHIGHTSATX,KXHIGHTSATX-26APR15,KXHIGHTSATX-26APR15-T88,greater,88.0,88.0,,0.01,0.0,1.0,0.0,1.0,3909.0,2727.0,no,0.0,86.0,finalized,KXHIGHTSATX,86.68107601801556,1.2633947,0.14825369933460136,0.01,0.13825369933460135,0.0,YES,1.0,0.0,6.930000000000001,-1.0,-7.930000000000001,17.325000000000003,-19.825000000000003
2026-04-15,KXHIGHTSATX,KXHIGHTSATX-26APR15,KXHIGHTSATX-26APR15-B85.5,between,85.5,85.0,86.0,0.99,0.0,1.0,0.0,1.0,5301.0,3058.0,yes,1.0,86.0,finalized,KXHIGHTSATX,86.68107601801556,1.2633947,0.20325446994996388,0.99,-0.7867455300500361,1.0,NO,1.0000000000000009,0.0,6.930000000000001,-1.0000000000000009,-7.9300000000000015,17.325000000000003,-19.825000000000003
2026-04-16,KXHIGHTSATX,KXHIGHTSATX-26APR16,KXHIGHTSATX-26APR16-B86.5,between,86.5,86.0,87.0,0.01,0.0,1.0,0.0,1.0,13317.04,8707.53,no,0.0,88.0,finalized,KXHIGHTSATX,87.25819142659505,1.0332326,0.28967279341701907,0.01,0.27967279341701906,0.0,YES,1.0,0.0,6.930000000000001,-1.0,-7.930000000000001,17.325000000000003,-19.825000000000003
2026-04-16,KXHIGHTSATX,KXHIGHTSATX-26APR16,KXHIGHTSATX-26APR16-T86,less,86.0,,86.0,0.01,0.0,1.0,0.0,1.0,5838.59,4455.33,no,0.0,88.0,finalized,KXHIGHTSATX,87.25819142659505,1.0332326,0.11166456024982097,0.01,0.10166456024982097,0.0,YES,1.0,0.0,6.930000000000001,-1.0,-7.930000000000001,17.325000000000003,-19.825000000000003
2026-04-16,KXHIGHTSATX,KXHIGHTSATX-26APR16,KXHIGHTSATX-26APR16-B88.5,between,88.5,88.0,89.0,0.99,0.0,1.0,0.0,1.0,12218.79,6566.74,yes,1.0,88.0,finalized,KXHIGHTSATX,87.25819142659505,1.0332326,0.19047572971029403,0.99,-0.799524270289706,1.0,NO,1.0000000000000009,0.0,6.930000000000001,-1.0000000000000009,-7.9300000000000015,17.325000000000003,-19.825000000000003
