date,series_ticker,event_ticker,market_ticker,strike_type,threshold,floor_strike,cap_strike,last_price,yes_bid,yes_ask,no_bid,no_ask,volume,open_interest,result,settlement_value,expiration_value,status,ticker,mu,sigma,model_prob,market_prob,edge,settlement,direction,entry_price,entry_edge,exit_type,exit_price,fee_per_contract,pnl_per_contract_gross,pnl_per_contract,fee_dollars,pnl_dollars
2026-02-11,KXHIGHAUS,KXHIGHAUS-26FEB11,KXHIGHAUS-26FEB11-B76.5,between,76.5,76.0,77.0,0.99,0.99,1.0,0.0,0.01,40366.0,0.0,yes,1.0,76.0,finalized,KXHIGHAUS,75.61485718091329,1.3353149,0.2367149693835735,0.99,-0.7532850306164265,1.0,NO,1.0000000000000009,0.7532850306164265,stop_loss,0.0,6.930000000000001,-1.0000000000000009,-7.9300000000000015,17.325000000000003,-19.825000000000003
2026-02-11,KXHIGHAUS,KXHIGHAUS-26FEB11,KXHIGHAUS-26FEB11-B74.5,between,74.5,74.0,75.0,0.01,0.0,0.01,0.99,1.0,85885.0,0.0,no,0.0,76.0,finalized,KXHIGHAUS,75.61485718091329,1.3353149,0.20932850303916406,0.01,0.19932850303916405,0.0,YES,1.0,0.19932850303916405,stop_loss,0.0,6.930000000000001,-1.0,-7.930000000000001,17.325000000000003,-19.825000000000003
2026-02-12,KXHIGHAUS,KXHIGHAUS-26FEB12,KXHIGHAUS-26FEB12-B80.5,between,80.5,80.0,81.0,0.99,0.0,1.0,0.0,1.0,49790.0,0.0,yes,1.0,81.0,finalized,KXHIGHAUS,80.60372233390808,1.13519,0.33906357403799453,0.99,-0.6509364259620054,1.0,NO,1.0000000000000009,0.6509364259620054,stop_loss,0.0,6.930000000000001,-1.0000000000000009,-7.9300000000000015,17.325000000000003,-19.825000000000003
2026-02-13,KXHIGHAUS,KXHIGHAUS-26FEB13,KXHIGHAUS-26FEB13-B82.5,between,82.5,82.0,83.0,0.99,0.0,1.0,0.0,1.0,41371.0,0.0,yes,1.0,82.0,finalized,KXHIGHAUS,81.14865503311158,1.2352498,0.17837821094570805,0.99,-0.8116217890542919,1.0,NO,1.0000000000000009,0.8116217890542919,stop_loss,0.0,6.930000000000001,-1.0000000000000009,-7.9300000000000015,17.325000000000003,-19.825000000000003
2026-02-13,KXHIGHAUS,KXHIGHAUS-26FEB13,KXHIGHAUS-26FEB13-B80.5,between,80.5,80.0,81.0,0.01,0.0,1.0,0.0,1.0,50533.0,0.0,no,0.0,82.0,finalized,KXHIGHAUS,81.14865503311158,1.2352498,0.27589307101039856,0.01,0.26589307101039855,0.0,YES,1.0,0.26589307101039855,stop_loss,0.0,6.930000000000001,-1.0,-7.930000000000001,17.325000000000003,-19.825000000000003
2026-02-14,KXHIGHAUS,KXHIGHAUS-26FEB14,KXHIGHAUS-26FEB14-T72,less,72.0,,72.0,0.01,0.0,1.0,0.0,1.0,31635.0,0.0,no,0.0,75.0,finalized,KXHIGHAUS,72.02282333374023,1.59534,0.49429282651367445,0.01,0.48429282651367445,0.0,YES,1.0,0.48429282651367445,stop_loss,0.0,6.930000000000001,-1.0,-7.930000000000001,17.325000000000003,-19.825000000000003
2026-02-14,KXHIGHAUS,KXHIGHAUS-26FEB14,KXHIGHAUS-26FEB14-B74.5,between,74.5,74.0,75.0,0.99,0.0,1.0,0.0,1.0,43180.0,0.0,yes,1.0,75.0,finalized,KXHIGHAUS,72.02282333374023,1.59534,0.07660013160869017,0.99,-0.9133998683913098,1.0,NO,1.0000000000000009,0.9133998683913098,stop_loss,0.0,6.930000000000001,-1.0000000000000009,-7.9300000000000015,17.325000000000003,-19.825000000000003
2026-02-14,KXHIGHAUS,KXHIGHAUS-26FEB14,KXHIGHAUS-26FEB14-B72.5,between,72.5,72.0,73.0,0.01,0.0,1.0,0.0,1.0,36777.0,0.0,no,0.0,75.0,finalized,KXHIGHAUS,72.02282333374023,1.59534,0.23561008157515573,0.01,0.22561008157515572,0.0,YES,1.0,0.22561008157515572,stop_loss,0.0,6.930000000000001,-1.0,-7.930000000000001,17.325000000000003,-19.825000000000003
2026-02-15,KXHIGHAUS,KXHIGHAUS-26FEB15,KXHIGHAUS-26FEB15-B75.5,between,75.5,75.0,76.0,0.01,0.0,1.0,0.0,1.0,32694.0,0.0,no,0.0,74.0,finalized,KXHIGHAUS,73.82090156873066,1.2687854,0.13341667516538946,0.01,0.12341667516538947,0.0,YES,1.0,0.12341667516538947,stop_loss,0.0,6.930000000000001,-1.0,-7.930000000000001,17.325000000000003,-19.825000000000003
2026-02-15,KXHIGHAUS,KXHIGHAUS-26FEB15,KXHIGHAUS-26FEB15-B73.5,between,73.5,73.0,74.0,0.99,0.0,1.0,0.0,1.0,29673.0,0.0,yes,1.0,74.0,finalized,KXHIGHAUS,73.82090156873066,1.2687854,0.29731057309964826,0.99,-0.6926894269003517,1.0,NO,1.0000000000000009,0.6926894269003517,stop_loss,0.0,6.930000000000001,-1.0000000000000009,-7.9300000000000015,17.325000000000003,-19.825000000000003
2026-02-16,KXHIGHAUS,KXHIGHAUS-26FEB16,KXHIGHAUS-26FEB16-B78.5,between,78.5,78.0,79.0,0.99,0.0,1.0,0.0,1.0,24927.0,0.0,yes,1.0,78.0,finalized,KXHIGHAUS,76.92893613179525,1.04172,0.12853601399757386,0.99,-0.8614639860024261,1.0,NO,1.0000000000000009,0.8614639860024261,stop_loss,0.0,6.930000000000001,-1.0000000000000009,-7.9300000000000015,17.325000000000003,-19.825000000000003
2026-02-16,KXHIGHAUS,KXHIGHAUS-26FEB16,KXHIGHAUS-26FEB16-B76.5,between,76.5,76.0,77.0,0.01,0.0,1.0,0.0,1.0,37347.0,0.0,no,0.0,78.0,finalized,KXHIGHAUS,76.92893613179525,1.04172,0.34092584850884594,0.01,0.33092584850884593,0.0,YES,1.0,0.33092584850884593,stop_loss,0.0,6.930000000000001,-1.0,-7.930000000000001,17.325000000000003,-19.825000000000003
2026-02-17,KXHIGHAUS,KXHIGHAUS-26FEB17,KXHIGHAUS-26FEB17-B84.5,between,84.5,84.0,85.0,0.99,0.0,1.0,0.0,1.0,34021.0,0.0,yes,1.0,84.0,finalized,KXHIGHAUS,84.06350855827331,1.2770314,0.2881546213987118,0.99,-0.7018453786012882,1.0,NO,1.0000000000000009,0.7018453786012882,stop_loss,0.0,6.930000000000001,-1.0000000000000009,-7.9300000000000015,17.325000000000003,-19.825000000000003
2026-02-17,KXHIGHAUS,KXHIGHAUS-26FEB17,KXHIGHAUS-26FEB17-B82.5,between,82.5,82.0,83.0,0.01,0.0,1.0,0.0,1.0,34592.0,0.0,no,0.0,84.0,finalized,KXHIGHAUS,84.06350855827331,1.2770314,0.14941756999699596,0.01,0.13941756999699595,0.0,YES,1.0,0.13941756999699595,stop_loss,0.0,6.930000000000001,-1.0,-7.930000000000001,17.325000000000003,-19.825000000000003
2026-02-18,KXHIGHAUS,KXHIGHAUS-26FEB18,KXHIGHAUS-26FEB18-T79,less,79.0,,79.0,0.99,0.0,1.0,0.0,1.0,113298.0,0.0,yes,1.0,77.0,finalized,KXHIGHAUS,79.56689904530843,1.206477,0.3192204922370671,0.99,-0.6707795077629328,1.0,NO,1.0000000000000009,0.6707795077629328,stop_loss,0.0,6.930000000000001,-1.0000000000000009,-7.9300000000000015,17.325000000000003,-19.825000000000003
2026-02-18,KXHIGHAUS,KXHIGHAUS-26FEB18,KXHIGHAUS-26FEB18-B79.5,between,79.5,79.0,80.0,0.01,0.0,1.0,0.0,1.0,28664.0,0.0,no,0.0,77.0,finalized,KXHIGHAUS,79.56689904530843,1.206477,0.32097442785354285,0.01,0.31097442785354285,0.0,YES,1.0,0.31097442785354285,stop_loss,0.0,6.930000000000001,-1.0,-7.930000000000001,17.325000000000003,-19.825000000000003
2026-02-19,KXHIGHAUS,KXHIGHAUS-26FEB19,KXHIGHAUS-26FEB19-B86.5,between,86.5,86.0,87.0,0.01,0.0,1.0,0.0,1.0,33342.0,0.0,no,0.0,85.0,finalized,KXHIGHAUS,86.46110933621723,1.2115339,0.320017783239726,0.01,0.310017783239726,0.0,YES,1.0,0.310017783239726,stop_loss,0.0,6.930000000000001,-1.0,-7.930000000000001,17.325000000000003,-19.825000000000003
2026-02-19,KXHIGHAUS,KXHIGHAUS-26FEB19,KXHIGHAUS-26FEB19-B84.5,between,84.5,84.0,85.0,0.99,0.0,1.0,0.0,1.0,51291.0,0.0,yes,1.0,85.0,finalized,KXHIGHAUS,86.46110933621723,1.2115339,0.09280158922613858,0.99,-0.8971984107738614,1.0,NO,1.0000000000000009,0.8971984107738614,stop_loss,0.0,6.930000000000001,-1.0000000000000009,-7.9300000000000015,17.325000000000003,-19.825000000000003
2026-02-21,KXHIGHAUS,KXHIGHAUS-26FEB21,KXHIGHAUS-26FEB21-T73,less,73.0,,73.0,0.01,0.0,1.0,0.0,1.0,62738.0,0.0,no,0.0,74.0,finalized,KXHIGHAUS,71.24570110638936,1.1368785,0.9385947895943687,0.01,0.9285947895943687,0.0,YES,1.0,0.9285947895943687,stop_loss,0.0,6.930000000000001,-1.0,-7.930000000000001,17.325000000000003,-19.825000000000003
2026-02-21,KXHIGHAUS,KXHIGHAUS-26FEB21,KXHIGHAUS-26FEB21-B73.5,between,73.5,73.0,74.0,0.99,0.0,1.0,0.0,1.0,15332.0,0.0,yes,1.0,74.0,finalized,KXHIGHAUS,71.24570110638936,1.1368785,0.05370207883177924,0.99,-0.9362979211682207,1.0,NO,1.0000000000000009,0.9362979211682207,stop_loss,0.0,6.930000000000001,-1.0000000000000009,-7.9300000000000015,17.325000000000003,-19.825000000000003
2026-02-22,KXHIGHAUS,KXHIGHAUS-26FEB22,KXHIGHAUS-26FEB22-T62,less,62.0,,62.0,0.01,0.0,1.0,0.0,1.0,21610.0,0.0,no,0.0,63.0,finalized,KXHIGHAUS,61.80463335116704,1.1885892,0.5652794775971155,0.01,0.5552794775971155,0.0,YES,1.0,0.5552794775971155,stop_loss,0.0,6.930000000000001,-1.0,-7.930000000000001,17.325000000000003,-19.825000000000003
2026-02-22,KXHIGHAUS,KXHIGHAUS-26FEB22,KXHIGHAUS-26FEB22-B62.5,between,62.5,62.0,63.0,0.99,0.0,1.0,0.0,1.0,26975.0,0.0,yes,1.0,63.0,finalized,KXHIGHAUS,61.80463335116704,1.1885892,0.27744107179684874,0.99,-0.7125589282031513,1.0,NO,1.0000000000000009,0.7125589282031513,stop_loss,0.0,6.930000000000001,-1.0000000000000009,-7.9300000000000015,17.325000000000003,-19.825000000000003
2026-02-23,KXHIGHAUS,KXHIGHAUS-26FEB23,KXHIGHAUS-26FEB23-B67.5,between,67.5,67.0,68.0,0.98,0.0,1.0,0.0,1.0,26011.0,0.0,yes,1.0,67.0,finalized,KXHIGHAUS,65.39239325523377,1.0684103,0.058873651654094195,0.98,-0.9211263483459058,1.0,NO,2.0000000000000018,0.9211263483459058,stop_loss,0.0,6.86,-2.0000000000000018,-8.860000000000003,17.15,-22.15000000000001
2026-02-23,KXHIGHAUS,KXHIGHAUS-26FEB23,KXHIGHAUS-26FEB23-B65.5,between,65.5,65.0,66.0,0.01,0.0,1.0,0.0,1.0,49698.0,0.0,no,0.0,67.0,finalized,KXHIGHAUS,65.39239325523377,1.0684103,0.358511265668756,0.01,0.348511265668756,0.0,YES,1.0,0.348511265668756,stop_loss,0.0,6.930000000000001,-1.0,-7.930000000000001,17.325000000000003,-19.825000000000003
2026-02-24,KXHIGHAUS,KXHIGHAUS-26FEB24,KXHIGHAUS-26FEB24-B75.5,between,75.5,75.0,76.0,0.99,0.0,1.0,0.0,1.0,36614.0,0.0,yes,1.0,75.0,finalized,KXHIGHAUS,74.65132973988851,0.94673645,0.2791856637233854,0.99,-0.7108143362766146,1.0,NO,1.0000000000000009,0.7108143362766146,stop_loss,0.0,6.930000000000001,-1.0000000000000009,-7.9300000000000015,17.325000000000003,-19.825000000000003
2026-02-24,KXHIGHAUS,KXHIGHAUS-26FEB24,KXHIGHAUS-26FEB24-B73.5,between,73.5,73.0,74.0,0.01,0.0,1.0,0.0,1.0,20888.0,0.0,no,0.0,75.0,finalized,KXHIGHAUS,74.65132973988851,0.94673645,0.20517552220546806,0.01,0.19517552220546805,0.0,YES,1.0,0.19517552220546805,stop_loss,0.0,6.930000000000001,-1.0,-7.930000000000001,17.325000000000003,-19.825000000000003
2026-02-25,KXHIGHAUS,KXHIGHAUS-26FEB25,KXHIGHAUS-26FEB25-B88.5,between,88.5,88.0,89.0,0.99,0.0,1.0,0.0,1.0,37901.0,0.0,yes,1.0,88.0,finalized,KXHIGHAUS,87.14002248446147,1.1053559,0.1720646542614912,0.99,-0.8179353457385088,1.0,NO,1.0000000000000009,0.8179353457385088,stop_loss,0.0,6.930000000000001,-1.0000000000000009,-7.9300000000000015,17.325000000000003,-19.825000000000003
2026-02-25,KXHIGHAUS,KXHIGHAUS-26FEB25,KXHIGHAUS-26FEB25-B86.5,between,86.5,86.0,87.0,0.01,0.0,1.0,0.0,1.0,37085.0,0.0,no,0.0,88.0,finalized,KXHIGHAUS,87.14002248446147,1.1053559,0.29841281825076005,0.01,0.28841281825076004,0.0,YES,1.0,0.28841281825076004,stop_loss,0.0,6.930000000000001,-1.0,-7.930000000000001,17.325000000000003,-19.825000000000003
2026-02-26,KXHIGHAUS,KXHIGHAUS-26FEB26,KXHIGHAUS-26FEB26-T84,less,84.0,,84.0,0.01,0.0,1.0,0.0,1.0,35286.0,0.0,no,0.0,85.0,finalized,KXHIGHAUS,84.99475795427959,1.071358,0.17657362978367658,0.01,0.16657362978367657,0.0,YES,1.0,0.16657362978367657,stop_loss,0.0,6.930000000000001,-1.0,-7.930000000000001,17.325000000000003,-19.825000000000003
2026-02-26,KXHIGHAUS,KXHIGHAUS-26FEB26,KXHIGHAUS-26FEB26-B86.5,between,86.5,86.0,87.0,0.01,0.0,1.0,0.0,1.0,31970.0,0.0,no,0.0,85.0,finalized,KXHIGHAUS,84.99475795427959,1.071358,0.14342301370976607,0.01,0.13342301370976606,0.0,YES,1.0,0.13342301370976606,stop_loss,0.0,6.930000000000001,-1.0,-7.930000000000001,17.325000000000003,-19.825000000000003
2026-02-26,KXHIGHAUS,KXHIGHAUS-26FEB26,KXHIGHAUS-26FEB26-B84.5,between,84.5,84.0,85.0,0.99,0.0,1.0,0.0,1.0,48486.0,0.0,yes,1.0,85.0,finalized,KXHIGHAUS,84.99475795427959,1.071358,0.325378346490137,0.99,-0.664621653509863,1.0,NO,1.0000000000000009,0.664621653509863,stop_loss,0.0,6.930000000000001,-1.0000000000000009,-7.9300000000000015,17.325000000000003,-19.825000000000003
2026-02-27,KXHIGHAUS,KXHIGHAUS-26FEB27,KXHIGHAUS-26FEB27-B87.5,between,87.5,87.0,88.0,0.99,0.0,1.0,0.0,1.0,35775.0,0.0,yes,1.0,87.0,finalized,KXHIGHAUS,86.46714655558269,1.0666031,0.23334575366275678,0.99,-0.7566542463372432,1.0,NO,1.0000000000000009,0.7566542463372432,stop_loss,0.0,6.930000000000001,-1.0000000000000009,-7.9300000000000015,17.325000000000003,-19.825000000000003
2026-02-27,KXHIGHAUS,KXHIGHAUS-26FEB27,KXHIGHAUS-26FEB27-B85.5,between,85.5,85.0,86.0,0.01,0.0,1.0,0.0,1.0,29437.0,0.0,no,0.0,87.0,finalized,KXHIGHAUS,86.46714655558269,1.0666031,0.246218537427066,0.01,0.236218537427066,0.0,YES,1.0,0.236218537427066,stop_loss,0.0,6.930000000000001,-1.0,-7.930000000000001,17.325000000000003,-19.825000000000003
2026-02-28,KXHIGHAUS,KXHIGHAUS-26FEB28,KXHIGHAUS-26FEB28-B86.5,between,86.5,86.0,87.0,0.99,0.0,1.0,0.0,1.0,32226.0,0.0,yes,1.0,87.0,finalized,KXHIGHAUS,85.75436863899232,1.0066078,0.29564888588602334,0.99,-0.6943511141139767,1.0,NO,1.0000000000000009,0.6943511141139767,stop_loss,0.0,6.930000000000001,-1.0000000000000009,-7.9300000000000015,17.325000000000003,-19.825000000000003
2026-02-28,KXHIGHAUS,KXHIGHAUS-26FEB28,KXHIGHAUS-26FEB28-B84.5,between,84.5,84.0,85.0,0.01,0.0,1.0,0.0,1.0,15532.0,0.0,no,0.0,87.0,finalized,KXHIGHAUS,85.75436863899232,1.0066078,0.18612334313975837,0.01,0.17612334313975836,0.0,YES,1.0,0.17612334313975836,stop_loss,0.0,6.930000000000001,-1.0,-7.930000000000001,17.325000000000003,-19.825000000000003
2026-03-01,KXHIGHAUS,KXHIGHAUS-26MAR01,KXHIGHAUS-26MAR01-B85.5,between,85.5,85.0,86.0,0.99,0.0,1.0,0.0,1.0,23215.0,0.0,yes,1.0,86.0,finalized,KXHIGHAUS,84.08126864433288,0.9654887,0.14721353015212812,0.99,-0.8427864698478719,1.0,NO,1.0000000000000009,0.8427864698478719,stop_loss,0.0,6.930000000000001,-1.0000000000000009,-7.9300000000000015,17.325000000000003,-19.825000000000003
2026-03-01,KXHIGHAUS,KXHIGHAUS-26MAR01,KXHIGHAUS-26MAR01-B83.5,between,83.5,83.0,84.0,0.01,0.0,1.0,0.0,1.0,23178.0,0.0,no,0.0,86.0,finalized,KXHIGHAUS,84.08126864433288,0.9654887,0.3350849664185258,0.01,0.3250849664185258,0.0,YES,1.0,0.3250849664185258,stop_loss,0.0,6.930000000000001,-1.0,-7.930000000000001,17.325000000000003,-19.825000000000003
2026-03-02,KXHIGHAUS,KXHIGHAUS-26MAR02,KXHIGHAUS-26MAR02-B86.5,between,86.5,86.0,87.0,0.99,0.0,1.0,0.0,1.0,40841.0,0.0,yes,1.0,86.0,finalized,KXHIGHAUS,84.96406596501667,1.011801,0.13085264549385522,0.99,-0.8591473545061448,1.0,NO,1.0000000000000009,0.8591473545061448,stop_loss,0.0,6.930000000000001,-1.0000000000000009,-7.9300000000000015,17.325000000000003,-19.825000000000003
2026-03-02,KXHIGHAUS,KXHIGHAUS-26MAR02,KXHIGHAUS-26MAR02-B84.5,between,84.5,84.0,85.0,0.01,0.0,1.0,0.0,1.0,28307.0,0.0,no,0.0,86.0,finalized,KXHIGHAUS,84.96406596501667,1.011801,0.3438252207529422,0.01,0.3338252207529422,0.0,YES,1.0,0.3338252207529422,stop_loss,0.0,6.930000000000001,-1.0,-7.930000000000001,17.325000000000003,-19.825000000000003
2026-03-03,KXHIGHAUS,KXHIGHAUS-26MAR03,KXHIGHAUS-26MAR03-B89.5,between,89.5,89.0,90.0,0.99,0.0,1.0,0.0,1.0,36811.0,0.0,yes,1.0,89.0,finalized,KXHIGHAUS,87.46363042195638,1.0612965,0.06543264762687828,0.99,-0.9245673523731217,1.0,NO,1.0000000000000009,0.9245673523731217,stop_loss,0.0,6.930000000000001,-1.0000000000000009,-7.9300000000000015,17.325000000000003,-19.825000000000003
2026-03-03,KXHIGHAUS,KXHIGHAUS-26MAR03,KXHIGHAUS-26MAR03-B87.5,between,87.5,87.0,88.0,0.01,0.0,1.0,0.0,1.0,74629.0,0.0,no,0.0,89.0,finalized,KXHIGHAUS,87.46363042195638,1.0612965,0.36224882533742486,0.01,0.35224882533742485,0.0,YES,1.0,0.35224882533742485,stop_loss,0.0,6.930000000000001,-1.0,-7.930000000000001,17.325000000000003,-19.825000000000003
2026-03-04,KXHIGHAUS,KXHIGHAUS-26MAR04,KXHIGHAUS-26MAR04-B88.5,between,88.5,88.0,89.0,0.99,0.0,1.0,0.0,1.0,55144.0,0.0,yes,1.0,88.0,finalized,KXHIGHAUS,85.96022369066876,1.1529965,0.03424849013634068,0.99,-0.9557515098636593,1.0,NO,1.0000000000000009,0.9557515098636593,stop_loss,0.0,6.930000000000001,-1.0000000000000009,-7.9300000000000015,17.325000000000003,-19.825000000000003
2026-03-04,KXHIGHAUS,KXHIGHAUS-26MAR04,KXHIGHAUS-26MAR04-B86.5,between,86.5,86.0,87.0,0.01,0.0,1.0,0.0,1.0,53853.0,0.0,no,0.0,88.0,finalized,KXHIGHAUS,85.96022369066876,1.1529965,0.3026593059378002,0.01,0.2926593059378002,0.0,YES,1.0,0.2926593059378002,stop_loss,0.0,6.930000000000001,-1.0,-7.930000000000001,17.325000000000003,-19.825000000000003
2026-03-04,KXHIGHAUS,KXHIGHAUS-26MAR04,KXHIGHAUS-26MAR04-B84.5,between,84.5,84.0,85.0,0.01,0.0,1.0,0.0,1.0,41020.0,0.0,no,0.0,88.0,finalized,KXHIGHAUS,85.96022369066876,1.1529965,0.15792187375260774,0.01,0.14792187375260774,0.0,YES,1.0,0.14792187375260774,stop_loss,0.0,6.930000000000001,-1.0,-7.930000000000001,17.325000000000003,-19.825000000000003
2026-03-05,KXHIGHAUS,KXHIGHAUS-26MAR05,KXHIGHAUS-26MAR05-B87.5,between,87.5,87.0,88.0,0.99,0.0,1.0,0.0,1.0,44639.0,0.0,yes,1.0,88.0,finalized,KXHIGHAUS,84.75931255022685,1.1898532,0.02661043789650841,0.99,-0.9633895621034916,1.0,NO,1.0000000000000009,0.9633895621034916,stop_loss,0.0,6.930000000000001,-1.0000000000000009,-7.9300000000000015,17.325000000000003,-19.825000000000003
2026-03-05,KXHIGHAUS,KXHIGHAUS-26MAR05,KXHIGHAUS-26MAR05-B85.5,between,85.5,85.0,86.0,0.01,0.0,1.0,0.0,1.0,58473.0,0.0,no,0.0,88.0,finalized,KXHIGHAUS,84.75931255022685,1.1898532,0.27130935098348374,0.01,0.26130935098348373,0.0,YES,1.0,0.26130935098348373,stop_loss,0.0,6.930000000000001,-1.0,-7.930000000000001,17.325000000000003,-19.825000000000003
2026-03-05,KXHIGHAUS,KXHIGHAUS-26MAR05,KXHIGHAUS-26MAR05-B83.5,between,83.5,83.0,84.0,0.01,0.0,1.0,0.0,1.0,22571.0,0.0,no,0.0,88.0,finalized,KXHIGHAUS,84.75931255022685,1.1898532,0.19206178629727927,0.01,0.18206178629727926,0.0,YES,1.0,0.18206178629727926,stop_loss,0.0,6.930000000000001,-1.0,-7.930000000000001,17.325000000000003,-19.825000000000003
2026-03-06,KXHIGHAUS,KXHIGHAUS-26MAR06,KXHIGHAUS-26MAR06-B85.5,between,85.5,85.0,86.0,0.99,0.0,1.0,0.0,1.0,45417.0,0.0,yes,1.0,86.0,finalized,KXHIGHAUS,83.70268564224243,1.1354941,0.10509381447982535,0.99,-0.8849061855201746,1.0,NO,1.0000000000000009,0.8849061855201746,stop_loss,0.0,6.930000000000001,-1.0000000000000009,-7.9300000000000015,17.325000000000003,-19.825000000000003
2026-03-06,KXHIGHAUS,KXHIGHAUS-26MAR06,KXHIGHAUS-26MAR06-B83.5,between,83.5,83.0,84.0,0.01,0.0,1.0,0.0,1.0,44196.0,0.0,no,0.0,86.0,finalized,KXHIGHAUS,83.70268564224243,1.1354941,0.3352645295636385,0.01,0.3252645295636385,0.0,YES,1.0,0.3252645295636385,stop_loss,0.0,6.930000000000001,-1.0,-7.930000000000001,17.325000000000003,-19.825000000000003
2026-03-07,KXHIGHAUS,KXHIGHAUS-26MAR07,KXHIGHAUS-26MAR07-T78,less,78.0,,78.0,0.99,0.0,1.0,0.0,1.0,72472.0,0.0,yes,1.0,77.0,finalized,KXHIGHAUS,76.82414336204529,1.2990515,0.8173111453085327,0.99,-0.17268885469146733,1.0,NO,1.0000000000000009,0.17268885469146733,stop_loss,0.0,6.930000000000001,-1.0000000000000009,-7.9300000000000015,17.325000000000003,-19.825000000000003
2026-03-07,KXHIGHAUS,KXHIGHAUS-26MAR07,KXHIGHAUS-26MAR07-B78.5,between,78.5,78.0,79.0,0.01,0.0,1.0,0.0,1.0,24874.0,0.0,no,0.0,77.0,finalized,KXHIGHAUS,76.82414336204529,1.2990515,0.1357176106480349,0.01,0.12571761064803488,0.0,YES,1.0,0.12571761064803488,stop_loss,0.0,6.930000000000001,-1.0,-7.930000000000001,17.325000000000003,-19.825000000000003
2026-03-09,KXHIGHAUS,KXHIGHAUS-26MAR09,KXHIGHAUS-26MAR09-T79,less,79.0,,79.0,0.01,0.0,1.0,0.0,1.0,35002.0,0.0,no,0.0,80.0,finalized,KXHIGHAUS,78.1036378622055,1.1800758,0.7762472088694721,0.01,0.7662472088694721,0.0,YES,1.0,0.7662472088694721,stop_loss,0.0,6.930000000000001,-1.0,-7.930000000000001,17.325000000000003,-19.825000000000003
2026-03-09,KXHIGHAUS,KXHIGHAUS-26MAR09,KXHIGHAUS-26MAR09-B79.5,between,79.5,79.0,80.0,0.99,0.0,1.0,0.0,1.0,32209.0,0.0,yes,1.0,80.0,finalized,KXHIGHAUS,78.1036378622055,1.1800758,0.16972378383209308,0.99,-0.8202762161679069,1.0,NO,1.0000000000000009,0.8202762161679069,stop_loss,0.0,6.930000000000001,-1.0000000000000009,-7.9300000000000015,17.325000000000003,-19.825000000000003
2026-03-10,KXHIGHAUS,KXHIGHAUS-26MAR10,KXHIGHAUS-26MAR10-B84.5,between,84.5,84.0,85.0,0.99,0.0,1.0,0.0,1.0,21256.0,0.0,yes,1.0,85.0,finalized,KXHIGHAUS,82.73934054374695,1.3226876,0.12655614603274778,0.99,-0.8634438539672522,1.0,NO,1.0000000000000009,0.8634438539672522,stop_loss,0.0,6.930000000000001,-1.0000000000000009,-7.9300000000000015,17.325000000000003,-19.825000000000003
2026-03-10,KXHIGHAUS,KXHIGHAUS-26MAR10,KXHIGHAUS-26MAR10-B82.5,between,82.5,82.0,83.0,0.01,0.0,1.0,0.0,1.0,18923.0,0.0,no,0.0,85.0,finalized,KXHIGHAUS,82.73934054374695,1.3226876,0.2900211986669663,0.01,0.2800211986669663,0.0,YES,1.0,0.2800211986669663,stop_loss,0.0,6.930000000000001,-1.0,-7.930000000000001,17.325000000000003,-19.825000000000003
2026-03-11,KXHIGHAUS,KXHIGHAUS-26MAR11,KXHIGHAUS-26MAR11-B84.5,between,84.5,84.0,85.0,0.99,0.0,1.0,0.0,1.0,43290.0,0.0,yes,1.0,84.0,finalized,KXHIGHAUS,79.88278563817342,1.4486036,0.002034388853009217,0.99,-0.9879656111469908,1.0,NO,1.0000000000000009,0.9879656111469908,stop_loss,0.0,6.930000000000001,-1.0000000000000009,-7.9300000000000015,17.325000000000003,-19.825000000000003
2026-03-11,KXHIGHAUS,KXHIGHAUS-26MAR11,KXHIGHAUS-26MAR11-B80.5,between,80.5,80.0,81.0,0.01,0.0,1.0,0.0,1.0,18584.0,0.0,no,0.0,84.0,finalized,KXHIGHAUS,79.88278563817342,1.4486036,0.247470895631121,0.01,0.237470895631121,0.0,YES,1.0,0.237470895631121,stop_loss,0.0,6.930000000000001,-1.0,-7.930000000000001,17.325000000000003,-19.825000000000003
2026-03-11,KXHIGHAUS,KXHIGHAUS-26MAR11,KXHIGHAUS-26MAR11-B78.5,between,78.5,78.0,79.0,0.01,0.0,1.0,0.0,1.0,12956.0,0.0,no,0.0,84.0,finalized,KXHIGHAUS,79.88278563817342,1.4486036,0.1742804585728105,0.01,0.16428045857281048,0.0,YES,1.0,0.16428045857281048,stop_loss,0.0,6.930000000000001,-1.0,-7.930000000000001,17.325000000000003,-19.825000000000003
2026-03-12,KXHIGHAUS,KXHIGHAUS-26MAR12,KXHIGHAUS-26MAR12-B67.5,between,67.5,67.0,68.0,0.01,0.0,1.0,0.0,1.0,27504.0,0.0,no,0.0,66.0,finalized,KXHIGHAUS,67.33186119397482,1.2583222,0.3062894628352141,0.01,0.29628946283521407,0.0,YES,1.0,0.29628946283521407,stop_loss,0.0,6.930000000000001,-1.0,-7.930000000000001,17.325000000000003,-19.825000000000003
2026-03-12,KXHIGHAUS,KXHIGHAUS-26MAR12,KXHIGHAUS-26MAR12-B65.5,between,65.5,65.0,66.0,0.99,0.0,1.0,0.0,1.0,37427.0,0.0,yes,1.0,66.0,finalized,KXHIGHAUS,67.33186119397482,1.2583222,0.11299661945298561,0.99,-0.8770033805470143,1.0,NO,1.0000000000000009,0.8770033805470143,stop_loss,0.0,6.930000000000001,-1.0000000000000009,-7.9300000000000015,17.325000000000003,-19.825000000000003
2026-03-13,KXHIGHAUS,KXHIGHAUS-26MAR13,KXHIGHAUS-26MAR13-T82,greater,82.0,82.0,,0.01,0.0,1.0,0.0,1.0,30940.0,0.0,no,0.0,81.0,finalized,KXHIGHAUS,80.79871757825217,1.0204113,0.11954722844521387,0.01,0.10954722844521388,0.0,YES,1.0,0.10954722844521388,stop_loss,0.0,6.930000000000001,-1.0,-7.930000000000001,17.325000000000003,-19.825000000000003
2026-03-13,KXHIGHAUS,KXHIGHAUS-26MAR13,KXHIGHAUS-26MAR13-B81.5,between,81.5,81.0,82.0,0.99,0.0,1.0,0.0,1.0,27611.0,0.0,yes,1.0,81.0,finalized,KXHIGHAUS,80.79871757825217,1.0204113,0.3022663075359081,0.99,-0.6877336924640919,1.0,NO,1.0000000000000009,0.6877336924640919,stop_loss,0.0,6.930000000000001,-1.0000000000000009,-7.9300000000000015,17.325000000000003,-19.825000000000003
2026-03-13,KXHIGHAUS,KXHIGHAUS-26MAR13,KXHIGHAUS-26MAR13-B79.5,between,79.5,79.0,80.0,0.01,0.0,1.0,0.0,1.0,23504.0,0.0,no,0.0,81.0,finalized,KXHIGHAUS,80.79871757825217,1.0204113,0.17791729872796724,0.01,0.16791729872796723,0.0,YES,1.0,0.16791729872796723,stop_loss,0.0,6.930000000000001,-1.0,-7.930000000000001,17.325000000000003,-19.825000000000003
2026-03-14,KXHIGHAUS,KXHIGHAUS-26MAR14,KXHIGHAUS-26MAR14-B86.5,between,86.5,86.0,87.0,0.99,0.0,1.0,0.0,1.0,31950.0,0.0,yes,1.0,86.0,finalized,KXHIGHAUS,85.26592667897542,1.09418,0.19464148276420312,0.99,-0.7953585172357969,1.0,NO,1.0000000000000009,0.7953585172357969,stop_loss,0.0,6.930000000000001,-1.0000000000000009,-7.9300000000000015,17.325000000000003,-19.825000000000003
2026-03-14,KXHIGHAUS,KXHIGHAUS-26MAR14,KXHIGHAUS-26MAR14-B84.5,between,84.5,84.0,85.0,0.01,0.0,1.0,0.0,1.0,77351.0,0.0,no,0.0,86.0,finalized,KXHIGHAUS,85.26592667897542,1.09418,0.28034463812173294,0.01,0.2703446381217329,0.0,YES,1.0,0.2703446381217329,stop_loss,0.0,6.930000000000001,-1.0,-7.930000000000001,17.325000000000003,-19.825000000000003
2026-03-16,KXHIGHAUS,KXHIGHAUS-26MAR16,KXHIGHAUS-26MAR16-T54,less,54.0,,54.0,0.01,0.0,1.0,0.0,1.0,12772.0,0.0,no,0.0,56.0,finalized,KXHIGHAUS,53.67091280221939,2.0719454,0.5630986139015434,0.01,0.5530986139015434,0.0,YES,1.0,0.5530986139015434,stop_loss,0.0,6.930000000000001,-1.0,-7.930000000000001,17.325000000000003,-19.825000000000003
2026-03-16,KXHIGHAUS,KXHIGHAUS-26MAR16,KXHIGHAUS-26MAR16-B56.5,between,56.5,56.0,57.0,0.99,0.0,1.0,0.0,1.0,40574.0,0.0,yes,1.0,56.0,finalized,KXHIGHAUS,53.67091280221939,2.0719454,0.07642873786102,0.99,-0.91357126213898,1.0,NO,1.0000000000000009,0.91357126213898,stop_loss,0.0,6.930000000000001,-1.0000000000000009,-7.9300000000000015,17.325000000000003,-19.825000000000003
2026-03-16,KXHIGHAUS,KXHIGHAUS-26MAR16,KXHIGHAUS-26MAR16-B54.5,between,54.5,54.0,55.0,0.01,0.0,1.0,0.0,1.0,36574.0,0.0,no,0.0,56.0,finalized,KXHIGHAUS,53.67091280221939,2.0719454,0.17629213307701797,0.01,0.16629213307701796,0.0,YES,1.0,0.16629213307701796,stop_loss,0.0,6.930000000000001,-1.0,-7.930000000000001,17.325000000000003,-19.825000000000003
2026-03-17,KXHIGHAUS,KXHIGHAUS-26MAR17,KXHIGHAUS-26MAR17-B66.5,between,66.5,66.0,67.0,0.99,0.0,1.0,0.0,1.0,23044.0,0.0,yes,1.0,67.0,finalized,KXHIGHAUS,65.95787302652995,1.0277835,0.3283507197952843,0.99,-0.6616492802047157,1.0,NO,1.0000000000000009,0.6616492802047157,stop_loss,0.0,6.930000000000001,-1.0000000000000009,-7.9300000000000015,17.325000000000003,-19.825000000000003
2026-03-17,KXHIGHAUS,KXHIGHAUS-26MAR17,KXHIGHAUS-26MAR17-B64.5,between,64.5,64.0,65.0,0.01,0.0,1.0,0.0,1.0,19074.0,0.0,no,0.0,67.0,finalized,KXHIGHAUS,65.95787302652995,1.0277835,0.14728010832020438,0.01,0.13728010832020437,0.0,YES,1.0,0.13728010832020437,stop_loss,0.0,6.930000000000001,-1.0,-7.930000000000001,17.325000000000003,-19.825000000000003
2026-03-18,KXHIGHAUS,KXHIGHAUS-26MAR18,KXHIGHAUS-26MAR18-T77,less,77.0,,77.0,0.01,0.0,1.0,0.0,1.0,22299.0,0.0,no,0.0,78.0,finalized,KXHIGHAUS,76.99254870414734,0.95643455,0.5031080086927958,0.01,0.4931080086927958,0.0,YES,1.0,0.4931080086927958,stop_loss,0.0,6.930000000000001,-1.0,-7.930000000000001,17.325000000000003,-19.825000000000003
2026-03-18,KXHIGHAUS,KXHIGHAUS-26MAR18,KXHIGHAUS-26MAR18-B77.5,between,77.5,77.0,78.0,0.99,0.0,1.0,0.0,1.0,25716.0,0.0,yes,1.0,78.0,finalized,KXHIGHAUS,76.99254870414734,0.95643455,0.35079952182232177,0.99,-0.6392004781776782,1.0,NO,1.0000000000000009,0.6392004781776782,stop_loss,0.0,6.930000000000001,-1.0000000000000009,-7.9300000000000015,17.325000000000003,-19.825000000000003
2026-03-20,KXHIGHAUS,KXHIGHAUS-26MAR20,KXHIGHAUS-26MAR20-B90.5,between,90.5,90.0,91.0,0.99,0.0,1.0,0.0,1.0,25379.0,14236.0,yes,1.0,90.0,finalized,KXHIGHAUS,89.36848308245341,1.0005457,0.21247936081138563,0.99,-0.7775206391886144,1.0,NO,1.0000000000000009,0.7775206391886144,stop_loss,0.0,6.930000000000001,-1.0000000000000009,-7.9300000000000015,17.325000000000003,-19.825000000000003
2026-03-20,KXHIGHAUS,KXHIGHAUS-26MAR20,KXHIGHAUS-26MAR20-B88.5,between,88.5,88.0,89.0,0.01,0.0,1.0,0.0,1.0,23671.0,16313.0,no,0.0,90.0,finalized,KXHIGHAUS,89.36848308245341,1.0005457,0.2706341893392975,0.01,0.2606341893392975,0.0,YES,1.0,0.2606341893392975,stop_loss,0.0,6.930000000000001,-1.0,-7.930000000000001,17.325000000000003,-19.825000000000003
2026-03-21,KXHIGHAUS,KXHIGHAUS-26MAR21,KXHIGHAUS-26MAR21-B91.5,between,91.5,91.0,92.0,0.01,0.0,1.0,0.0,1.0,25328.0,20271.0,no,0.0,93.0,finalized,KXHIGHAUS,91.99884413083396,0.97731304,0.34708869224457184,0.01,0.33708869224457183,0.0,YES,1.0,0.33708869224457183,stop_loss,0.0,6.930000000000001,-1.0,-7.930000000000001,17.325000000000003,-19.825000000000003
2026-03-21,KXHIGHAUS,KXHIGHAUS-26MAR21,KXHIGHAUS-26MAR21-T91,less,91.0,,91.0,0.01,0.0,1.0,0.0,1.0,32797.0,27275.0,no,0.0,93.0,finalized,KXHIGHAUS,91.99884413083396,0.97731304,0.15338313710157914,0.01,0.14338313710157913,0.0,YES,1.0,0.14338313710157913,stop_loss,0.0,6.930000000000001,-1.0,-7.930000000000001,17.325000000000003,-19.825000000000003
2026-03-21,KXHIGHAUS,KXHIGHAUS-26MAR21,KXHIGHAUS-26MAR21-B93.5,between,93.5,93.0,94.0,0.99,0.0,1.0,0.0,1.0,30628.0,18431.0,yes,1.0,93.0,finalized,KXHIGHAUS,91.99884413083396,0.97731304,0.13252494437453421,0.99,-0.8574750556254658,1.0,NO,1.0000000000000009,0.8574750556254658,stop_loss,0.0,6.930000000000001,-1.0000000000000009,-7.9300000000000015,17.325000000000003,-19.825000000000003
2026-03-22,KXHIGHAUS,KXHIGHAUS-26MAR22,KXHIGHAUS-26MAR22-B90.5,between,90.5,90.0,91.0,0.01,0.0,1.0,0.0,1.0,22834.0,17790.0,no,0.0,93.0,finalized,KXHIGHAUS,91.44547540346781,0.9505599,0.2554886165053075,0.01,0.2454886165053075,0.0,YES,1.0,0.2454886165053075,stop_loss,0.0,6.930000000000001,-1.0,-7.930000000000001,17.325000000000003,-19.825000000000003
2026-03-22,KXHIGHAUS,KXHIGHAUS-26MAR22,KXHIGHAUS-26MAR22-B92.5,between,92.5,92.0,93.0,0.99,0.0,1.0,0.0,1.0,30164.0,17461.0,yes,1.0,93.0,finalized,KXHIGHAUS,91.44547540346781,0.9505599,0.2288384429132756,0.99,-0.7611615570867244,1.0,NO,1.0000000000000009,0.7611615570867244,stop_loss,0.0,6.930000000000001,-1.0000000000000009,-7.9300000000000015,17.325000000000003,-19.825000000000003
2026-03-23,KXHIGHAUS,KXHIGHAUS-26MAR23,KXHIGHAUS-26MAR23-T86,less,86.0,,86.0,0.01,0.0,1.0,0.0,1.0,28513.0,21904.0,no,0.0,88.0,finalized,KXHIGHAUS,86.67777290344237,0.9045682,0.22684488070177705,0.01,0.21684488070177704,0.0,YES,1.0,0.21684488070177704,stop_loss,0.0,6.930000000000001,-1.0,-7.930000000000001,17.325000000000003,-19.825000000000003
2026-03-23,KXHIGHAUS,KXHIGHAUS-26MAR23,KXHIGHAUS-26MAR23-B86.5,between,86.5,86.0,87.0,0.01,0.0,1.0,0.0,1.0,49329.0,26076.0,no,0.0,88.0,finalized,KXHIGHAUS,86.67777290344237,0.9045682,0.41231796254787406,0.01,0.40231796254787405,0.0,YES,1.0,0.40231796254787405,stop_loss,0.0,6.930000000000001,-1.0,-7.930000000000001,17.325000000000003,-19.825000000000003
2026-03-23,KXHIGHAUS,KXHIGHAUS-26MAR23,KXHIGHAUS-26MAR23-B88.5,between,88.5,88.0,89.0,0.99,0.0,1.0,0.0,1.0,61474.0,38989.0,yes,1.0,88.0,finalized,KXHIGHAUS,86.67777290344237,0.9045682,0.06678287120684401,0.99,-0.923217128793156,1.0,NO,1.0000000000000009,0.923217128793156,stop_loss,0.0,6.930000000000001,-1.0000000000000009,-7.9300000000000015,17.325000000000003,-19.825000000000003
2026-03-24,KXHIGHAUS,KXHIGHAUS-26MAR24,KXHIGHAUS-26MAR24-B87.5,between,87.5,87.0,88.0,0.99,0.0,1.0,0.0,1.0,45468.0,20431.0,yes,1.0,88.0,finalized,KXHIGHAUS,86.55898949305217,1.021259,0.2538121288650961,0.99,-0.7361878711349039,1.0,NO,1.0000000000000009,0.7361878711349039,stop_loss,0.0,6.930000000000001,-1.0000000000000009,-7.9300000000000015,17.325000000000003,-19.825000000000003
2026-03-24,KXHIGHAUS,KXHIGHAUS-26MAR24,KXHIGHAUS-26MAR24-B85.5,between,85.5,85.0,86.0,0.01,0.0,1.0,0.0,1.0,13039.0,10528.0,no,0.0,88.0,finalized,KXHIGHAUS,86.55898949305217,1.021259,0.22862990247177098,0.01,0.21862990247177097,0.0,YES,1.0,0.21862990247177097,stop_loss,0.0,6.930000000000001,-1.0,-7.930000000000001,17.325000000000003,-19.825000000000003
2026-03-25,KXHIGHAUS,KXHIGHAUS-26MAR25,KXHIGHAUS-26MAR25-T88,less,88.0,,88.0,0.01,0.0,1.0,0.0,1.0,48143.0,44529.0,no,0.0,90.0,finalized,KXHIGHAUS,88.69558788935343,1.0233892,0.24835023909255544,0.01,0.23835023909255543,0.0,YES,1.0,0.23835023909255543,stop_loss,0.0,6.930000000000001,-1.0,-7.930000000000001,17.325000000000003,-19.825000000000003
2026-03-25,KXHIGHAUS,KXHIGHAUS-26MAR25,KXHIGHAUS-26MAR25-B88.5,between,88.5,88.0,89.0,0.01,0.0,1.0,0.0,1.0,41354.0,27583.0,no,0.0,90.0,finalized,KXHIGHAUS,88.69558788935343,1.0233892,0.3685901330897427,0.01,0.3585901330897427,0.0,YES,1.0,0.3585901330897427,stop_loss,0.0,6.930000000000001,-1.0,-7.930000000000001,17.325000000000003,-19.825000000000003
2026-03-25,KXHIGHAUS,KXHIGHAUS-26MAR25,KXHIGHAUS-26MAR25-B90.5,between,90.5,90.0,91.0,0.99,0.0,1.0,0.0,1.0,46842.0,23731.0,yes,1.0,90.0,finalized,KXHIGHAUS,88.69558788935343,1.0233892,0.08905621376468953,0.99,-0.9009437862353105,1.0,NO,1.0000000000000009,0.9009437862353105,stop_loss,0.0,6.930000000000001,-1.0000000000000009,-7.9300000000000015,17.325000000000003,-19.825000000000003
2026-03-26,KXHIGHAUS,KXHIGHAUS-26MAR26,KXHIGHAUS-26MAR26-B88.5,between,88.5,88.0,89.0,0.99,0.0,1.0,0.0,1.0,45510.0,20758.0,yes,1.0,89.0,finalized,KXHIGHAUS,88.52628399531046,1.0601387,0.3627101896711751,0.99,-0.6272898103288249,1.0,NO,1.0000000000000009,0.6272898103288249,stop_loss,0.0,6.930000000000001,-1.0000000000000009,-7.9300000000000015,17.325000000000003,-19.825000000000003
2026-03-26,KXHIGHAUS,KXHIGHAUS-26MAR26,KXHIGHAUS-26MAR26-T88,less,88.0,,88.0,0.01,0.0,1.0,0.0,1.0,21477.0,16757.0,no,0.0,89.0,finalized,KXHIGHAUS,88.52628399531046,1.0601387,0.3097957515072589,0.01,0.2997957515072589,0.0,YES,1.0,0.2997957515072589,stop_loss,0.0,6.930000000000001,-1.0,-7.930000000000001,17.325000000000003,-19.825000000000003
2026-03-27,KXHIGHAUS,KXHIGHAUS-26MAR27,KXHIGHAUS-26MAR27-T86,less,86.0,,86.0,0.01,0.0,1.0,0.0,1.0,24222.0,15488.0,no,0.0,88.0,finalized,KXHIGHAUS,86.61518877347311,1.0602406,0.28087805995222365,0.01,0.27087805995222364,0.0,YES,1.0,0.27087805995222364,stop_loss,0.0,6.930000000000001,-1.0,-7.930000000000001,17.325000000000003,-19.825000000000003
2026-03-27,KXHIGHAUS,KXHIGHAUS-26MAR27,KXHIGHAUS-26MAR27-B88.5,between,88.5,88.0,89.0,0.99,0.0,1.0,0.0,1.0,31618.0,15697.0,yes,1.0,88.0,finalized,KXHIGHAUS,86.61518877347311,1.0602406,0.08350796602641697,0.99,-0.906492033973583,1.0,NO,1.0000000000000009,0.906492033973583,stop_loss,0.0,6.930000000000001,-1.0000000000000009,-7.9300000000000015,17.325000000000003,-19.825000000000003
2026-03-27,KXHIGHAUS,KXHIGHAUS-26MAR27,KXHIGHAUS-26MAR27-B86.5,between,86.5,86.0,87.0,0.01,0.0,1.0,0.0,1.0,50406.0,39091.0,no,0.0,88.0,finalized,KXHIGHAUS,86.61518877347311,1.0602406,0.3607997272480186,0.01,0.3507997272480186,0.0,YES,1.0,0.3507997272480186,stop_loss,0.0,6.930000000000001,-1.0,-7.930000000000001,17.325000000000003,-19.825000000000003
2026-03-28,KXHIGHAUS,KXHIGHAUS-26MAR28,KXHIGHAUS-26MAR28-B72.5,between,72.5,72.0,73.0,0.01,0.0,1.0,0.0,1.0,114000.0,94613.0,no,0.0,74.0,finalized,KXHIGHAUS,71.2790708422661,1.1908562,0.1982486573991752,0.01,0.18824865739917518,0.0,YES,1.0,0.18824865739917518,stop_loss,0.0,6.930000000000001,-1.0,-7.930000000000001,17.325000000000003,-19.825000000000003
2026-03-28,KXHIGHAUS,KXHIGHAUS-26MAR28,KXHIGHAUS-26MAR28-B70.5,between,70.5,70.0,71.0,0.01,0.0,1.0,0.0,1.0,14952.0,8328.0,no,0.0,74.0,finalized,KXHIGHAUS,71.2790708422661,1.1908562,0.2659645261251209,0.01,0.2559645261251209,0.0,YES,1.0,0.2559645261251209,stop_loss,0.0,6.930000000000001,-1.0,-7.930000000000001,17.325000000000003,-19.825000000000003
2026-03-28,KXHIGHAUS,KXHIGHAUS-26MAR28,KXHIGHAUS-26MAR28-T73,greater,73.0,73.0,,0.99,0.0,1.0,0.0,1.0,90114.0,65100.0,yes,1.0,74.0,finalized,KXHIGHAUS,71.2790708422661,1.1908562,0.07421220669345487,0.99,-0.9157877933065451,1.0,NO,1.0000000000000009,0.9157877933065451,stop_loss,0.0,6.930000000000001,-1.0000000000000009,-7.9300000000000015,17.325000000000003,-19.825000000000003
2026-03-29,KXHIGHAUS,KXHIGHAUS-26MAR29,KXHIGHAUS-26MAR29-B82.5,between,82.5,82.0,83.0,0.01,0.0,1.0,0.0,1.0,17641.0,15023.0,no,0.0,85.0,finalized,KXHIGHAUS,83.90760946273804,1.0550433,0.15952689136595827,0.01,0.14952689136595826,0.0,YES,1.0,0.14952689136595826,stop_loss,0.0,6.930000000000001,-1.0,-7.930000000000001,17.325000000000003,-19.825000000000003
2026-03-29,KXHIGHAUS,KXHIGHAUS-26MAR29,KXHIGHAUS-26MAR29-B84.5,between,84.5,84.0,85.0,0.99,0.0,1.0,0.0,1.0,23320.0,12954.0,yes,1.0,85.0,finalized,KXHIGHAUS,83.90760946273804,1.0550433,0.3148677073010173,0.99,-0.6751322926989827,1.0,NO,1.0000000000000009,0.6751322926989827,stop_loss,0.0,6.930000000000001,-1.0000000000000009,-7.9300000000000015,17.325000000000003,-19.825000000000003
2026-03-30,KXHIGHAUS,KXHIGHAUS-26MAR30,KXHIGHAUS-26MAR30-T87,less,87.0,,87.0,0.01,0.0,1.0,0.0,1.0,18137.0,14214.0,no,0.0,89.0,finalized,KXHIGHAUS,87.07523986498514,1.0356272,0.4710417249696956,0.01,0.4610417249696956,0.0,YES,1.0,0.4610417249696956,stop_loss,0.0,6.930000000000001,-1.0,-7.930000000000001,17.325000000000003,-19.825000000000003
2026-03-30,KXHIGHAUS,KXHIGHAUS-26MAR30,KXHIGHAUS-26MAR30-B87.5,between,87.5,87.0,88.0,0.01,0.0,1.0,0.0,1.0,22287.0,17346.0,no,0.0,89.0,finalized,KXHIGHAUS,87.07523986498514,1.0356272,0.3430154693124175,0.01,0.3330154693124175,0.0,YES,1.0,0.3330154693124175,stop_loss,0.0,6.930000000000001,-1.0,-7.930000000000001,17.325000000000003,-19.825000000000003
2026-03-30,KXHIGHAUS,KXHIGHAUS-26MAR30,KXHIGHAUS-26MAR30-B89.5,between,89.5,89.0,90.0,0.99,0.0,1.0,0.0,1.0,28204.0,18838.0,yes,1.0,89.0,finalized,KXHIGHAUS,87.07523986498514,1.0356272,0.02917545296087709,0.99,-0.9608245470391229,1.0,NO,1.0000000000000009,0.9608245470391229,stop_loss,0.0,6.930000000000001,-1.0000000000000009,-7.9300000000000015,17.325000000000003,-19.825000000000003
2026-03-31,KXHIGHAUS,KXHIGHAUS-26MAR31,KXHIGHAUS-26MAR31-T87,less,87.0,,87.0,0.01,0.0,1.0,0.0,1.0,17803.0,11945.0,no,0.0,90.0,finalized,KXHIGHAUS,88.30493116378784,1.0901802,0.11565586699102065,0.01,0.10565586699102066,0.0,YES,1.0,0.10565586699102066,stop_loss,0.0,6.930000000000001,-1.0,-7.930000000000001,17.325000000000003,-19.825000000000003
2026-03-31,KXHIGHAUS,KXHIGHAUS-26MAR31,KXHIGHAUS-26MAR31-B89.5,between,89.5,89.0,90.0,0.99,0.0,1.0,0.0,1.0,25839.0,15424.0,yes,1.0,90.0,finalized,KXHIGHAUS,88.30493116378784,1.0901802,0.20188535993542234,0.99,-0.7881146400645777,1.0,NO,1.0000000000000009,0.7881146400645777,stop_loss,0.0,6.930000000000001,-1.0000000000000009,-7.9300000000000015,17.325000000000003,-19.825000000000003
2026-03-31,KXHIGHAUS,KXHIGHAUS-26MAR31,KXHIGHAUS-26MAR31-B87.5,between,87.5,87.0,88.0,0.01,0.0,1.0,0.0,1.0,25833.0,18615.0,no,0.0,90.0,finalized,KXHIGHAUS,88.30493116378784,1.0901802,0.2741952366785377,0.01,0.26419523667853767,0.0,YES,1.0,0.26419523667853767,stop_loss,0.0,6.930000000000001,-1.0,-7.930000000000001,17.325000000000003,-19.825000000000003
2026-04-01,KXHIGHAUS,KXHIGHAUS-26APR01,KXHIGHAUS-26APR01-B90.5,between,90.5,90.0,91.0,0.01,0.0,1.0,0.0,1.0,53005.0,37049.0,no,0.0,92.0,finalized,KXHIGHAUS,90.50781553586324,1.093216,0.3525837320339963,0.01,0.3425837320339963,0.0,YES,1.0,0.3425837320339963,stop_loss,0.0,6.930000000000001,-1.0,-7.930000000000001,17.325000000000003,-19.825000000000003
2026-04-01,KXHIGHAUS,KXHIGHAUS-26APR01,KXHIGHAUS-26APR01-B92.5,between,92.5,92.0,93.0,0.99,0.0,1.0,0.0,1.0,38684.0,22673.0,yes,1.0,92.0,finalized,KXHIGHAUS,90.50781553586324,1.093216,0.0748211899167055,0.99,-0.9151788100832945,1.0,NO,1.0000000000000009,0.9151788100832945,stop_loss,0.0,6.930000000000001,-1.0000000000000009,-7.9300000000000015,17.325000000000003,-19.825000000000003
2026-04-02,KXHIGHAUS,KXHIGHAUS-26APR02,KXHIGHAUS-26APR02-B84.5,between,84.5,84.0,85.0,0.01,0.0,1.0,0.0,1.0,36896.0,22822.0,no,0.0,87.0,finalized,KXHIGHAUS,85.45096206665039,1.1549363,0.24359524373918484,0.01,0.23359524373918483,0.0,YES,1.0,0.23359524373918483,stop_loss,0.0,6.930000000000001,-1.0,-7.930000000000001,17.325000000000003,-19.825000000000003
2026-04-02,KXHIGHAUS,KXHIGHAUS-26APR02,KXHIGHAUS-26APR02-B86.5,between,86.5,86.0,87.0,0.99,0.0,1.0,0.0,1.0,37794.0,14696.0,yes,1.0,87.0,finalized,KXHIGHAUS,85.45096206665039,1.1549363,0.22733422940639925,0.99,-0.7626657705936007,1.0,NO,1.0000000000000009,0.7626657705936007,stop_loss,0.0,6.930000000000001,-1.0000000000000009,-7.9300000000000015,17.325000000000003,-19.825000000000003
2026-04-04,KXHIGHAUS,KXHIGHAUS-26APR04,KXHIGHAUS-26APR04-B73.5,between,73.5,73.0,74.0,0.01,0.0,1.0,0.0,1.0,13248.0,9798.0,no,0.0,78.0,finalized,KXHIGHAUS,74.72280411322912,1.3043734,0.1964562773060376,0.01,0.1864562773060376,0.0,YES,1.0,0.1864562773060376,stop_loss,0.0,6.930000000000001,-1.0,-7.930000000000001,17.325000000000003,-19.825000000000003
2026-04-04,KXHIGHAUS,KXHIGHAUS-26APR04,KXHIGHAUS-26APR04-B75.5,between,75.5,75.0,76.0,0.01,0.0,1.0,0.0,1.0,17738.0,12047.0,no,0.0,78.0,finalized,KXHIGHAUS,74.72280411322912,1.3043734,0.25210414654271385,0.01,0.24210414654271384,0.0,YES,1.0,0.24210414654271384,stop_loss,0.0,6.930000000000001,-1.0,-7.930000000000001,17.325000000000003,-19.825000000000003
2026-04-04,KXHIGHAUS,KXHIGHAUS-26APR04,KXHIGHAUS-26APR04-B77.5,between,77.5,77.0,78.0,0.99,0.0,1.0,0.0,1.0,21777.0,13771.0,yes,1.0,78.0,finalized,KXHIGHAUS,74.72280411322912,1.3043734,0.03442696192389594,0.99,-0.955573038076104,1.0,NO,1.0000000000000009,0.955573038076104,stop_loss,0.0,6.930000000000001,-1.0000000000000009,-7.9300000000000015,17.325000000000003,-19.825000000000003
2026-04-05,KXHIGHAUS,KXHIGHAUS-26APR05,KXHIGHAUS-26APR05-T64,less,64.0,,64.0,0.01,0.0,1.0,0.0,1.0,22282.0,12787.0,no,0.0,65.0,finalized,KXHIGHAUS,65.25663214127222,1.4294467,0.18967247643726193,0.01,0.17967247643726192,0.0,YES,1.0,0.17967247643726192,stop_loss,0.0,6.930000000000001,-1.0,-7.930000000000001,17.325000000000003,-19.825000000000003
2026-04-05,KXHIGHAUS,KXHIGHAUS-26APR05,KXHIGHAUS-26APR05-B64.5,between,64.5,64.0,65.0,0.99,0.0,1.0,0.0,1.0,27604.0,11375.0,yes,1.0,65.0,finalized,KXHIGHAUS,65.25663214127222,1.4294467,0.23908732326789445,0.99,-0.7509126767321055,1.0,NO,1.0000000000000009,0.7509126767321055,stop_loss,0.0,6.930000000000001,-1.0000000000000009,-7.9300000000000015,17.325000000000003,-19.825000000000003
2026-04-05,KXHIGHAUS,KXHIGHAUS-26APR05,KXHIGHAUS-26APR05-B66.5,between,66.5,66.0,67.0,0.01,0.0,1.0,0.0,1.0,40939.0,19642.0,no,0.0,65.0,finalized,KXHIGHAUS,65.25663214127222,1.4294467,0.1902119109964503,0.01,0.1802119109964503,0.0,YES,1.0,0.1802119109964503,stop_loss,0.0,6.930000000000001,-1.0,-7.930000000000001,17.325000000000003,-19.825000000000003
2026-04-06,KXHIGHAUS,KXHIGHAUS-26APR06,KXHIGHAUS-26APR06-B72.5,between,72.5,72.0,73.0,0.01,0.0,1.0,0.0,1.0,34707.0,25917.0,no,0.0,74.0,finalized,KXHIGHAUS,72.77530868848164,0.9722182,0.37879520733006244,0.01,0.36879520733006244,0.0,YES,1.0,0.36879520733006244,stop_loss,0.0,6.930000000000001,-1.0,-7.930000000000001,17.325000000000003,-19.825000000000003
2026-04-06,KXHIGHAUS,KXHIGHAUS-26APR06,KXHIGHAUS-26APR06-B74.5,between,74.5,74.0,75.0,0.99,0.0,1.0,0.0,1.0,32187.0,20548.0,yes,1.0,74.0,finalized,KXHIGHAUS,72.77530868848164,0.9722182,0.09282993042074794,0.99,-0.897170069579252,1.0,NO,1.0000000000000009,0.897170069579252,stop_loss,0.0,6.930000000000001,-1.0000000000000009,-7.9300000000000015,17.325000000000003,-19.825000000000003
2026-04-07,KXHIGHAUS,KXHIGHAUS-26APR07,KXHIGHAUS-26APR07-B73.5,between,73.5,73.0,74.0,0.01,0.0,1.0,0.0,1.0,9398.0,5539.0,no,0.0,77.0,finalized,KXHIGHAUS,74.40319768587749,0.9235865,0.26687201789889187,0.01,0.25687201789889186,0.0,YES,1.0,0.25687201789889186,stop_loss,0.0,6.930000000000001,-1.0,-7.930000000000001,17.325000000000003,-19.825000000000003
2026-04-07,KXHIGHAUS,KXHIGHAUS-26APR07,KXHIGHAUS-26APR07-B75.5,between,75.5,75.0,76.0,0.01,0.0,1.0,0.0,1.0,50683.0,43307.0,no,0.0,77.0,finalized,KXHIGHAUS,74.40319768587749,0.9235865,0.21716950085125175,0.01,0.20716950085125174,0.0,YES,1.0,0.20716950085125174,stop_loss,0.0,6.930000000000001,-1.0,-7.930000000000001,17.325000000000003,-19.825000000000003
2026-04-07,KXHIGHAUS,KXHIGHAUS-26APR07,KXHIGHAUS-26APR07-B77.5,between,77.5,77.0,78.0,0.99,0.0,1.0,0.0,1.0,100644.0,90769.0,yes,1.0,77.0,finalized,KXHIGHAUS,74.40319768587749,0.9235865,0.002415178243810545,0.99,-0.9875848217561894,1.0,NO,1.0000000000000009,0.9875848217561894,stop_loss,0.0,6.930000000000001,-1.0000000000000009,-7.9300000000000015,17.325000000000003,-19.825000000000003
2026-04-08,KXHIGHAUS,KXHIGHAUS-26APR08,KXHIGHAUS-26APR08-B82.5,between,82.5,82.0,83.0,0.99,0.0,1.0,0.0,1.0,35665.0,20825.0,yes,1.0,82.0,finalized,KXHIGHAUS,80.71990580558777,1.0092269,0.09039523067389665,0.99,-0.8996047693261033,1.0,NO,1.0000000000000009,0.8996047693261033,stop_loss,0.0,6.930000000000001,-1.0000000000000009,-7.9300000000000015,17.325000000000003,-19.825000000000003
2026-04-08,KXHIGHAUS,KXHIGHAUS-26APR08,KXHIGHAUS-26APR08-B80.5,between,80.5,80.0,81.0,0.01,0.0,1.0,0.0,1.0,20420.0,13301.0,no,0.0,82.0,finalized,KXHIGHAUS,80.71990580558777,1.0092269,0.37149208700835684,0.01,0.36149208700835683,0.0,YES,1.0,0.36149208700835683,stop_loss,0.0,6.930000000000001,-1.0,-7.930000000000001,17.325000000000003,-19.825000000000003
2026-04-09,KXHIGHAUS,KXHIGHAUS-26APR09,KXHIGHAUS-26APR09-T80,less,80.0,,80.0,0.01,0.0,1.0,0.0,1.0,15929.04,11653.3,no,0.0,84.0,finalized,KXHIGHAUS,79.94986060063044,1.0663121,0.5187518815760914,0.01,0.5087518815760914,0.0,YES,1.0,0.5087518815760914,stop_loss,0.0,6.930000000000001,-1.0,-7.930000000000001,17.325000000000003,-19.825000000000003
2026-04-09,KXHIGHAUS,KXHIGHAUS-26APR09,KXHIGHAUS-26APR09-B84.5,between,84.5,84.0,85.0,0.99,0.0,1.0,0.0,1.0,26757.69,16949.68,yes,1.0,84.0,finalized,KXHIGHAUS,79.94986060063044,1.0663121,7.176580445356073e-05,0.99,-0.9899282341955464,1.0,NO,1.0000000000000009,0.9899282341955464,stop_loss,0.0,6.930000000000001,-1.0000000000000009,-7.9300000000000015,17.325000000000003,-19.825000000000003
2026-04-09,KXHIGHAUS,KXHIGHAUS-26APR09,KXHIGHAUS-26APR09-B80.5,between,80.5,80.0,81.0,0.01,0.0,1.0,0.0,1.0,21101.71,17245.07,no,0.0,84.0,finalized,KXHIGHAUS,79.94986060063044,1.0663121,0.3188950827830015,0.01,0.3088950827830015,0.0,YES,1.0,0.3088950827830015,stop_loss,0.0,6.930000000000001,-1.0,-7.930000000000001,17.325000000000003,-19.825000000000003
2026-04-10,KXHIGHAUS,KXHIGHAUS-26APR10,KXHIGHAUS-26APR10-B79.5,between,79.5,79.0,80.0,0.01,0.0,1.0,0.0,1.0,22988.77,12048.58,no,0.0,82.0,finalized,KXHIGHAUS,81.38596652348836,1.3046514,0.11032997247449786,0.01,0.10032997247449786,0.0,YES,1.0,0.10032997247449786,stop_loss,0.0,6.930000000000001,-1.0,-7.930000000000001,17.325000000000003,-19.825000000000003
2026-04-10,KXHIGHAUS,KXHIGHAUS-26APR10,KXHIGHAUS-26APR10-B81.5,between,81.5,81.0,82.0,0.99,0.0,1.0,0.0,1.0,30529.2,14835.42,yes,1.0,82.0,finalized,KXHIGHAUS,81.38596652348836,1.3046514,0.2973778739676455,0.99,-0.6926221260323545,1.0,NO,1.0000000000000009,0.6926221260323545,stop_loss,0.0,6.930000000000001,-1.0000000000000009,-7.9300000000000015,17.325000000000003,-19.825000000000003
2026-04-11,KXHIGHAUS,KXHIGHAUS-26APR11,KXHIGHAUS-26APR11-B84.5,between,84.5,84.0,85.0,0.99,0.0,1.0,0.0,1.0,21612.0,9422.0,yes,1.0,84.0,finalized,KXHIGHAUS,82.28521544138592,1.1242485,0.05572275605464261,0.99,-0.9342772439453574,1.0,NO,1.0000000000000009,0.9342772439453574,stop_loss,0.0,6.930000000000001,-1.0000000000000009,-7.9300000000000015,17.325000000000003,-19.825000000000003
2026-04-11,KXHIGHAUS,KXHIGHAUS-26APR11,KXHIGHAUS-26APR11-B82.5,between,82.5,82.0,83.0,0.01,0.0,1.0,0.0,1.0,14265.0,8796.0,no,0.0,84.0,finalized,KXHIGHAUS,82.28521544138592,1.1242485,0.33767707394512303,0.01,0.327677073945123,0.0,YES,1.0,0.327677073945123,stop_loss,0.0,6.930000000000001,-1.0,-7.930000000000001,17.325000000000003,-19.825000000000003
2026-04-12,KXHIGHAUS,KXHIGHAUS-26APR12,KXHIGHAUS-26APR12-B77.5,between,77.5,77.0,78.0,0.01,0.0,1.0,0.0,1.0,15893.0,12315.0,no,0.0,80.0,finalized,KXHIGHAUS,77.56934779485067,1.2428819,0.31206954255741687,0.01,0.30206954255741686,0.0,YES,1.0,0.30206954255741686,stop_loss,0.0,6.930000000000001,-1.0,-7.930000000000001,17.325000000000003,-19.825000000000003
2026-04-12,KXHIGHAUS,KXHIGHAUS-26APR12,KXHIGHAUS-26APR12-B79.5,between,79.5,79.0,80.0,0.99,0.0,1.0,0.0,1.0,19614.0,10499.0,yes,1.0,80.0,finalized,KXHIGHAUS,77.56934779485067,1.2428819,0.0995976575812264,0.99,-0.8904023424187736,1.0,NO,1.0000000000000009,0.8904023424187736,stop_loss,0.0,6.930000000000001,-1.0000000000000009,-7.9300000000000015,17.325000000000003,-19.825000000000003
2026-04-13,KXHIGHAUS,KXHIGHAUS-26APR13,KXHIGHAUS-26APR13-B88.5,between,88.5,88.0,89.0,0.99,0.0,1.0,0.0,1.0,353976.0,343213.0,yes,1.0,89.0,finalized,KXHIGHAUS,88.19647665023804,1.2204971,0.3087915105527308,0.99,-0.6812084894472692,1.0,NO,1.0000000000000009,0.6812084894472692,stop_loss,0.0,6.930000000000001,-1.0000000000000009,-7.9300000000000015,17.325000000000003,-19.825000000000003
2026-04-13,KXHIGHAUS,KXHIGHAUS-26APR13,KXHIGHAUS-26APR13-B86.5,between,86.5,86.0,87.0,0.01,0.0,1.0,0.0,1.0,30742.0,17619.0,no,0.0,89.0,finalized,KXHIGHAUS,88.19647665023804,1.2204971,0.12750693593718315,0.01,0.11750693593718316,0.0,YES,1.0,0.11750693593718316,stop_loss,0.0,6.930000000000001,-1.0,-7.930000000000001,17.325000000000003,-19.825000000000003
2026-04-13,KXHIGHAUS,KXHIGHAUS-26APR13,KXHIGHAUS-26APR13-T89,greater,89.0,89.0,,0.01,0.0,1.0,0.0,1.0,362762.0,345660.0,no,0.0,89.0,finalized,KXHIGHAUS,88.19647665023804,1.2204971,0.25515424278120136,0.01,0.24515424278120135,0.0,YES,1.0,0.24515424278120135,stop_loss,0.0,6.930000000000001,-1.0,-7.930000000000001,17.325000000000003,-19.825000000000003
2026-04-14,KXHIGHAUS,KXHIGHAUS-26APR14,KXHIGHAUS-26APR14-T88,greater,88.0,88.0,,0.25,0.0,1.0,0.0,1.0,35305.0,24814.0,no,0.0,88.0,finalized,KXHIGHAUS,86.11636306444804,1.172987,0.05415383051573173,0.25,-0.19584616948426828,0.0,NO,75.0,0.19584616948426828,convergence,86.7507701690561,1.7500000000000002,11.750770169056096,10.000770169056096,4.375000000000001,25.00192542264024
2026-04-14,KXHIGHAUS,KXHIGHAUS-26APR14,KXHIGHAUS-26APR14-B85.5,between,85.5,85.0,86.0,0.01,0.0,1.0,0.0,1.0,10402.0,7052.0,no,0.0,88.0,finalized,KXHIGHAUS,86.11636306444804,1.172987,0.28987100955608786,0.01,0.27987100955608785,0.0,YES,1.0,0.27987100955608785,stop_loss,0.0,6.930000000000001,-1.0,-7.930000000000001,17.325000000000003,-19.825000000000003
2026-04-14,KXHIGHAUS,KXHIGHAUS-26APR14,KXHIGHAUS-26APR14-B87.5,between,87.5,87.0,88.0,0.99,0.0,1.0,0.0,1.0,33279.0,23490.0,yes,1.0,88.0,finalized,KXHIGHAUS,86.11636306444804,1.172987,0.17147438147454375,0.99,-0.8185256185254562,1.0,NO,1.0000000000000009,0.8185256185254562,stop_loss,0.0,6.930000000000001,-1.0000000000000009,-7.9300000000000015,17.325000000000003,-19.825000000000003
2026-04-15,KXHIGHAUS,KXHIGHAUS-26APR15,KXHIGHAUS-26APR15-B83.5,between,83.5,83.0,84.0,0.01,0.0,1.0,0.0,1.0,33690.0,20481.0,no,0.0,86.0,finalized,KXHIGHAUS,83.93725644747417,1.2411705,0.29507596239445877,0.01,0.28507596239445876,0.0,YES,1.0,0.28507596239445876,stop_loss,0.0,6.930000000000001,-1.0,-7.930000000000001,17.325000000000003,-19.825000000000003
2026-04-15,KXHIGHAUS,KXHIGHAUS-26APR15,KXHIGHAUS-26APR15-B85.5,between,85.5,85.0,86.0,0.99,0.0,1.0,0.0,1.0,22610.0,8541.0,yes,1.0,86.0,finalized,KXHIGHAUS,83.93725644747417,1.2411705,0.14766869633949997,0.99,-0.8423313036605,1.0,NO,1.0000000000000009,0.8423313036605,stop_loss,0.0,6.930000000000001,-1.0000000000000009,-7.9300000000000015,17.325000000000003,-19.825000000000003
2026-04-16,KXHIGHAUS,KXHIGHAUS-26APR16,KXHIGHAUS-26APR16-B88.5,between,88.5,88.0,89.0,0.99,0.0,1.0,0.0,1.0,22315.81,15494.58,yes,1.0,89.0,finalized,KXHIGHAUS,87.72039267222087,1.1541779,0.27050526624679283,0.99,-0.7194947337532072,1.0,NO,1.0000000000000009,0.7194947337532072,stop_loss,0.0,6.930000000000001,-1.0000000000000009,-7.9300000000000015,17.325000000000003,-19.825000000000003
2026-04-16,KXHIGHAUS,KXHIGHAUS-26APR16,KXHIGHAUS-26APR16-B86.5,between,86.5,86.0,87.0,0.01,0.0,1.0,0.0,1.0,11930.82,8632.74,no,0.0,89.0,finalized,KXHIGHAUS,87.72039267222087,1.1541779,0.1982248672485663,0.01,0.1882248672485663,0.0,YES,1.0,0.1882248672485663,stop_loss,0.0,6.930000000000001,-1.0,-7.930000000000001,17.325000000000003,-19.825000000000003
2026-02-11,KXHIGHTDAL,KXHIGHTDAL-26FEB11,KXHIGHTDAL-26FEB11-T65,less,65.0,,65.0,0.01,0.0,0.01,0.99,1.0,3315.0,0.0,no,0.0,67.0,finalized,KXHIGHTDAL,65.69341534376144,1.3740685,0.3069044703326961,0.01,0.29690447033269607,0.0,YES,1.0,0.29690447033269607,stop_loss,0.0,6.930000000000001,-1.0,-7.930000000000001,17.325000000000003,-19.825000000000003
2026-02-11,KXHIGHTDAL,KXHIGHTDAL-26FEB11,KXHIGHTDAL-26FEB11-B67.5,between,67.5,67.0,68.0,0.99,0.99,1.0,0.0,0.01,5232.0,0.0,yes,1.0,67.0,finalized,KXHIGHTDAL,65.69341534376144,1.3740685,0.12422091250340173,0.99,-0.8657790874965983,1.0,NO,1.0000000000000009,0.8657790874965983,stop_loss,0.0,6.930000000000001,-1.0000000000000009,-7.9300000000000015,17.325000000000003,-19.825000000000003
2026-02-11,KXHIGHTDAL,KXHIGHTDAL-26FEB11,KXHIGHTDAL-26FEB11-B65.5,between,65.5,65.0,66.0,0.01,0.0,0.01,0.99,1.0,12574.0,0.0,no,0.0,67.0,finalized,KXHIGHTDAL,65.69341534376144,1.3740685,0.2813751791671276,0.01,0.2713751791671276,0.0,YES,1.0,0.2713751791671276,stop_loss,0.0,6.930000000000001,-1.0,-7.930000000000001,17.325000000000003,-19.825000000000003
2026-02-12,KXHIGHTDAL,KXHIGHTDAL-26FEB12,KXHIGHTDAL-26FEB12-B75.5,between,75.5,75.0,76.0,0.99,0.0,1.0,0.0,1.0,9921.0,0.0,yes,1.0,75.0,finalized,KXHIGHTDAL,75.43790073394776,1.0812116,0.3556907291602971,0.99,-0.6343092708397029,1.0,NO,1.0000000000000009,0.6343092708397029,stop_loss,0.0,6.930000000000001,-1.0000000000000009,-7.9300000000000015,17.325000000000003,-19.825000000000003
2026-02-13,KXHIGHTDAL,KXHIGHTDAL-26FEB13,KXHIGHTDAL-26FEB13-T77,less,77.0,,77.0,0.01,0.0,1.0,0.0,1.0,6775.0,0.0,no,0.0,78.0,finalized,KXHIGHTDAL,78.08702940940856,1.2338421,0.18915573207141578,0.01,0.17915573207141577,0.0,YES,1.0,0.17915573207141577,stop_loss,0.0,6.930000000000001,-1.0,-7.930000000000001,17.325000000000003,-19.825000000000003
2026-02-13,KXHIGHTDAL,KXHIGHTDAL-26FEB13,KXHIGHTDAL-26FEB13-B79.5,between,79.5,79.0,80.0,0.01,0.0,1.0,0.0,1.0,19313.0,0.0,no,0.0,78.0,finalized,KXHIGHTDAL,78.08702940940856,1.2338421,0.16914719085769037,0.01,0.15914719085769036,0.0,YES,1.0,0.15914719085769036,stop_loss,0.0,6.930000000000001,-1.0,-7.930000000000001,17.325000000000003,-19.825000000000003
2026-02-13,KXHIGHTDAL,KXHIGHTDAL-26FEB13,KXHIGHTDAL-26FEB13-B77.5,between,77.5,77.0,78.0,0.99,0.0,1.0,0.0,1.0,6986.0,0.0,yes,1.0,78.0,finalized,KXHIGHTDAL,78.08702940940856,1.2338421,0.28272807557664975,0.99,-0.7072719244233503,1.0,NO,1.0000000000000009,0.7072719244233503,stop_loss,0.0,6.930000000000001,-1.0000000000000009,-7.9300000000000015,17.325000000000003,-19.825000000000003
2026-02-14,KXHIGHTDAL,KXHIGHTDAL-26FEB14,KXHIGHTDAL-26FEB14-B69.5,between,69.5,69.0,70.0,0.99,0.0,1.0,0.0,1.0,7734.0,0.0,yes,1.0,69.0,finalized,KXHIGHTDAL,69.25638969341914,1.5890701,0.24418039477387393,0.99,-0.7458196052261261,1.0,NO,1.0000000000000009,0.7458196052261261,stop_loss,0.0,6.930000000000001,-1.0000000000000009,-7.9300000000000015,17.325000000000003,-19.825000000000003
2026-02-14,KXHIGHTDAL,KXHIGHTDAL-26FEB14,KXHIGHTDAL-26FEB14-B67.5,between,67.5,67.0,68.0,0.01,0.0,1.0,0.0,1.0,74329.0,0.0,no,0.0,69.0,finalized,KXHIGHTDAL,69.25638969341914,1.5890701,0.1367636349245559,0.01,0.1267636349245559,0.0,YES,1.0,0.1267636349245559,stop_loss,0.0,6.930000000000001,-1.0,-7.930000000000001,17.325000000000003,-19.825000000000003
2026-02-15,KXHIGHTDAL,KXHIGHTDAL-26FEB15,KXHIGHTDAL-26FEB15-T71,greater,71.0,71.0,,0.01,0.0,1.0,0.0,1.0,9344.0,0.0,no,0.0,70.0,finalized,KXHIGHTDAL,69.95135949452718,1.311637,0.2120032144534571,0.01,0.2020032144534571,0.0,YES,1.0,0.2020032144534571,stop_loss,0.0,6.930000000000001,-1.0,-7.930000000000001,17.325000000000003,-19.825000000000003
2026-02-15,KXHIGHTDAL,KXHIGHTDAL-26FEB15,KXHIGHTDAL-26FEB15-B70.5,between,70.5,70.0,71.0,0.99,0.0,1.0,0.0,1.0,6499.0,0.0,yes,1.0,70.0,finalized,KXHIGHTDAL,69.95135949452718,1.311637,0.2732058740058021,0.99,-0.7167941259941979,1.0,NO,1.0000000000000009,0.7167941259941979,stop_loss,0.0,6.930000000000001,-1.0000000000000009,-7.9300000000000015,17.325000000000003,-19.825000000000003
2026-02-15,KXHIGHTDAL,KXHIGHTDAL-26FEB15,KXHIGHTDAL-26FEB15-B68.5,between,68.5,68.0,69.0,0.01,0.0,1.0,0.0,1.0,14568.0,0.0,no,0.0,70.0,finalized,KXHIGHTDAL,69.95135949452718,1.311637,0.1657159020579237,0.01,0.15571590205792368,0.0,YES,1.0,0.15571590205792368,stop_loss,0.0,6.930000000000001,-1.0,-7.930000000000001,17.325000000000003,-19.825000000000003
2026-02-16,KXHIGHTDAL,KXHIGHTDAL-26FEB16,KXHIGHTDAL-26FEB16-T71,less,71.0,,71.0,0.01,0.0,1.0,0.0,1.0,7342.0,0.0,no,0.0,73.0,finalized,KXHIGHTDAL,71.80527194341023,1.3155297,0.27022669346209083,0.01,0.2602266934620908,0.0,YES,1.0,0.2602266934620908,stop_loss,0.0,6.930000000000001,-1.0,-7.930000000000001,17.325000000000003,-19.825000000000003
2026-02-16,KXHIGHTDAL,KXHIGHTDAL-26FEB16,KXHIGHTDAL-26FEB16-B73.5,between,73.5,73.0,74.0,0.99,0.0,1.0,0.0,1.0,8378.0,0.0,yes,1.0,73.0,finalized,KXHIGHTDAL,71.80527194341023,1.3155297,0.13426767116519356,0.99,-0.8557323288348064,1.0,NO,1.0000000000000009,0.8557323288348064,stop_loss,0.0,6.930000000000001,-1.0000000000000009,-7.9300000000000015,17.325000000000003,-19.825000000000003
2026-02-16,KXHIGHTDAL,KXHIGHTDAL-26FEB16,KXHIGHTDAL-26FEB16-B71.5,between,71.5,71.0,72.0,0.01,0.0,1.0,0.0,1.0,11354.0,0.0,no,0.0,73.0,finalized,KXHIGHTDAL,71.80527194341023,1.3155297,0.2886108191190543,0.01,0.2786108191190543,0.0,YES,1.0,0.2786108191190543,stop_loss,0.0,6.930000000000001,-1.0,-7.930000000000001,17.325000000000003,-19.825000000000003
2026-02-17,KXHIGHTDAL,KXHIGHTDAL-26FEB17,KXHIGHTDAL-26FEB17-B78.5,between,78.5,78.0,79.0,0.99,0.0,1.0,0.0,1.0,8653.0,0.0,yes,1.0,78.0,finalized,KXHIGHTDAL,78.00558546384175,1.2995147,0.27964440359322623,0.99,-0.7103555964067738,1.0,NO,1.0000000000000009,0.7103555964067738,stop_loss,0.0,6.930000000000001,-1.0000000000000009,-7.9300000000000015,17.325000000000003,-19.825000000000003
2026-02-17,KXHIGHTDAL,KXHIGHTDAL-26FEB17,KXHIGHTDAL-26FEB17-B76.5,between,76.5,76.0,77.0,0.01,0.0,1.0,0.0,1.0,13802.0,0.0,no,0.0,78.0,finalized,KXHIGHTDAL,78.00558546384175,1.2995147,0.15814490197289488,0.01,0.14814490197289487,0.0,YES,1.0,0.14814490197289487,stop_loss,0.0,6.930000000000001,-1.0,-7.930000000000001,17.325000000000003,-19.825000000000003
2026-02-18,KXHIGHTDAL,KXHIGHTDAL-26FEB18,KXHIGHTDAL-26FEB18-B79.5,between,79.5,79.0,80.0,0.01,0.0,1.0,0.0,1.0,11583.0,0.0,no,0.0,78.0,finalized,KXHIGHTDAL,78.91167763074239,1.2841765,0.27422141600139116,0.01,0.26422141600139115,0.0,YES,1.0,0.26422141600139115,stop_loss,0.0,6.930000000000001,-1.0,-7.930000000000001,17.325000000000003,-19.825000000000003
2026-02-18,KXHIGHTDAL,KXHIGHTDAL-26FEB18,KXHIGHTDAL-26FEB18-B77.5,between,77.5,77.0,78.0,0.99,0.0,1.0,0.0,1.0,8847.0,0.0,yes,1.0,78.0,finalized,KXHIGHTDAL,78.91167763074239,1.2841765,0.17058225833282858,0.99,-0.8194177416671714,1.0,NO,1.0000000000000009,0.8194177416671714,stop_loss,0.0,6.930000000000001,-1.0000000000000009,-7.9300000000000015,17.325000000000003,-19.825000000000003
2026-02-19,KXHIGHTDAL,KXHIGHTDAL-26FEB19,KXHIGHTDAL-26FEB19-B79.5,between,79.5,79.0,80.0,0.01,0.0,1.0,0.0,1.0,3945.0,0.0,no,0.0,77.0,finalized,KXHIGHTDAL,78.55201479593913,1.159706,0.2437307487686594,0.01,0.2337307487686594,0.0,YES,1.0,0.2337307487686594,stop_loss,0.0,6.930000000000001,-1.0,-7.930000000000001,17.325000000000003,-19.825000000000003
2026-02-19,KXHIGHTDAL,KXHIGHTDAL-26FEB19,KXHIGHTDAL-26FEB19-B77.5,between,77.5,77.0,78.0,0.99,0.0,1.0,0.0,1.0,8047.0,0.0,yes,1.0,77.0,finalized,KXHIGHTDAL,78.55201479593913,1.159706,0.2266367000290887,0.99,-0.7633632999709112,1.0,NO,1.0000000000000009,0.7633632999709112,stop_loss,0.0,6.930000000000001,-1.0000000000000009,-7.9300000000000015,17.325000000000003,-19.825000000000003
2026-02-21,KXHIGHTDAL,KXHIGHTDAL-26FEB21,KXHIGHTDAL-26FEB21-B62.5,between,62.5,62.0,63.0,0.99,0.0,1.0,0.0,1.0,7087.0,0.0,yes,1.0,62.0,finalized,KXHIGHTDAL,61.60129307111104,1.2045044,0.24754309642733685,0.99,-0.7424569035726631,1.0,NO,1.0000000000000009,0.7424569035726631,stop_loss,0.0,6.930000000000001,-1.0000000000000009,-7.9300000000000015,17.325000000000003,-19.825000000000003
2026-02-21,KXHIGHTDAL,KXHIGHTDAL-26FEB21,KXHIGHTDAL-26FEB21-B60.5,between,60.5,60.0,61.0,0.01,0.0,1.0,0.0,1.0,14808.0,0.0,no,0.0,62.0,finalized,KXHIGHTDAL,61.60129307111104,1.2045044,0.21696333222748637,0.01,0.20696333222748636,0.0,YES,1.0,0.20696333222748636,stop_loss,0.0,6.930000000000001,-1.0,-7.930000000000001,17.325000000000003,-19.825000000000003
2026-02-22,KXHIGHTDAL,KXHIGHTDAL-26FEB22,KXHIGHTDAL-26FEB22-T57,less,57.0,,57.0,0.01,0.0,1.0,0.0,1.0,6993.0,0.0,no,0.0,57.0,finalized,KXHIGHTDAL,56.84582149982453,1.158851,0.5529208191741743,0.01,0.5429208191741743,0.0,YES,1.0,0.5429208191741743,stop_loss,0.0,6.930000000000001,-1.0,-7.930000000000001,17.325000000000003,-19.825000000000003
2026-02-22,KXHIGHTDAL,KXHIGHTDAL-26FEB22,KXHIGHTDAL-26FEB22-B57.5,between,57.5,57.0,58.0,0.99,0.0,1.0,0.0,1.0,10111.0,0.0,yes,1.0,57.0,finalized,KXHIGHTDAL,56.84582149982453,1.158851,0.28744632569694106,0.99,-0.7025536743030589,1.0,NO,1.0000000000000009,0.7025536743030589,stop_loss,0.0,6.930000000000001,-1.0000000000000009,-7.9300000000000015,17.325000000000003,-19.825000000000003
2026-02-23,KXHIGHTDAL,KXHIGHTDAL-26FEB23,KXHIGHTDAL-26FEB23-B59.5,between,59.5,59.0,60.0,0.97,0.0,1.0,0.0,1.0,46334.0,0.0,yes,1.0,60.0,finalized,KXHIGHTDAL,59.89927786986033,1.188471,0.3091452514129455,0.97,-0.6608547485870544,1.0,NO,3.0000000000000027,0.6608547485870544,stop_loss,0.0,6.790000000000001,-3.0000000000000027,-9.790000000000003,16.975,-24.475000000000005
2026-02-24,KXHIGHTDAL,KXHIGHTDAL-26FEB24,KXHIGHTDAL-26FEB24-T72,less,72.0,,72.0,0.01,0.0,1.0,0.0,1.0,11699.0,0.0,no,0.0,73.0,finalized,KXHIGHTDAL,72.61244937578836,1.0133938,0.2728038923456212,0.01,0.2628038923456212,0.0,YES,1.0,0.2628038923456212,stop_loss,0.0,6.930000000000001,-1.0,-7.930000000000001,17.325000000000003,-19.825000000000003
2026-02-24,KXHIGHTDAL,KXHIGHTDAL-26FEB24,KXHIGHTDAL-26FEB24-B72.5,between,72.5,72.0,73.0,0.99,0.0,1.0,0.0,1.0,13359.0,0.0,yes,1.0,73.0,finalized,KXHIGHTDAL,72.61244937578836,1.0133938,0.3761243191945375,0.99,-0.6138756808054625,1.0,NO,1.0000000000000009,0.6138756808054625,stop_loss,0.0,6.930000000000001,-1.0000000000000009,-7.9300000000000015,17.325000000000003,-19.825000000000003
2026-02-25,KXHIGHTDAL,KXHIGHTDAL-26FEB25,KXHIGHTDAL-26FEB25-B82.5,between,82.5,82.0,83.0,0.99,0.0,1.0,0.0,1.0,13539.0,0.0,yes,1.0,82.0,finalized,KXHIGHTDAL,81.8255142847697,1.0942267,0.29509554535715043,0.99,-0.6949044546428496,1.0,NO,1.0000000000000009,0.6949044546428496,stop_loss,0.0,6.930000000000001,-1.0000000000000009,-7.9300000000000015,17.325000000000003,-19.825000000000003
2026-02-25,KXHIGHTDAL,KXHIGHTDAL-26FEB25,KXHIGHTDAL-26FEB25-B80.5,between,80.5,80.0,81.0,0.01,0.0,1.0,0.0,1.0,14343.0,0.0,no,0.0,82.0,finalized,KXHIGHTDAL,81.8255142847697,1.0942267,0.17766974647546452,0.01,0.1676697464754645,0.0,YES,1.0,0.1676697464754645,stop_loss,0.0,6.930000000000001,-1.0,-7.930000000000001,17.325000000000003,-19.825000000000003
2026-02-26,KXHIGHTDAL,KXHIGHTDAL-26FEB26,KXHIGHTDAL-26FEB26-B81.5,between,81.5,81.0,82.0,0.99,0.0,1.0,0.0,1.0,18355.0,0.0,yes,1.0,82.0,finalized,KXHIGHTDAL,80.96741293271383,1.1931714,0.2956998856189559,0.99,-0.6943001143810441,1.0,NO,1.0000000000000009,0.6943001143810441,stop_loss,0.0,6.930000000000001,-1.0000000000000009,-7.9300000000000015,17.325000000000003,-19.825000000000003
2026-02-26,KXHIGHTDAL,KXHIGHTDAL-26FEB26,KXHIGHTDAL-26FEB26-B79.5,between,79.5,79.0,80.0,0.01,0.0,1.0,0.0,1.0,26177.0,0.0,no,0.0,82.0,finalized,KXHIGHTDAL,80.96741293271383,1.1931714,0.15915808268763987,0.01,0.14915808268763986,0.0,YES,1.0,0.14915808268763986,stop_loss,0.0,6.930000000000001,-1.0,-7.930000000000001,17.325000000000003,-19.825000000000003
2026-02-27,KXHIGHTDAL,KXHIGHTDAL-26FEB27,KXHIGHTDAL-26FEB27-B82.5,between,82.5,82.0,83.0,0.01,0.0,1.0,0.0,1.0,7222.0,0.0,no,0.0,81.0,finalized,KXHIGHTDAL,81.56378649075826,1.1528836,0.24615215743706576,0.01,0.23615215743706575,0.0,YES,1.0,0.23615215743706575,stop_loss,0.0,6.930000000000001,-1.0,-7.930000000000001,17.325000000000003,-19.825000000000003
2026-02-27,KXHIGHTDAL,KXHIGHTDAL-26FEB27,KXHIGHTDAL-26FEB27-B80.5,between,80.5,80.0,81.0,0.99,0.0,1.0,0.0,1.0,11774.0,0.0,yes,1.0,81.0,finalized,KXHIGHTDAL,81.56378649075826,1.1528836,0.2249288638412884,0.99,-0.7650711361587116,1.0,NO,1.0000000000000009,0.7650711361587116,stop_loss,0.0,6.930000000000001,-1.0000000000000009,-7.9300000000000015,17.325000000000003,-19.825000000000003
2026-02-28,KXHIGHTDAL,KXHIGHTDAL-26FEB28,KXHIGHTDAL-26FEB28-B84.5,between,84.5,84.0,85.0,0.99,0.0,1.0,0.0,1.0,11604.0,0.0,yes,1.0,84.0,finalized,KXHIGHTDAL,84.13849425315857,1.0958741,0.33438960742109824,0.99,-0.6556103925789017,1.0,NO,1.0000000000000009,0.6556103925789017,stop_loss,0.0,6.930000000000001,-1.0000000000000009,-7.9300000000000015,17.325000000000003,-19.825000000000003
2026-02-28,KXHIGHTDAL,KXHIGHTDAL-26FEB28,KXHIGHTDAL-26FEB28-B82.5,between,82.5,82.0,83.0,0.01,0.0,1.0,0.0,1.0,9489.0,0.0,no,0.0,84.0,finalized,KXHIGHTDAL,84.13849425315857,1.0958741,0.1239231633863161,0.01,0.1139231633863161,0.0,YES,1.0,0.1139231633863161,stop_loss,0.0,6.930000000000001,-1.0,-7.930000000000001,17.325000000000003,-19.825000000000003
2026-03-01,KXHIGHTDAL,KXHIGHTDAL-26MAR01,KXHIGHTDAL-26MAR01-B82.5,between,82.5,82.0,83.0,0.01,0.0,1.0,0.0,1.0,15090.0,0.0,no,0.0,81.0,finalized,KXHIGHTDAL,81.38135583003361,1.0364578,0.21611428002167132,0.01,0.20611428002167131,0.0,YES,1.0,0.20611428002167131,stop_loss,0.0,6.930000000000001,-1.0,-7.930000000000001,17.325000000000003,-19.825000000000003
2026-03-01,KXHIGHTDAL,KXHIGHTDAL-26MAR01,KXHIGHTDAL-26MAR01-B80.5,between,80.5,80.0,81.0,0.99,0.0,1.0,0.0,1.0,17736.0,0.0,yes,1.0,81.0,finalized,KXHIGHTDAL,81.38135583003361,1.0364578,0.2651541467429716,0.99,-0.7248458532570283,1.0,NO,1.0000000000000009,0.7248458532570283,stop_loss,0.0,6.930000000000001,-1.0000000000000009,-7.9300000000000015,17.325000000000003,-19.825000000000003
2026-03-02,KXHIGHTDAL,KXHIGHTDAL-26MAR02,KXHIGHTDAL-26MAR02-B82.5,between,82.5,82.0,83.0,0.01,0.0,1.0,0.0,1.0,5132.0,0.0,no,0.0,81.0,finalized,KXHIGHTDAL,82.4883519967397,1.1223445,0.3440213274178178,0.01,0.3340213274178178,0.0,YES,1.0,0.3340213274178178,stop_loss,0.0,6.930000000000001,-1.0,-7.930000000000001,17.325000000000003,-19.825000000000003
2026-03-02,KXHIGHTDAL,KXHIGHTDAL-26MAR02,KXHIGHTDAL-26MAR02-B80.5,between,80.5,80.0,81.0,0.99,0.0,1.0,0.0,1.0,12854.0,0.0,yes,1.0,81.0,finalized,KXHIGHTDAL,82.4883519967397,1.1223445,0.07909360255667888,0.99,-0.9109063974433211,1.0,NO,1.0000000000000009,0.9109063974433211,stop_loss,0.0,6.930000000000001,-1.0000000000000009,-7.9300000000000015,17.325000000000003,-19.825000000000003
2026-03-03,KXHIGHTDAL,KXHIGHTDAL-26MAR03,KXHIGHTDAL-26MAR03-B86.5,between,86.5,86.0,87.0,0.01,0.0,1.0,0.0,1.0,10410.0,0.0,no,0.0,84.0,finalized,KXHIGHTDAL,85.57414979934693,1.1448922,0.24847044000082164,0.01,0.23847044000082163,0.0,YES,1.0,0.23847044000082163,stop_loss,0.0,6.930000000000001,-1.0,-7.930000000000001,17.325000000000003,-19.825000000000003
2026-03-03,KXHIGHTDAL,KXHIGHTDAL-26MAR03,KXHIGHTDAL-26MAR03-B84.5,between,84.5,84.0,85.0,0.98,0.0,1.0,0.0,1.0,24661.0,0.0,yes,1.0,84.0,finalized,KXHIGHTDAL,85.57414979934693,1.1448922,0.223437684464878,0.98,-0.756562315535122,1.0,NO,2.0000000000000018,0.756562315535122,stop_loss,0.0,6.86,-2.0000000000000018,-8.860000000000003,17.15,-22.15000000000001
2026-03-04,KXHIGHTDAL,KXHIGHTDAL-26MAR04,KXHIGHTDAL-26MAR04-T81,greater,81.0,81.0,,0.01,0.0,1.0,0.0,1.0,14353.0,0.0,no,0.0,81.0,finalized,KXHIGHTDAL,80.74729704856874,1.2847384,0.42203270717996,0.01,0.41203270717996,0.0,YES,1.0,0.41203270717996,stop_loss,0.0,6.930000000000001,-1.0,-7.930000000000001,17.325000000000003,-19.825000000000003
2026-03-04,KXHIGHTDAL,KXHIGHTDAL-26MAR04,KXHIGHTDAL-26MAR04-B80.5,between,80.5,80.0,81.0,0.99,0.0,1.0,0.0,1.0,9142.0,0.0,yes,1.0,81.0,finalized,KXHIGHTDAL,80.74729704856874,1.2847384,0.2975736539394278,0.99,-0.6924263460605722,1.0,NO,1.0000000000000009,0.6924263460605722,stop_loss,0.0,6.930000000000001,-1.0000000000000009,-7.9300000000000015,17.325000000000003,-19.825000000000003
2026-03-05,KXHIGHTDAL,KXHIGHTDAL-26MAR05,KXHIGHTDAL-26MAR05-B81.5,between,81.5,81.0,82.0,0.99,0.0,1.0,0.0,1.0,16844.0,0.0,yes,1.0,82.0,finalized,KXHIGHTDAL,80.4879732688268,1.3542594,0.22057859871877727,0.99,-0.7694214012812227,1.0,NO,1.0000000000000009,0.7694214012812227,stop_loss,0.0,6.930000000000001,-1.0000000000000009,-7.9300000000000015,17.325000000000003,-19.825000000000003
2026-03-05,KXHIGHTDAL,KXHIGHTDAL-26MAR05,KXHIGHTDAL-26MAR05-B79.5,between,79.5,79.0,80.0,0.01,0.0,1.0,0.0,1.0,18902.0,0.0,no,0.0,82.0,finalized,KXHIGHTDAL,80.4879732688268,1.3542594,0.22336046018160466,0.01,0.21336046018160465,0.0,YES,1.0,0.21336046018160465,stop_loss,0.0,6.930000000000001,-1.0,-7.930000000000001,17.325000000000003,-19.825000000000003
2026-03-06,KXHIGHTDAL,KXHIGHTDAL-26MAR06,KXHIGHTDAL-26MAR06-T83,greater,83.0,83.0,,0.01,0.0,1.0,0.0,1.0,8445.0,0.0,no,0.0,82.0,finalized,KXHIGHTDAL,82.57648701667785,1.2473909,0.367109367844254,0.01,0.357109367844254,0.0,YES,1.0,0.357109367844254,stop_loss,0.0,6.930000000000001,-1.0,-7.930000000000001,17.325000000000003,-19.825000000000003
2026-03-06,KXHIGHTDAL,KXHIGHTDAL-26MAR06,KXHIGHTDAL-26MAR06-B82.5,between,82.5,82.0,83.0,0.99,0.0,1.0,0.0,1.0,8798.0,0.0,yes,1.0,82.0,finalized,KXHIGHTDAL,82.57648701667785,1.2473909,0.3109052853631729,0.99,-0.6790947146368271,1.0,NO,1.0000000000000009,0.6790947146368271,stop_loss,0.0,6.930000000000001,-1.0000000000000009,-7.9300000000000015,17.325000000000003,-19.825000000000003
2026-03-07,KXHIGHTDAL,KXHIGHTDAL-26MAR07,KXHIGHTDAL-26MAR07-T74,greater,74.0,74.0,,0.99,0.0,1.0,0.0,1.0,49896.0,0.0,yes,1.0,75.0,finalized,KXHIGHTDAL,74.57883367538453,1.5949707,0.641664610993235,0.99,-0.348335389006765,1.0,NO,1.0000000000000009,0.348335389006765,stop_loss,0.0,6.930000000000001,-1.0000000000000009,-7.9300000000000015,17.325000000000003,-19.825000000000003
2026-03-07,KXHIGHTDAL,KXHIGHTDAL-26MAR07,KXHIGHTDAL-26MAR07-B73.5,between,73.5,73.0,74.0,0.01,0.0,1.0,0.0,1.0,22092.0,0.0,no,0.0,75.0,finalized,KXHIGHTDAL,74.57883367538453,1.5949707,0.19721962549832822,0.01,0.1872196254983282,0.0,YES,1.0,0.1872196254983282,stop_loss,0.0,6.930000000000001,-1.0,-7.930000000000001,17.325000000000003,-19.825000000000003
2026-03-08,KXHIGHTDAL,KXHIGHTDAL-26MAR08,KXHIGHTDAL-26MAR08-B74.5,between,74.5,74.0,75.0,0.99,0.0,1.0,0.0,1.0,28692.0,0.0,yes,1.0,74.0,finalized,KXHIGHTDAL,71.8105260292689,1.1975985,0.0298884538302161,0.99,-0.9601115461697839,1.0,NO,1.0000000000000009,0.9601115461697839,stop_loss,0.0,6.930000000000001,-1.0000000000000009,-7.9300000000000015,17.325000000000003,-19.825000000000003
2026-03-08,KXHIGHTDAL,KXHIGHTDAL-26MAR08,KXHIGHTDAL-26MAR08-B72.5,between,72.5,72.0,73.0,0.01,0.0,1.0,0.0,1.0,52920.0,0.0,no,0.0,74.0,finalized,KXHIGHTDAL,71.8105260292689,1.1975985,0.2768426838187682,0.01,0.2668426838187682,0.0,YES,1.0,0.2668426838187682,stop_loss,0.0,6.930000000000001,-1.0,-7.930000000000001,17.325000000000003,-19.825000000000003
2026-03-08,KXHIGHTDAL,KXHIGHTDAL-26MAR08,KXHIGHTDAL-26MAR08-B70.5,between,70.5,70.0,71.0,0.01,0.0,1.0,0.0,1.0,13068.0,0.0,no,0.0,74.0,finalized,KXHIGHTDAL,71.8105260292689,1.1975985,0.18397598196767254,0.01,0.17397598196767253,0.0,YES,1.0,0.17397598196767253,stop_loss,0.0,6.930000000000001,-1.0,-7.930000000000001,17.325000000000003,-19.825000000000003
2026-03-09,KXHIGHTDAL,KXHIGHTDAL-26MAR09,KXHIGHTDAL-26MAR09-B85.5,between,85.5,85.0,86.0,0.99,0.0,1.0,0.0,1.0,8969.0,0.0,yes,1.0,85.0,finalized,KXHIGHTDAL,83.00641781489054,1.1852314,0.04050974338904301,0.99,-0.949490256610957,1.0,NO,1.0000000000000009,0.949490256610957,stop_loss,0.0,6.930000000000001,-1.0000000000000009,-7.9300000000000015,17.325000000000003,-19.825000000000003
2026-03-09,KXHIGHTDAL,KXHIGHTDAL-26MAR09,KXHIGHTDAL-26MAR09-B83.5,between,83.5,83.0,84.0,0.01,0.0,1.0,0.0,1.0,22261.0,0.0,no,0.0,85.0,finalized,KXHIGHTDAL,83.00641781489054,1.1852314,0.3012297028695562,0.01,0.2912297028695562,0.0,YES,1.0,0.2912297028695562,stop_loss,0.0,6.930000000000001,-1.0,-7.930000000000001,17.325000000000003,-19.825000000000003
2026-03-09,KXHIGHTDAL,KXHIGHTDAL-26MAR09,KXHIGHTDAL-26MAR09-B81.5,between,81.5,81.0,82.0,0.01,0.0,1.0,0.0,1.0,16876.0,0.0,no,0.0,85.0,finalized,KXHIGHTDAL,83.00641781489054,1.1852314,0.15266184359357166,0.01,0.14266184359357165,0.0,YES,1.0,0.14266184359357165,stop_loss,0.0,6.930000000000001,-1.0,-7.930000000000001,17.325000000000003,-19.825000000000003
2026-03-10,KXHIGHTDAL,KXHIGHTDAL-26MAR10,KXHIGHTDAL-26MAR10-B83.5,between,83.5,83.0,84.0,0.01,0.0,1.0,0.0,1.0,10957.0,0.0,no,0.0,82.0,finalized,KXHIGHTDAL,81.86181204319,1.3194535,0.1416116559200704,0.01,0.1316116559200704,0.0,YES,1.0,0.1316116559200704,stop_loss,0.0,6.930000000000001,-1.0,-7.930000000000001,17.325000000000003,-19.825000000000003
2026-03-10,KXHIGHTDAL,KXHIGHTDAL-26MAR10,KXHIGHTDAL-26MAR10-B81.5,between,81.5,81.0,82.0,0.99,0.0,1.0,0.0,1.0,13251.0,0.0,yes,1.0,82.0,finalized,KXHIGHTDAL,81.86181204319,1.3194535,0.2848783488511951,0.99,-0.7051216511488049,1.0,NO,1.0000000000000009,0.7051216511488049,stop_loss,0.0,6.930000000000001,-1.0000000000000009,-7.9300000000000015,17.325000000000003,-19.825000000000003
2026-03-11,KXHIGHTDAL,KXHIGHTDAL-26MAR11,KXHIGHTDAL-26MAR11-B77.5,between,77.5,77.0,78.0,0.99,0.0,1.0,0.0,1.0,22862.0,0.0,yes,1.0,78.0,finalized,KXHIGHTDAL,75.88193505605062,1.5683336,0.1495291169281514,0.99,-0.8404708830718486,1.0,NO,1.0000000000000009,0.8404708830718486,stop_loss,0.0,6.930000000000001,-1.0000000000000009,-7.9300000000000015,17.325000000000003,-19.825000000000003
2026-03-11,KXHIGHTDAL,KXHIGHTDAL-26MAR11,KXHIGHTDAL-26MAR11-B75.5,between,75.5,75.0,76.0,0.01,0.0,1.0,0.0,1.0,21749.0,0.0,no,0.0,78.0,finalized,KXHIGHTDAL,75.88193505605062,1.5683336,0.24306167416218605,0.01,0.23306167416218604,0.0,YES,1.0,0.23306167416218604,stop_loss,0.0,6.930000000000001,-1.0,-7.930000000000001,17.325000000000003,-19.825000000000003
2026-03-12,KXHIGHTDAL,KXHIGHTDAL-26MAR12,KXHIGHTDAL-26MAR12-T63,less,63.0,,63.0,0.01,0.0,1.0,0.0,1.0,12177.0,0.0,no,0.0,63.0,finalized,KXHIGHTDAL,63.096758854389186,1.4774537,0.47389182330104584,0.01,0.46389182330104584,0.0,YES,1.0,0.46389182330104584,stop_loss,0.0,6.930000000000001,-1.0,-7.930000000000001,17.325000000000003,-19.825000000000003
2026-03-12,KXHIGHTDAL,KXHIGHTDAL-26MAR12,KXHIGHTDAL-26MAR12-B63.5,between,63.5,63.0,64.0,0.99,0.0,1.0,0.0,1.0,9849.0,0.0,yes,1.0,63.0,finalized,KXHIGHTDAL,63.096758854389186,1.4774537,0.2556241884057062,0.99,-0.7343758115942938,1.0,NO,1.0000000000000009,0.7343758115942938,stop_loss,0.0,6.930000000000001,-1.0000000000000009,-7.9300000000000015,17.325000000000003,-19.825000000000003
2026-03-13,KXHIGHTDAL,KXHIGHTDAL-26MAR13,KXHIGHTDAL-26MAR13-B79.5,between,79.5,79.0,80.0,0.01,0.0,1.0,0.0,1.0,6847.0,0.0,no,0.0,78.0,finalized,KXHIGHTDAL,78.14007914861044,1.0475609,0.16794803496729438,0.01,0.15794803496729437,0.0,YES,1.0,0.15794803496729437,stop_loss,0.0,6.930000000000001,-1.0,-7.930000000000001,17.325000000000003,-19.825000000000003
2026-03-13,KXHIGHTDAL,KXHIGHTDAL-26MAR13,KXHIGHTDAL-26MAR13-B77.5,between,77.5,77.0,78.0,0.99,0.0,1.0,0.0,1.0,10598.0,0.0,yes,1.0,78.0,finalized,KXHIGHTDAL,78.14007914861044,1.0475609,0.3085848286888284,0.99,-0.6814151713111716,1.0,NO,1.0000000000000009,0.6814151713111716,stop_loss,0.0,6.930000000000001,-1.0000000000000009,-7.9300000000000015,17.325000000000003,-19.825000000000003
2026-03-14,KXHIGHTDAL,KXHIGHTDAL-26MAR14,KXHIGHTDAL-26MAR14-T80,less,80.0,,80.0,0.01,0.0,1.0,0.0,1.0,11586.0,0.0,no,0.0,81.0,finalized,KXHIGHTDAL,81.16116607983908,1.1385562,0.1538978247271292,0.01,0.1438978247271292,0.0,YES,1.0,0.1438978247271292,stop_loss,0.0,6.930000000000001,-1.0,-7.930000000000001,17.325000000000003,-19.825000000000003
2026-03-14,KXHIGHTDAL,KXHIGHTDAL-26MAR14,KXHIGHTDAL-26MAR14-B82.5,between,82.5,82.0,83.0,0.01,0.0,1.0,0.0,1.0,5938.0,0.0,no,0.0,81.0,finalized,KXHIGHTDAL,81.16116607983908,1.1385562,0.17748739028981064,0.01,0.16748739028981063,0.0,YES,1.0,0.16748739028981063,stop_loss,0.0,6.930000000000001,-1.0,-7.930000000000001,17.325000000000003,-19.825000000000003
2026-03-14,KXHIGHTDAL,KXHIGHTDAL-26MAR14,KXHIGHTDAL-26MAR14-B80.5,between,80.5,80.0,81.0,0.99,0.0,1.0,0.0,1.0,11988.0,0.0,yes,1.0,81.0,finalized,KXHIGHTDAL,81.16116607983908,1.1385562,0.2898187122967227,0.99,-0.7001812877032774,1.0,NO,1.0000000000000009,0.7001812877032774,stop_loss,0.0,6.930000000000001,-1.0000000000000009,-7.9300000000000015,17.325000000000003,-19.825000000000003
2026-03-17,KXHIGHTDAL,KXHIGHTDAL-26MAR17,KXHIGHTDAL-26MAR17-T63,less,63.0,,63.0,0.01,0.0,1.0,0.0,1.0,12613.0,0.0,no,0.0,64.0,finalized,KXHIGHTDAL,63.17743479410806,1.0186721,0.4308610424599931,0.01,0.4208610424599931,0.0,YES,1.0,0.4208610424599931,stop_loss,0.0,6.930000000000001,-1.0,-7.930000000000001,17.325000000000003,-19.825000000000003
2026-03-17,KXHIGHTDAL,KXHIGHTDAL-26MAR17,KXHIGHTDAL-26MAR17-B63.5,between,63.5,63.0,64.0,0.99,0.0,1.0,0.0,1.0,14578.0,0.0,yes,1.0,64.0,finalized,KXHIGHTDAL,63.17743479410806,1.0186721,0.35944618068440515,0.99,-0.6305538193155948,1.0,NO,1.0000000000000009,0.6305538193155948,stop_loss,0.0,6.930000000000001,-1.0000000000000009,-7.9300000000000015,17.325000000000003,-19.825000000000003
2026-03-18,KXHIGHTDAL,KXHIGHTDAL-26MAR18,KXHIGHTDAL-26MAR18-T75,less,75.0,,75.0,0.99,0.0,1.0,0.0,1.0,13001.0,0.0,yes,1.0,74.0,finalized,KXHIGHTDAL,75.3608052889506,1.0516485,0.36576709164376364,0.99,-0.6242329083562363,1.0,NO,1.0000000000000009,0.6242329083562363,stop_loss,0.0,6.930000000000001,-1.0000000000000009,-7.9300000000000015,17.325000000000003,-19.825000000000003
2026-03-18,KXHIGHTDAL,KXHIGHTDAL-26MAR18,KXHIGHTDAL-26MAR18-B75.5,between,75.5,75.0,76.0,0.01,0.0,1.0,0.0,1.0,15981.0,0.0,no,0.0,74.0,finalized,KXHIGHTDAL,75.3608052889506,1.0516485,0.3625737123054986,0.01,0.3525737123054986,0.0,YES,1.0,0.3525737123054986,stop_loss,0.0,6.930000000000001,-1.0,-7.930000000000001,17.325000000000003,-19.825000000000003
2026-03-21,KXHIGHTDAL,KXHIGHTDAL-26MAR21,KXHIGHTDAL-26MAR21-B92.5,between,92.5,92.0,93.0,0.01,0.0,1.0,0.0,1.0,7664.0,5200.0,no,0.0,91.0,finalized,KXHIGHTDAL,91.53728247483572,1.0386043,0.24845866715732168,0.01,0.23845866715732167,0.0,YES,1.0,0.23845866715732167,stop_loss,0.0,6.930000000000001,-1.0,-7.930000000000001,17.325000000000003,-19.825000000000003
2026-03-21,KXHIGHTDAL,KXHIGHTDAL-26MAR21,KXHIGHTDAL-26MAR21-B90.5,between,90.5,90.0,91.0,0.99,0.0,1.0,0.0,1.0,14072.0,9489.0,yes,1.0,91.0,finalized,KXHIGHTDAL,91.53728247483572,1.0386043,0.2330515908008154,0.99,-0.7569484091991846,1.0,NO,1.0000000000000009,0.7569484091991846,stop_loss,0.0,6.930000000000001,-1.0000000000000009,-7.9300000000000015,17.325000000000003,-19.825000000000003
2026-03-22,KXHIGHTDAL,KXHIGHTDAL-26MAR22,KXHIGHTDAL-26MAR22-B95.5,between,95.5,95.0,96.0,0.99,0.0,1.0,0.0,1.0,12273.0,10292.0,yes,1.0,95.0,finalized,KXHIGHTDAL,92.8394611676534,1.0777897,0.020821207057151847,0.99,-0.9691787929428481,1.0,NO,1.0000000000000009,0.9691787929428481,stop_loss,0.0,6.930000000000001,-1.0000000000000009,-7.9300000000000015,17.325000000000003,-19.825000000000003
2026-03-22,KXHIGHTDAL,KXHIGHTDAL-26MAR22,KXHIGHTDAL-26MAR22-B91.5,between,91.5,91.0,92.0,0.01,0.0,1.0,0.0,1.0,18758.0,14993.0,no,0.0,95.0,finalized,KXHIGHTDAL,92.8394611676534,1.0777897,0.17408816767866309,0.01,0.16408816767866308,0.0,YES,1.0,0.16408816767866308,stop_loss,0.0,6.930000000000001,-1.0,-7.930000000000001,17.325000000000003,-19.825000000000003
2026-03-22,KXHIGHTDAL,KXHIGHTDAL-26MAR22,KXHIGHTDAL-26MAR22-B93.5,between,93.5,93.0,94.0,0.01,0.0,1.0,0.0,1.0,21099.0,18208.0,no,0.0,95.0,finalized,KXHIGHTDAL,92.8394611676534,1.0777897,0.3000057773265068,0.01,0.2900057773265068,0.0,YES,1.0,0.2900057773265068,stop_loss,0.0,6.930000000000001,-1.0,-7.930000000000001,17.325000000000003,-19.825000000000003
2026-03-23,KXHIGHTDAL,KXHIGHTDAL-26MAR23,KXHIGHTDAL-26MAR23-B79.5,between,79.5,79.0,80.0,0.99,0.0,1.0,0.0,1.0,16309.0,9753.0,yes,1.0,80.0,finalized,KXHIGHTDAL,78.84583850304284,0.99653184,0.31513404468772976,0.99,-0.6748659553122702,1.0,NO,1.0000000000000009,0.6748659553122702,stop_loss,0.0,6.930000000000001,-1.0000000000000009,-7.9300000000000015,17.325000000000003,-19.825000000000003
2026-03-23,KXHIGHTDAL,KXHIGHTDAL-26MAR23,KXHIGHTDAL-26MAR23-T80,greater,80.0,80.0,,0.01,0.0,1.0,0.0,1.0,9602.0,6525.0,no,0.0,80.0,finalized,KXHIGHTDAL,78.84583850304284,0.99653184,0.1233956532711018,0.01,0.1133956532711018,0.0,YES,1.0,0.1133956532711018,stop_loss,0.0,6.930000000000001,-1.0,-7.930000000000001,17.325000000000003,-19.825000000000003
2026-03-23,KXHIGHTDAL,KXHIGHTDAL-26MAR23,KXHIGHTDAL-26MAR23-B77.5,between,77.5,77.0,78.0,0.01,0.0,1.0,0.0,1.0,7326.0,4422.0,no,0.0,80.0,finalized,KXHIGHTDAL,78.84583850304284,0.99653184,0.16600717158757616,0.01,0.15600717158757615,0.0,YES,1.0,0.15600717158757615,stop_loss,0.0,6.930000000000001,-1.0,-7.930000000000001,17.325000000000003,-19.825000000000003
2026-03-24,KXHIGHTDAL,KXHIGHTDAL-26MAR24,KXHIGHTDAL-26MAR24-B82.5,between,82.5,82.0,83.0,0.01,0.0,1.0,0.0,1.0,16890.0,13839.0,no,0.0,84.0,finalized,KXHIGHTDAL,83.5523194948832,1.0846138,0.22911120802175444,0.01,0.21911120802175443,0.0,YES,1.0,0.21911120802175443,stop_loss,0.0,6.930000000000001,-1.0,-7.930000000000001,17.325000000000003,-19.825000000000003
2026-03-24,KXHIGHTDAL,KXHIGHTDAL-26MAR24,KXHIGHTDAL-26MAR24-B84.5,between,84.5,84.0,85.0,0.99,0.0,1.0,0.0,1.0,17224.0,9561.0,yes,1.0,84.0,finalized,KXHIGHTDAL,83.5523194948832,1.0846138,0.24891255001678558,0.99,-0.7410874499832144,1.0,NO,1.0000000000000009,0.7410874499832144,stop_loss,0.0,6.930000000000001,-1.0000000000000009,-7.9300000000000015,17.325000000000003,-19.825000000000003
2026-03-25,KXHIGHTDAL,KXHIGHTDAL-26MAR25,KXHIGHTDAL-26MAR25-T86,less,86.0,,86.0,0.99,0.0,1.0,0.0,1.0,18621.0,10276.0,yes,1.0,85.0,finalized,KXHIGHTDAL,85.67014446258544,1.1702151,0.6109806961824745,0.99,-0.37901930381752547,1.0,NO,1.0000000000000009,0.37901930381752547,stop_loss,0.0,6.930000000000001,-1.0000000000000009,-7.9300000000000015,17.325000000000003,-19.825000000000003
2026-03-25,KXHIGHTDAL,KXHIGHTDAL-26MAR25,KXHIGHTDAL-26MAR25-B86.5,between,86.5,86.0,87.0,0.01,0.0,1.0,0.0,1.0,19126.0,13339.0,no,0.0,85.0,finalized,KXHIGHTDAL,85.67014446258544,1.1702151,0.2611288282802674,0.01,0.2511288282802674,0.0,YES,1.0,0.2511288282802674,stop_loss,0.0,6.930000000000001,-1.0,-7.930000000000001,17.325000000000003,-19.825000000000003
2026-03-26,KXHIGHTDAL,KXHIGHTDAL-26MAR26,KXHIGHTDAL-26MAR26-B86.5,between,86.5,86.0,87.0,0.99,0.0,1.0,0.0,1.0,26854.0,17960.0,yes,1.0,87.0,finalized,KXHIGHTDAL,86.29492611885071,1.1346062,0.335384140185505,0.99,-0.654615859814495,1.0,NO,1.0000000000000009,0.654615859814495,stop_loss,0.0,6.930000000000001,-1.0000000000000009,-7.9300000000000015,17.325000000000003,-19.825000000000003
2026-03-26,KXHIGHTDAL,KXHIGHTDAL-26MAR26,KXHIGHTDAL-26MAR26-T86,less,86.0,,86.0,0.01,0.0,1.0,0.0,1.0,9338.0,5609.0,no,0.0,87.0,finalized,KXHIGHTDAL,86.29492611885071,1.1346062,0.3974561931816244,0.01,0.3874561931816244,0.0,YES,1.0,0.3874561931816244,stop_loss,0.0,6.930000000000001,-1.0,-7.930000000000001,17.325000000000003,-19.825000000000003
2026-03-27,KXHIGHTDAL,KXHIGHTDAL-26MAR27,KXHIGHTDAL-26MAR27-B74.5,between,74.5,74.0,75.0,0.99,0.0,1.0,0.0,1.0,29390.0,13507.0,yes,1.0,74.0,finalized,KXHIGHTDAL,75.53440349499384,1.2477129,0.22482292921086738,0.99,-0.7651770707891326,1.0,NO,1.0000000000000009,0.7651770707891326,stop_loss,0.0,6.930000000000001,-1.0000000000000009,-7.9300000000000015,17.325000000000003,-19.825000000000003
2026-03-27,KXHIGHTDAL,KXHIGHTDAL-26MAR27,KXHIGHTDAL-26MAR27-B76.5,between,76.5,76.0,77.0,0.01,0.0,1.0,0.0,1.0,13891.0,7455.0,no,0.0,74.0,finalized,KXHIGHTDAL,75.53440349499384,1.2477129,0.23444258900529846,0.01,0.22444258900529845,0.0,YES,1.0,0.22444258900529845,stop_loss,0.0,6.930000000000001,-1.0,-7.930000000000001,17.325000000000003,-19.825000000000003
2026-03-28,KXHIGHTDAL,KXHIGHTDAL-26MAR28,KXHIGHTDAL-26MAR28-B60.5,between,60.5,60.0,61.0,0.01,0.0,1.0,0.0,1.0,12145.0,9167.0,no,0.0,57.0,finalized,KXHIGHTDAL,58.90439276695252,1.4451925,0.15067242693182947,0.01,0.14067242693182946,0.0,YES,1.0,0.14067242693182946,stop_loss,0.0,6.930000000000001,-1.0,-7.930000000000001,17.325000000000003,-19.825000000000003
2026-03-28,KXHIGHTDAL,KXHIGHTDAL-26MAR28,KXHIGHTDAL-26MAR28-B58.5,between,58.5,58.0,59.0,0.01,0.0,1.0,0.0,1.0,19537.0,11848.0,no,0.0,57.0,finalized,KXHIGHTDAL,58.90439276695252,1.4451925,0.2606478992525229,0.01,0.2506478992525229,0.0,YES,1.0,0.2506478992525229,stop_loss,0.0,6.930000000000001,-1.0,-7.930000000000001,17.325000000000003,-19.825000000000003
2026-03-28,KXHIGHTDAL,KXHIGHTDAL-26MAR28,KXHIGHTDAL-26MAR28-T58,less,58.0,,58.0,0.99,0.0,1.0,0.0,1.0,19979.0,10368.0,yes,1.0,57.0,finalized,KXHIGHTDAL,58.90439276695252,1.4451925,0.2657250341372324,0.99,-0.7242749658627676,1.0,NO,1.0000000000000009,0.7242749658627676,stop_loss,0.0,6.930000000000001,-1.0000000000000009,-7.9300000000000015,17.325000000000003,-19.825000000000003
2026-03-29,KXHIGHTDAL,KXHIGHTDAL-26MAR29,KXHIGHTDAL-26MAR29-B81.5,between,81.5,81.0,82.0,0.01,0.0,1.0,0.0,1.0,11039.0,9239.0,no,0.0,83.0,finalized,KXHIGHTDAL,83.15142095883688,1.1616011,0.1287806238068478,0.01,0.1187806238068478,0.0,YES,1.0,0.1187806238068478,stop_loss,0.0,6.930000000000001,-1.0,-7.930000000000001,17.325000000000003,-19.825000000000003
2026-03-29,KXHIGHTDAL,KXHIGHTDAL-26MAR29,KXHIGHTDAL-26MAR29-B83.5,between,83.5,83.0,84.0,0.99,0.0,1.0,0.0,1.0,9557.0,5742.0,yes,1.0,83.0,finalized,KXHIGHTDAL,83.15142095883688,1.1616011,0.31932281241666266,0.99,-0.6706771875833373,1.0,NO,1.0000000000000009,0.6706771875833373,stop_loss,0.0,6.930000000000001,-1.0000000000000009,-7.9300000000000015,17.325000000000003,-19.825000000000003
2026-03-30,KXHIGHTDAL,KXHIGHTDAL-26MAR30,KXHIGHTDAL-26MAR30-B85.5,between,85.5,85.0,86.0,0.99,0.0,1.0,0.0,1.0,9990.0,6490.0,yes,1.0,85.0,finalized,KXHIGHTDAL,84.4057275414467,1.0581161,0.22124049080053443,0.99,-0.7687595091994656,1.0,NO,1.0000000000000009,0.7687595091994656,stop_loss,0.0,6.930000000000001,-1.0000000000000009,-7.9300000000000015,17.325000000000003,-19.825000000000003
2026-03-30,KXHIGHTDAL,KXHIGHTDAL-26MAR30,KXHIGHTDAL-26MAR30-B83.5,between,83.5,83.0,84.0,0.01,0.0,1.0,0.0,1.0,24078.0,19864.0,no,0.0,85.0,finalized,KXHIGHTDAL,84.4057275414467,1.0581161,0.25869222437935885,0.01,0.24869222437935884,0.0,YES,1.0,0.24869222437935884,stop_loss,0.0,6.930000000000001,-1.0,-7.930000000000001,17.325000000000003,-19.825000000000003
2026-03-31,KXHIGHTDAL,KXHIGHTDAL-26MAR31,KXHIGHTDAL-26MAR31-B85.5,between,85.5,85.0,86.0,0.99,0.0,1.0,0.0,1.0,7955.0,5711.0,yes,1.0,86.0,finalized,KXHIGHTDAL,85.74353954394658,1.1365082,0.3327843815670234,0.99,-0.6572156184329766,1.0,NO,1.0000000000000009,0.6572156184329766,stop_loss,0.0,6.930000000000001,-1.0000000000000009,-7.9300000000000015,17.325000000000003,-19.825000000000003
2026-03-31,KXHIGHTDAL,KXHIGHTDAL-26MAR31,KXHIGHTDAL-26MAR31-B87.5,between,87.5,87.0,88.0,0.01,0.0,1.0,0.0,1.0,12156.0,7735.0,no,0.0,86.0,finalized,KXHIGHTDAL,85.74353954394658,1.1365082,0.11091367226491367,0.01,0.10091367226491367,0.0,YES,1.0,0.10091367226491367,stop_loss,0.0,6.930000000000001,-1.0,-7.930000000000001,17.325000000000003,-19.825000000000003
2026-04-01,KXHIGHTDAL,KXHIGHTDAL-26APR01,KXHIGHTDAL-26APR01-B86.5,between,86.5,86.0,87.0,0.99,0.0,1.0,0.0,1.0,10696.0,6675.0,yes,1.0,87.0,finalized,KXHIGHTDAL,87.03307787577312,1.0787516,0.3186521424987749,0.99,-0.671347857501225,1.0,NO,1.0000000000000009,0.671347857501225,stop_loss,0.0,6.930000000000001,-1.0000000000000009,-7.9300000000000015,17.325000000000003,-19.825000000000003
2026-04-01,KXHIGHTDAL,KXHIGHTDAL-26APR01,KXHIGHTDAL-26APR01-B88.5,between,88.5,88.0,89.0,0.01,0.0,1.0,0.0,1.0,13169.0,7939.0,no,0.0,87.0,finalized,KXHIGHTDAL,87.03307787577312,1.0787516,0.15091052894047408,0.01,0.14091052894047407,0.0,YES,1.0,0.14091052894047407,stop_loss,0.0,6.930000000000001,-1.0,-7.930000000000001,17.325000000000003,-19.825000000000003
2026-04-02,KXHIGHTDAL,KXHIGHTDAL-26APR02,KXHIGHTDAL-26APR02-B82.5,between,82.5,82.0,83.0,0.01,0.0,1.0,0.0,1.0,9382.0,6429.0,no,0.0,84.0,finalized,KXHIGHTDAL,81.93478723764419,1.2846564,0.27625628525087276,0.01,0.26625628525087275,0.0,YES,1.0,0.26625628525087275,stop_loss,0.0,6.930000000000001,-1.0,-7.930000000000001,17.325000000000003,-19.825000000000003
2026-04-02,KXHIGHTDAL,KXHIGHTDAL-26APR02,KXHIGHTDAL-26APR02-B80.5,between,80.5,80.0,81.0,0.01,0.0,1.0,0.0,1.0,5631.0,4330.0,no,0.0,84.0,finalized,KXHIGHTDAL,81.93478723764419,1.2846564,0.16738813684242898,0.01,0.15738813684242897,0.0,YES,1.0,0.15738813684242897,stop_loss,0.0,6.930000000000001,-1.0,-7.930000000000001,17.325000000000003,-19.825000000000003
2026-04-02,KXHIGHTDAL,KXHIGHTDAL-26APR02,KXHIGHTDAL-26APR02-B84.5,between,84.5,84.0,85.0,0.99,0.0,1.0,0.0,1.0,8029.0,4653.0,yes,1.0,84.0,finalized,KXHIGHTDAL,81.93478723764419,1.2846564,0.045445512227899165,0.99,-0.9445544877721008,1.0,NO,1.0000000000000009,0.9445544877721008,stop_loss,0.0,6.930000000000001,-1.0000000000000009,-7.9300000000000015,17.325000000000003,-19.825000000000003
2026-04-03,KXHIGHTDAL,KXHIGHTDAL-26APR03,KXHIGHTDAL-26APR03-B82.5,between,82.5,82.0,83.0,0.01,0.0,1.0,0.0,1.0,10756.0,6995.0,no,0.0,84.0,finalized,KXHIGHTDAL,82.38611699740092,1.160288,0.3319730161777877,0.01,0.3219730161777877,0.0,YES,1.0,0.3219730161777877,stop_loss,0.0,6.930000000000001,-1.0,-7.930000000000001,17.325000000000003,-19.825000000000003
2026-04-03,KXHIGHTDAL,KXHIGHTDAL-26APR03,KXHIGHTDAL-26APR03-B84.5,between,84.5,84.0,85.0,0.99,0.0,1.0,0.0,1.0,18622.0,8928.0,yes,1.0,84.0,finalized,KXHIGHTDAL,82.38611699740092,1.160288,0.06998659568152144,0.99,-0.9200134043184786,1.0,NO,1.0000000000000009,0.9200134043184786,stop_loss,0.0,6.930000000000001,-1.0000000000000009,-7.9300000000000015,17.325000000000003,-19.825000000000003
2026-04-04,KXHIGHTDAL,KXHIGHTDAL-26APR04,KXHIGHTDAL-26APR04-B74.5,between,74.5,74.0,75.0,0.99,0.0,1.0,0.0,1.0,38596.0,24211.0,yes,1.0,74.0,finalized,KXHIGHTDAL,74.2484502196312,1.451225,0.26569332217190084,0.99,-0.7243066778280991,1.0,NO,1.0000000000000009,0.7243066778280991,stop_loss,0.0,6.930000000000001,-1.0000000000000009,-7.9300000000000015,17.325000000000003,-19.825000000000003
2026-04-04,KXHIGHTDAL,KXHIGHTDAL-26APR04,KXHIGHTDAL-26APR04-B72.5,between,72.5,72.0,73.0,0.01,0.0,1.0,0.0,1.0,23899.0,14206.0,no,0.0,74.0,finalized,KXHIGHTDAL,74.2484502196312,1.451225,0.13416994973795837,0.01,0.12416994973795838,0.0,YES,1.0,0.12416994973795838,stop_loss,0.0,6.930000000000001,-1.0,-7.930000000000001,17.325000000000003,-19.825000000000003
2026-04-05,KXHIGHTDAL,KXHIGHTDAL-26APR05,KXHIGHTDAL-26APR05-B70.5,between,70.5,70.0,71.0,0.99,0.0,1.0,0.0,1.0,11821.0,5546.0,yes,1.0,70.0,finalized,KXHIGHTDAL,69.58987449010213,1.2190171,0.24458707587203532,0.99,-0.7454129241279647,1.0,NO,1.0000000000000009,0.7454129241279647,stop_loss,0.0,6.930000000000001,-1.0000000000000009,-7.9300000000000015,17.325000000000003,-19.825000000000003
2026-04-05,KXHIGHTDAL,KXHIGHTDAL-26APR05,KXHIGHTDAL-26APR05-B68.5,between,68.5,68.0,69.0,0.01,0.0,1.0,0.0,1.0,20759.0,16966.0,no,0.0,70.0,finalized,KXHIGHTDAL,69.58987449010213,1.2190171,0.21815254172990045,0.01,0.20815254172990044,0.0,YES,1.0,0.20815254172990044,stop_loss,0.0,6.930000000000001,-1.0,-7.930000000000001,17.325000000000003,-19.825000000000003
2026-04-06,KXHIGHTDAL,KXHIGHTDAL-26APR06,KXHIGHTDAL-26APR06-B72.5,between,72.5,72.0,73.0,0.01,0.0,1.0,0.0,1.0,11379.0,7324.0,no,0.0,74.0,finalized,KXHIGHTDAL,72.66916715304056,1.274558,0.3026160135454513,0.01,0.2926160135454513,0.0,YES,1.0,0.2926160135454513,stop_loss,0.0,6.930000000000001,-1.0,-7.930000000000001,17.325000000000003,-19.825000000000003
2026-04-06,KXHIGHTDAL,KXHIGHTDAL-26APR06,KXHIGHTDAL-26APR06-B74.5,between,74.5,74.0,75.0,0.99,0.0,1.0,0.0,1.0,7982.0,3953.0,yes,1.0,74.0,finalized,KXHIGHTDAL,72.66916715304056,1.274558,0.11448800731191033,0.99,-0.8755119926880897,1.0,NO,1.0000000000000009,0.8755119926880897,stop_loss,0.0,6.930000000000001,-1.0000000000000009,-7.9300000000000015,17.325000000000003,-19.825000000000003
2026-04-07,KXHIGHTDAL,KXHIGHTDAL-26APR07,KXHIGHTDAL-26APR07-B73.5,between,73.5,73.0,74.0,0.99,0.0,1.0,0.0,1.0,9750.0,4743.0,yes,1.0,73.0,finalized,KXHIGHTDAL,72.70665242671967,1.1165081,0.27302355399477585,0.99,-0.7169764460052241,1.0,NO,1.0000000000000009,0.7169764460052241,stop_loss,0.0,6.930000000000001,-1.0000000000000009,-7.9300000000000015,17.325000000000003,-19.825000000000003
2026-04-07,KXHIGHTDAL,KXHIGHTDAL-26APR07,KXHIGHTDAL-26APR07-B71.5,between,71.5,71.0,72.0,0.01,0.0,1.0,0.0,1.0,11499.0,8980.0,no,0.0,73.0,finalized,KXHIGHTDAL,72.70665242671967,1.1165081,0.20020878057246924,0.01,0.19020878057246923,0.0,YES,1.0,0.19020878057246923,stop_loss,0.0,6.930000000000001,-1.0,-7.930000000000001,17.325000000000003,-19.825000000000003
2026-04-08,KXHIGHTDAL,KXHIGHTDAL-26APR08,KXHIGHTDAL-26APR08-B78.5,between,78.5,78.0,79.0,0.99,0.0,1.0,0.0,1.0,10745.0,6437.0,yes,1.0,78.0,finalized,KXHIGHTDAL,79.0429059346517,1.1662645,0.299726480160168,0.99,-0.690273519839832,1.0,NO,1.0000000000000009,0.690273519839832,stop_loss,0.0,6.930000000000001,-1.0000000000000009,-7.9300000000000015,17.325000000000003,-19.825000000000003
2026-04-08,KXHIGHTDAL,KXHIGHTDAL-26APR08,KXHIGHTDAL-26APR08-B80.5,between,80.5,80.0,81.0,0.01,0.0,1.0,0.0,1.0,7734.0,5616.0,no,0.0,78.0,finalized,KXHIGHTDAL,79.0429059346517,1.1662645,0.15925805665946047,0.01,0.14925805665946046,0.0,YES,1.0,0.14925805665946046,stop_loss,0.0,6.930000000000001,-1.0,-7.930000000000001,17.325000000000003,-19.825000000000003
2026-04-09,KXHIGHTDAL,KXHIGHTDAL-26APR09,KXHIGHTDAL-26APR09-B81.5,between,81.5,81.0,82.0,0.99,0.0,1.0,0.0,1.0,13276.79,6528.48,yes,1.0,81.0,finalized,KXHIGHTDAL,80.81480552355448,1.1008439,0.292377107782527,0.99,-0.697622892217473,1.0,NO,1.0000000000000009,0.697622892217473,stop_loss,0.0,6.930000000000001,-1.0000000000000009,-7.9300000000000015,17.325000000000003,-19.825000000000003
2026-04-09,KXHIGHTDAL,KXHIGHTDAL-26APR09,KXHIGHTDAL-26APR09-B79.5,between,79.5,79.0,80.0,0.01,0.0,1.0,0.0,1.0,5878.27,4684.71,no,0.0,81.0,finalized,KXHIGHTDAL,80.81480552355448,1.1008439,0.1799810446071136,0.01,0.16998104460711358,0.0,YES,1.0,0.16998104460711358,stop_loss,0.0,6.930000000000001,-1.0,-7.930000000000001,17.325000000000003,-19.825000000000003
2026-04-10,KXHIGHTDAL,KXHIGHTDAL-26APR10,KXHIGHTDAL-26APR10-B82.5,between,82.5,82.0,83.0,0.99,0.0,1.0,0.0,1.0,7584.18,4117.65,yes,1.0,83.0,finalized,KXHIGHTDAL,82.64153536160786,1.1221646,0.3415392135043429,0.99,-0.6484607864956571,1.0,NO,1.0000000000000009,0.6484607864956571,stop_loss,0.0,6.930000000000001,-1.0000000000000009,-7.9300000000000015,17.325000000000003,-19.825000000000003
2026-04-11,KXHIGHTDAL,KXHIGHTDAL-26APR11,KXHIGHTDAL-26APR11-T80,less,80.0,,80.0,0.01,0.0,1.0,0.0,1.0,17964.0,15934.0,no,0.0,80.0,finalized,KXHIGHTDAL,78.71761292815209,1.2807661,0.8416507913245572,0.01,0.8316507913245572,0.0,YES,1.0,0.8316507913245572,stop_loss,0.0,6.930000000000001,-1.0,-7.930000000000001,17.325000000000003,-19.825000000000003
2026-04-11,KXHIGHTDAL,KXHIGHTDAL-26APR11,KXHIGHTDAL-26APR11-B80.5,between,80.5,80.0,81.0,0.99,0.0,1.0,0.0,1.0,10972.0,5705.0,yes,1.0,80.0,finalized,KXHIGHTDAL,78.71761292815209,1.2807661,0.12097852883616089,0.99,-0.8690214711638391,1.0,NO,1.0000000000000009,0.8690214711638391,stop_loss,0.0,6.930000000000001,-1.0000000000000009,-7.9300000000000015,17.325000000000003,-19.825000000000003
2026-04-12,KXHIGHTDAL,KXHIGHTDAL-26APR12,KXHIGHTDAL-26APR12-T75,less,75.0,,75.0,0.99,0.0,1.0,0.0,1.0,25239.0,13823.0,yes,1.0,73.0,finalized,KXHIGHTDAL,73.65099272727967,1.499985,0.8157661198498849,0.99,-0.1742338801501151,1.0,NO,1.0000000000000009,0.1742338801501151,stop_loss,0.0,6.930000000000001,-1.0000000000000009,-7.9300000000000015,17.325000000000003,-19.825000000000003
2026-04-12,KXHIGHTDAL,KXHIGHTDAL-26APR12,KXHIGHTDAL-26APR12-B75.5,between,75.5,75.0,76.0,0.01,0.0,1.0,0.0,1.0,10543.0,6505.0,no,0.0,73.0,finalized,KXHIGHTDAL,73.65099272727967,1.499985,0.12556197465503915,0.01,0.11556197465503916,0.0,YES,1.0,0.11556197465503916,stop_loss,0.0,6.930000000000001,-1.0,-7.930000000000001,17.325000000000003,-19.825000000000003
2026-04-13,KXHIGHTDAL,KXHIGHTDAL-26APR13,KXHIGHTDAL-26APR13-B83.5,between,83.5,83.0,84.0,0.01,0.0,1.0,0.0,1.0,14405.0,13075.0,no,0.0,85.0,finalized,KXHIGHTDAL,85.058385070165,1.2816973,0.15032901588008485,0.01,0.14032901588008484,0.0,YES,1.0,0.14032901588008484,stop_loss,0.0,6.930000000000001,-1.0,-7.930000000000001,17.325000000000003,-19.825000000000003
2026-04-13,KXHIGHTDAL,KXHIGHTDAL-26APR13,KXHIGHTDAL-26APR13-B85.5,between,85.5,85.0,86.0,0.99,0.0,1.0,0.0,1.0,16552.0,13645.0,yes,1.0,85.0,finalized,KXHIGHTDAL,85.058385070165,1.2816973,0.28689417759223557,0.99,-0.7031058224077644,1.0,NO,1.0000000000000009,0.7031058224077644,stop_loss,0.0,6.930000000000001,-1.0000000000000009,-7.9300000000000015,17.325000000000003,-19.825000000000003
2026-04-14,KXHIGHTDAL,KXHIGHTDAL-26APR14,KXHIGHTDAL-26APR14-B81.5,between,81.5,81.0,82.0,0.01,0.0,1.0,0.0,1.0,8083.0,4295.0,no,0.0,79.0,finalized,KXHIGHTDAL,80.05481550296146,1.5146086,0.1667772329038868,0.01,0.1567772329038868,0.0,YES,1.0,0.1567772329038868,stop_loss,0.0,6.930000000000001,-1.0,-7.930000000000001,17.325000000000003,-19.825000000000003
2026-04-14,KXHIGHTDAL,KXHIGHTDAL-26APR14,KXHIGHTDAL-26APR14-B79.5,between,79.5,79.0,80.0,0.99,0.0,1.0,0.0,1.0,10246.0,5699.0,yes,1.0,79.0,finalized,KXHIGHTDAL,80.05481550296146,1.5146086,0.24248446267597795,0.99,-0.7475155373240221,1.0,NO,1.0000000000000009,0.7475155373240221,stop_loss,0.0,6.930000000000001,-1.0000000000000009,-7.9300000000000015,17.325000000000003,-19.825000000000003
2026-04-14,KXHIGHTDAL,KXHIGHTDAL-26APR14,KXHIGHTDAL-26APR14-T79,less,79.0,,79.0,0.01,0.0,1.0,0.0,1.0,10069.0,5196.0,no,0.0,79.0,finalized,KXHIGHTDAL,80.05481550296146,1.5146086,0.24308048886640354,0.01,0.23308048886640353,0.0,YES,1.0,0.23308048886640353,stop_loss,0.0,6.930000000000001,-1.0,-7.930000000000001,17.325000000000003,-19.825000000000003
2026-04-15,KXHIGHTDAL,KXHIGHTDAL-26APR15,KXHIGHTDAL-26APR15-B78.5,between,78.5,78.0,79.0,0.99,0.0,1.0,0.0,1.0,9152.0,5465.0,yes,1.0,79.0,finalized,KXHIGHTDAL,78.96431168715158,1.4242287,0.2608169212988201,0.99,-0.7291830787011799,1.0,NO,1.0000000000000009,0.7291830787011799,stop_loss,0.0,6.930000000000001,-1.0000000000000009,-7.9300000000000015,17.325000000000003,-19.825000000000003
2026-04-15,KXHIGHTDAL,KXHIGHTDAL-26APR15,KXHIGHTDAL-26APR15-B80.5,between,80.5,80.0,81.0,0.01,0.0,1.0,0.0,1.0,9089.0,5741.0,no,0.0,79.0,finalized,KXHIGHTDAL,78.96431168715158,1.4242287,0.15709888757939483,0.01,0.14709888757939482,0.0,YES,1.0,0.14709888757939482,stop_loss,0.0,6.930000000000001,-1.0,-7.930000000000001,17.325000000000003,-19.825000000000003
2026-04-16,KXHIGHTDAL,KXHIGHTDAL-26APR16,KXHIGHTDAL-26APR16-T85,less,85.0,,85.0,0.01,0.0,1.0,0.0,1.0,13199.85,11261.55,no,0.0,86.0,finalized,KXHIGHTDAL,85.40414188702901,1.3931099,0.385869675722706,0.01,0.37586967572270596,0.0,YES,1.0,0.37586967572270596,stop_loss,0.0,6.930000000000001,-1.0,-7.930000000000001,17.325000000000003,-19.825000000000003
2026-04-16,KXHIGHTDAL,KXHIGHTDAL-26APR16,KXHIGHTDAL-26APR16-B85.5,between,85.5,85.0,86.0,0.99,0.0,1.0,0.0,1.0,8079.76,4084.71,yes,1.0,86.0,finalized,KXHIGHTDAL,85.40414188702901,1.3931099,0.279702083069939,0.99,-0.710297916930061,1.0,NO,1.0000000000000009,0.710297916930061,stop_loss,0.0,6.930000000000001,-1.0000000000000009,-7.9300000000000015,17.325000000000003,-19.825000000000003
2026-02-11,KXHIGHTHOU,KXHIGHTHOU-26FEB11,KXHIGHTHOU-26FEB11-T75,less,75.0,,75.0,0.01,0.0,0.01,0.99,1.0,4631.0,0.0,no,0.0,77.0,finalized,KXHIGHTHOU,76.14329148928324,1.568979,0.2330971835290404,0.01,0.2230971835290404,0.0,YES,1.0,0.2230971835290404,stop_loss,0.0,6.930000000000001,-1.0,-7.930000000000001,17.325000000000003,-19.825000000000003
2026-02-11,KXHIGHTHOU,KXHIGHTHOU-26FEB11,KXHIGHTHOU-26FEB11-B77.5,between,77.5,77.0,78.0,0.99,0.99,1.0,0.0,0.01,6304.0,0.0,yes,1.0,77.0,finalized,KXHIGHTHOU,76.14329148928324,1.568979,0.1741948866807802,0.99,-0.8158051133192198,1.0,NO,1.0000000000000009,0.8158051133192198,stop_loss,0.0,6.930000000000001,-1.0000000000000009,-7.9300000000000015,17.325000000000003,-19.825000000000003
2026-02-11,KXHIGHTHOU,KXHIGHTHOU-26FEB11,KXHIGHTHOU-26FEB11-B75.5,between,75.5,75.0,76.0,0.01,0.0,0.01,0.99,1.0,16039.0,0.0,no,0.0,77.0,finalized,KXHIGHTHOU,76.14329148928324,1.568979,0.2305188590604046,0.01,0.22051885906040458,0.0,YES,1.0,0.22051885906040458,stop_loss,0.0,6.930000000000001,-1.0,-7.930000000000001,17.325000000000003,-19.825000000000003
2026-02-12,KXHIGHTHOU,KXHIGHTHOU-26FEB12,KXHIGHTHOU-26FEB12-T82,greater,82.0,82.0,,0.01,0.0,1.0,0.0,1.0,1937.0,0.0,no,0.0,80.0,finalized,KXHIGHTHOU,80.24606664975484,1.4429836,0.11208947425506316,0.01,0.10208947425506316,0.0,YES,1.0,0.10208947425506316,stop_loss,0.0,6.930000000000001,-1.0,-7.930000000000001,17.325000000000003,-19.825000000000003
2026-02-12,KXHIGHTHOU,KXHIGHTHOU-26FEB12,KXHIGHTHOU-26FEB12-B81.5,between,81.5,81.0,82.0,0.01,0.0,1.0,0.0,1.0,23794.0,0.0,no,0.0,80.0,finalized,KXHIGHTHOU,80.24606664975484,1.4429836,0.18857782236218057,0.01,0.17857782236218056,0.0,YES,1.0,0.17857782236218056,stop_loss,0.0,6.930000000000001,-1.0,-7.930000000000001,17.325000000000003,-19.825000000000003
2026-02-12,KXHIGHTHOU,KXHIGHTHOU-26FEB12,KXHIGHTHOU-26FEB12-B79.5,between,79.5,79.0,80.0,0.99,0.0,1.0,0.0,1.0,42268.0,0.0,yes,1.0,80.0,finalized,KXHIGHTHOU,80.24606664975484,1.4429836,0.23837639535452493,0.99,-0.7516236046454751,1.0,NO,1.0000000000000009,0.7516236046454751,stop_loss,0.0,6.930000000000001,-1.0000000000000009,-7.9300000000000015,17.325000000000003,-19.825000000000003
2026-02-13,KXHIGHTHOU,KXHIGHTHOU-26FEB13,KXHIGHTHOU-26FEB13-B79.5,between,79.5,79.0,80.0,0.01,0.0,1.0,0.0,1.0,7536.0,0.0,no,0.0,78.0,finalized,KXHIGHTHOU,78.49385147094726,1.3954078,0.21819191500843504,0.01,0.20819191500843504,0.0,YES,1.0,0.20819191500843504,stop_loss,0.0,6.930000000000001,-1.0,-7.930000000000001,17.325000000000003,-19.825000000000003
2026-02-13,KXHIGHTHOU,KXHIGHTHOU-26FEB13,KXHIGHTHOU-26FEB13-B77.5,between,77.5,77.0,78.0,0.99,0.0,1.0,0.0,1.0,7793.0,0.0,yes,1.0,78.0,finalized,KXHIGHTHOU,78.49385147094726,1.3954078,0.21951615597199536,0.99,-0.7704838440280046,1.0,NO,1.0000000000000009,0.7704838440280046,stop_loss,0.0,6.930000000000001,-1.0000000000000009,-7.9300000000000015,17.325000000000003,-19.825000000000003
2026-02-14,KXHIGHTHOU,KXHIGHTHOU-26FEB14,KXHIGHTHOU-26FEB14-B77.5,between,77.5,77.0,78.0,0.01,0.0,1.0,0.0,1.0,1823.0,0.0,no,0.0,75.0,finalized,KXHIGHTHOU,76.43755518595378,1.6286927,0.19622356675363617,0.01,0.18622356675363616,0.0,YES,1.0,0.18622356675363616,stop_loss,0.0,6.930000000000001,-1.0,-7.930000000000001,17.325000000000003,-19.825000000000003
2026-02-14,KXHIGHTHOU,KXHIGHTHOU-26FEB14,KXHIGHTHOU-26FEB14-B75.5,between,75.5,75.0,76.0,0.99,0.0,1.0,0.0,1.0,3710.0,0.0,yes,1.0,75.0,finalized,KXHIGHTHOU,76.43755518595378,1.6286927,0.2053834514850677,0.99,-0.7846165485149323,1.0,NO,1.0000000000000009,0.7846165485149323,stop_loss,0.0,6.930000000000001,-1.0000000000000009,-7.9300000000000015,17.325000000000003,-19.825000000000003
2026-02-15,KXHIGHTHOU,KXHIGHTHOU-26FEB15,KXHIGHTHOU-26FEB15-T69,less,69.0,,69.0,0.01,0.0,1.0,0.0,1.0,5280.0,0.0,no,0.0,71.0,finalized,KXHIGHTHOU,69.62187428474427,2.0380387,0.3801321653057672,0.01,0.3701321653057672,0.0,YES,1.0,0.3701321653057672,stop_loss,0.0,6.930000000000001,-1.0,-7.930000000000001,17.325000000000003,-19.825000000000003
2026-02-15,KXHIGHTHOU,KXHIGHTHOU-26FEB15,KXHIGHTHOU-26FEB15-B71.5,between,71.5,71.0,72.0,0.99,0.0,1.0,0.0,1.0,5280.0,0.0,yes,1.0,71.0,finalized,KXHIGHTHOU,69.62187428474427,2.0380387,0.1278247351764149,0.99,-0.8621752648235851,1.0,NO,1.0000000000000009,0.8621752648235851,stop_loss,0.0,6.930000000000001,-1.0000000000000009,-7.9300000000000015,17.325000000000003,-19.825000000000003
2026-02-15,KXHIGHTHOU,KXHIGHTHOU-26FEB15,KXHIGHTHOU-26FEB15-B69.5,between,69.5,69.0,70.0,0.01,0.0,1.0,0.0,1.0,16663.0,0.0,no,0.0,71.0,finalized,KXHIGHTHOU,69.62187428474427,2.0380387,0.19346277286139857,0.01,0.18346277286139856,0.0,YES,1.0,0.18346277286139856,stop_loss,0.0,6.930000000000001,-1.0,-7.930000000000001,17.325000000000003,-19.825000000000003
2026-02-16,KXHIGHTHOU,KXHIGHTHOU-26FEB16,KXHIGHTHOU-26FEB16-B73.5,between,73.5,73.0,74.0,0.01,0.0,1.0,0.0,1.0,7253.0,0.0,no,0.0,71.0,finalized,KXHIGHTHOU,73.37042333285014,1.4990473,0.26033846432776514,0.01,0.25033846432776513,0.0,YES,1.0,0.25033846432776513,stop_loss,0.0,6.930000000000001,-1.0,-7.930000000000001,17.325000000000003,-19.825000000000003
2026-02-16,KXHIGHTHOU,KXHIGHTHOU-26FEB16,KXHIGHTHOU-26FEB16-B71.5,between,71.5,71.0,72.0,0.99,0.0,1.0,0.0,1.0,7836.0,0.0,yes,1.0,71.0,finalized,KXHIGHTHOU,73.37042333285014,1.4990473,0.12340061483641032,0.99,-0.8665993851635897,1.0,NO,1.0000000000000009,0.8665993851635897,stop_loss,0.0,6.930000000000001,-1.0000000000000009,-7.9300000000000015,17.325000000000003,-19.825000000000003
2026-02-17,KXHIGHTHOU,KXHIGHTHOU-26FEB17,KXHIGHTHOU-26FEB17-B79.5,between,79.5,79.0,80.0,0.99,0.0,1.0,0.0,1.0,5586.0,0.0,yes,1.0,79.0,finalized,KXHIGHTHOU,78.65082947413126,1.6494772,0.20947994969048878,0.99,-0.7805200503095112,1.0,NO,1.0000000000000009,0.7805200503095112,stop_loss,0.0,6.930000000000001,-1.0000000000000009,-7.9300000000000015,17.325000000000003,-19.825000000000003
2026-02-17,KXHIGHTHOU,KXHIGHTHOU-26FEB17,KXHIGHTHOU-26FEB17-B77.5,between,77.5,77.0,78.0,0.01,0.0,1.0,0.0,1.0,13288.0,0.0,no,0.0,79.0,finalized,KXHIGHTHOU,78.65082947413126,1.6494772,0.18812422488754288,0.01,0.17812422488754287,0.0,YES,1.0,0.17812422488754287,stop_loss,0.0,6.930000000000001,-1.0,-7.930000000000001,17.325000000000003,-19.825000000000003
2026-02-18,KXHIGHTHOU,KXHIGHTHOU-26FEB18,KXHIGHTHOU-26FEB18-T78,less,78.0,,78.0,0.01,0.0,1.0,0.0,1.0,7157.0,0.0,no,0.0,80.0,finalized,KXHIGHTHOU,79.61272481282553,1.698965,0.17124938258653738,0.01,0.16124938258653737,0.0,YES,1.0,0.16124938258653737,stop_loss,0.0,6.930000000000001,-1.0,-7.930000000000001,17.325000000000003,-19.825000000000003
2026-02-18,KXHIGHTHOU,KXHIGHTHOU-26FEB18,KXHIGHTHOU-26FEB18-B80.5,between,80.5,80.0,81.0,0.99,0.0,1.0,0.0,1.0,6664.0,0.0,yes,1.0,80.0,finalized,KXHIGHTHOU,79.61272481282553,1.698965,0.2027481586232216,0.99,-0.7872518413767784,1.0,NO,1.0000000000000009,0.7872518413767784,stop_loss,0.0,6.930000000000001,-1.0000000000000009,-7.9300000000000015,17.325000000000003,-19.825000000000003
2026-02-18,KXHIGHTHOU,KXHIGHTHOU-26FEB18,KXHIGHTHOU-26FEB18-B78.5,between,78.5,78.0,79.0,0.01,0.0,1.0,0.0,1.0,4915.0,0.0,no,0.0,80.0,finalized,KXHIGHTHOU,79.61272481282553,1.698965,0.18793268843771982,0.01,0.1779326884377198,0.0,YES,1.0,0.1779326884377198,stop_loss,0.0,6.930000000000001,-1.0,-7.930000000000001,17.325000000000003,-19.825000000000003
2026-02-19,KXHIGHTHOU,KXHIGHTHOU-26FEB19,KXHIGHTHOU-26FEB19-T80,less,80.0,,80.0,0.01,0.0,1.0,0.0,1.0,4811.0,0.0,no,0.0,82.0,finalized,KXHIGHTHOU,81.50081658363342,1.5746881,0.17027269878335782,0.01,0.16027269878335781,0.0,YES,1.0,0.16027269878335781,stop_loss,0.0,6.930000000000001,-1.0,-7.930000000000001,17.325000000000003,-19.825000000000003
2026-02-19,KXHIGHTHOU,KXHIGHTHOU-26FEB19,KXHIGHTHOU-26FEB19-B82.5,between,82.5,82.0,83.0,0.99,0.0,1.0,0.0,1.0,13752.0,0.0,yes,1.0,82.0,finalized,KXHIGHTHOU,81.50081658363342,1.5746881,0.2050844937715125,0.99,-0.7849155062284875,1.0,NO,1.0000000000000009,0.7849155062284875,stop_loss,0.0,6.930000000000001,-1.0000000000000009,-7.9300000000000015,17.325000000000003,-19.825000000000003
2026-02-19,KXHIGHTHOU,KXHIGHTHOU-26FEB19,KXHIGHTHOU-26FEB19-B80.5,between,80.5,80.0,81.0,0.01,0.0,1.0,0.0,1.0,11463.0,0.0,no,0.0,82.0,finalized,KXHIGHTHOU,81.50081658363342,1.5746881,0.20495392746256041,0.01,0.1949539274625604,0.0,YES,1.0,0.1949539274625604,stop_loss,0.0,6.930000000000001,-1.0,-7.930000000000001,17.325000000000003,-19.825000000000003
2026-02-20,KXHIGHTHOU,KXHIGHTHOU-26FEB20,KXHIGHTHOU-26FEB20-B82.5,between,82.5,82.0,83.0,0.99,0.0,1.0,0.0,1.0,10033.0,0.0,yes,1.0,82.0,finalized,KXHIGHTHOU,80.97878467241922,1.6317595,0.1579775219588182,0.99,-0.8320224780411818,1.0,NO,1.0000000000000009,0.8320224780411818,stop_loss,0.0,6.930000000000001,-1.0000000000000009,-7.9300000000000015,17.325000000000003,-19.825000000000003
2026-02-20,KXHIGHTHOU,KXHIGHTHOU-26FEB20,KXHIGHTHOU-26FEB20-B80.5,between,80.5,80.0,81.0,0.01,0.0,1.0,0.0,1.0,36015.0,0.0,no,0.0,82.0,finalized,KXHIGHTHOU,80.97878467241922,1.6317595,0.23087823289974774,0.01,0.22087823289974773,0.0,YES,1.0,0.22087823289974773,stop_loss,0.0,6.930000000000001,-1.0,-7.930000000000001,17.325000000000003,-19.825000000000003
2026-02-21,KXHIGHTHOU,KXHIGHTHOU-26FEB21,KXHIGHTHOU-26FEB21-T79,less,79.0,,79.0,0.01,0.0,1.0,0.0,1.0,17434.0,0.0,no,0.0,80.0,finalized,KXHIGHTHOU,78.00029131968817,1.7630175,0.7146578877523886,0.01,0.7046578877523886,0.0,YES,1.0,0.7046578877523886,stop_loss,0.0,6.930000000000001,-1.0,-7.930000000000001,17.325000000000003,-19.825000000000003
2026-02-21,KXHIGHTHOU,KXHIGHTHOU-26FEB21,KXHIGHTHOU-26FEB21-B79.5,between,79.5,79.0,80.0,0.99,0.0,1.0,0.0,1.0,14615.0,0.0,yes,1.0,80.0,finalized,KXHIGHTHOU,78.00029131968817,1.7630175,0.15699798269248766,0.99,-0.8330020173075123,1.0,NO,1.0000000000000009,0.8330020173075123,stop_loss,0.0,6.930000000000001,-1.0000000000000009,-7.9300000000000015,17.325000000000003,-19.825000000000003
2026-02-22,KXHIGHTHOU,KXHIGHTHOU-26FEB22,KXHIGHTHOU-26FEB22-T63,less,63.0,,63.0,0.01,0.0,1.0,0.0,1.0,6934.0,0.0,no,0.0,65.0,finalized,KXHIGHTHOU,62.11358588933945,1.6554788,0.7038281261081784,0.01,0.6938281261081783,0.0,YES,1.0,0.6938281261081783,stop_loss,0.0,6.930000000000001,-1.0,-7.930000000000001,17.325000000000003,-19.825000000000003
2026-02-22,KXHIGHTHOU,KXHIGHTHOU-26FEB22,KXHIGHTHOU-26FEB22-B65.5,between,65.5,65.0,66.0,0.99,0.0,1.0,0.0,1.0,10582.0,0.0,yes,1.0,65.0,finalized,KXHIGHTHOU,62.11358588933945,1.6554788,0.03117136762066275,0.99,-0.9588286323793372,1.0,NO,1.0000000000000009,0.9588286323793372,stop_loss,0.0,6.930000000000001,-1.0000000000000009,-7.9300000000000015,17.325000000000003,-19.825000000000003
2026-02-22,KXHIGHTHOU,KXHIGHTHOU-26FEB22,KXHIGHTHOU-26FEB22-B63.5,between,63.5,63.0,64.0,0.01,0.0,1.0,0.0,1.0,12944.0,0.0,no,0.0,65.0,finalized,KXHIGHTHOU,62.11358588933945,1.6554788,0.1689240333813179,0.01,0.1589240333813179,0.0,YES,1.0,0.1589240333813179,stop_loss,0.0,6.930000000000001,-1.0,-7.930000000000001,17.325000000000003,-19.825000000000003
2026-02-23,KXHIGHTHOU,KXHIGHTHOU-26FEB23,KXHIGHTHOU-26FEB23-B64.5,between,64.5,64.0,65.0,0.99,0.0,1.0,0.0,1.0,13808.0,0.0,yes,1.0,65.0,finalized,KXHIGHTHOU,63.88021520773571,1.3498138,0.26125675406004434,0.99,-0.7287432459399557,1.0,NO,1.0000000000000009,0.7287432459399557,stop_loss,0.0,6.930000000000001,-1.0000000000000009,-7.9300000000000015,17.325000000000003,-19.825000000000003
2026-02-23,KXHIGHTHOU,KXHIGHTHOU-26FEB23,KXHIGHTHOU-26FEB23-B62.5,between,62.5,62.0,63.0,0.01,0.0,1.0,0.0,1.0,7888.0,0.0,no,0.0,65.0,finalized,KXHIGHTHOU,63.88021520773571,1.3498138,0.17534959955724266,0.01,0.16534959955724265,0.0,YES,1.0,0.16534959955724265,stop_loss,0.0,6.930000000000001,-1.0,-7.930000000000001,17.325000000000003,-19.825000000000003
2026-02-24,KXHIGHTHOU,KXHIGHTHOU-26FEB24,KXHIGHTHOU-26FEB24-T69,less,69.0,,69.0,0.01,0.0,1.0,0.0,1.0,4544.0,0.0,no,0.0,70.0,finalized,KXHIGHTHOU,69.26709085702896,1.1956689,0.41161912607473244,0.01,0.40161912607473244,0.0,YES,1.0,0.40161912607473244,stop_loss,0.0,6.930000000000001,-1.0,-7.930000000000001,17.325000000000003,-19.825000000000003
2026-02-24,KXHIGHTHOU,KXHIGHTHOU-26FEB24,KXHIGHTHOU-26FEB24-B69.5,between,69.5,69.0,70.0,0.99,0.0,1.0,0.0,1.0,72323.0,0.0,yes,1.0,70.0,finalized,KXHIGHTHOU,69.26709085702896,1.1956689,0.31843277341460535,0.99,-0.6715672265853947,1.0,NO,1.0000000000000009,0.6715672265853947,stop_loss,0.0,6.930000000000001,-1.0000000000000009,-7.9300000000000015,17.325000000000003,-19.825000000000003
2026-02-25,KXHIGHTHOU,KXHIGHTHOU-26FEB25,KXHIGHTHOU-26FEB25-T78,less,78.0,,78.0,0.01,0.0,1.0,0.0,1.0,7013.0,0.0,no,0.0,78.0,finalized,KXHIGHTHOU,78.86807039578756,1.4112856,0.26924700831816956,0.01,0.25924700831816955,0.0,YES,1.0,0.25924700831816955,stop_loss,0.0,6.930000000000001,-1.0,-7.930000000000001,17.325000000000003,-19.825000000000003
2026-02-25,KXHIGHTHOU,KXHIGHTHOU-26FEB25,KXHIGHTHOU-26FEB25-B80.5,between,80.5,80.0,81.0,0.01,0.0,1.0,0.0,1.0,4822.0,0.0,no,0.0,78.0,finalized,KXHIGHTHOU,78.86807039578756,1.4112856,0.14581894011966312,0.01,0.1358189401196631,0.0,YES,1.0,0.1358189401196631,stop_loss,0.0,6.930000000000001,-1.0,-7.930000000000001,17.325000000000003,-19.825000000000003
2026-02-25,KXHIGHTHOU,KXHIGHTHOU-26FEB25,KXHIGHTHOU-26FEB25-B78.5,between,78.5,78.0,79.0,0.99,0.0,1.0,0.0,1.0,11479.0,0.0,yes,1.0,78.0,finalized,KXHIGHTHOU,78.86807039578756,1.4112856,0.2679926109329343,0.99,-0.7220073890670657,1.0,NO,1.0000000000000009,0.7220073890670657,stop_loss,0.0,6.930000000000001,-1.0000000000000009,-7.9300000000000015,17.325000000000003,-19.825000000000003
2026-02-27,KXHIGHTHOU,KXHIGHTHOU-26FEB27,KXHIGHTHOU-26FEB27-B86.5,between,86.5,86.0,87.0,0.99,0.0,1.0,0.0,1.0,5763.0,0.0,yes,1.0,86.0,finalized,KXHIGHTHOU,85.72080847422282,1.3849983,0.24227555856350758,0.99,-0.7477244414364924,1.0,NO,1.0000000000000009,0.7477244414364924,stop_loss,0.0,6.930000000000001,-1.0000000000000009,-7.9300000000000015,17.325000000000003,-19.825000000000003
2026-02-27,KXHIGHTHOU,KXHIGHTHOU-26FEB27,KXHIGHTHOU-26FEB27-B84.5,between,84.5,84.0,85.0,0.01,0.0,1.0,0.0,1.0,8983.0,0.0,no,0.0,86.0,finalized,KXHIGHTHOU,85.72080847422282,1.3849983,0.19434549708198495,0.01,0.18434549708198494,0.0,YES,1.0,0.18434549708198494,stop_loss,0.0,6.930000000000001,-1.0,-7.930000000000001,17.325000000000003,-19.825000000000003
2026-02-28,KXHIGHTHOU,KXHIGHTHOU-26FEB28,KXHIGHTHOU-26FEB28-T79,less,79.0,,79.0,0.01,0.0,1.0,0.0,1.0,1349.0,0.0,no,0.0,80.0,finalized,KXHIGHTHOU,79.44861834446588,1.4826785,0.3811076845127605,0.01,0.3711076845127605,0.0,YES,1.0,0.3711076845127605,stop_loss,0.0,6.930000000000001,-1.0,-7.930000000000001,17.325000000000003,-19.825000000000003
2026-02-28,KXHIGHTHOU,KXHIGHTHOU-26FEB28,KXHIGHTHOU-26FEB28-B79.5,between,79.5,79.0,80.0,0.99,0.0,1.0,0.0,1.0,8384.0,0.0,yes,1.0,80.0,finalized,KXHIGHTHOU,79.44861834446588,1.4826785,0.2639020113372648,0.99,-0.7260979886627352,1.0,NO,1.0000000000000009,0.7260979886627352,stop_loss,0.0,6.930000000000001,-1.0000000000000009,-7.9300000000000015,17.325000000000003,-19.825000000000003
2026-03-01,KXHIGHTHOU,KXHIGHTHOU-26MAR01,KXHIGHTHOU-26MAR01-B80.5,between,80.5,80.0,81.0,0.01,0.0,1.0,0.0,1.0,7160.0,0.0,no,0.0,79.0,finalized,KXHIGHTHOU,80.3549643198649,1.3666397,0.2839977791242814,0.01,0.2739977791242814,0.0,YES,1.0,0.2739977791242814,stop_loss,0.0,6.930000000000001,-1.0,-7.930000000000001,17.325000000000003,-19.825000000000003
2026-03-01,KXHIGHTHOU,KXHIGHTHOU-26MAR01,KXHIGHTHOU-26MAR01-B78.5,between,78.5,78.0,79.0,0.99,0.0,1.0,0.0,1.0,9329.0,0.0,yes,1.0,79.0,finalized,KXHIGHTHOU,80.3549643198649,1.3666397,0.11830315942375066,0.99,-0.8716968405762493,1.0,NO,1.0000000000000009,0.8716968405762493,stop_loss,0.0,6.930000000000001,-1.0000000000000009,-7.9300000000000015,17.325000000000003,-19.825000000000003
2026-03-02,KXHIGHTHOU,KXHIGHTHOU-26MAR02,KXHIGHTHOU-26MAR02-B81.5,between,81.5,81.0,82.0,0.99,0.0,1.0,0.0,1.0,8511.0,0.0,yes,1.0,81.0,finalized,KXHIGHTHOU,81.19379089275996,1.3216789,0.28735124396915496,0.99,-0.702648756030845,1.0,NO,1.0000000000000009,0.702648756030845,stop_loss,0.0,6.930000000000001,-1.0000000000000009,-7.9300000000000015,17.325000000000003,-19.825000000000003
2026-03-02,KXHIGHTHOU,KXHIGHTHOU-26MAR02,KXHIGHTHOU-26MAR02-B79.5,between,79.5,79.0,80.0,0.01,0.0,1.0,0.0,1.0,7549.0,0.0,no,0.0,81.0,finalized,KXHIGHTHOU,81.19379089275996,1.3216789,0.13472758736059853,0.01,0.12472758736059854,0.0,YES,1.0,0.12472758736059854,stop_loss,0.0,6.930000000000001,-1.0,-7.930000000000001,17.325000000000003,-19.825000000000003
2026-03-03,KXHIGHTHOU,KXHIGHTHOU-26MAR03,KXHIGHTHOU-26MAR03-B82.5,between,82.5,82.0,83.0,0.99,0.0,1.0,0.0,1.0,13269.0,0.0,yes,1.0,82.0,finalized,KXHIGHTHOU,81.93923798004785,1.439651,0.2525509537677766,0.99,-0.7374490462322234,1.0,NO,1.0000000000000009,0.7374490462322234,stop_loss,0.0,6.930000000000001,-1.0000000000000009,-7.9300000000000015,17.325000000000003,-19.825000000000003
2026-03-03,KXHIGHTHOU,KXHIGHTHOU-26MAR03,KXHIGHTHOU-26MAR03-B80.5,between,80.5,80.0,81.0,0.01,0.0,1.0,0.0,1.0,76138.0,0.0,no,0.0,82.0,finalized,KXHIGHTHOU,81.93923798004785,1.439651,0.16808244153680835,0.01,0.15808244153680834,0.0,YES,1.0,0.15808244153680834,stop_loss,0.0,6.930000000000001,-1.0,-7.930000000000001,17.325000000000003,-19.825000000000003
2026-03-04,KXHIGHTHOU,KXHIGHTHOU-26MAR04,KXHIGHTHOU-26MAR04-B82.5,between,82.5,82.0,83.0,0.99,0.0,1.0,0.0,1.0,7297.0,0.0,yes,1.0,82.0,finalized,KXHIGHTHOU,81.99767465591431,1.4861943,0.2493549668618542,0.99,-0.7406450331381458,1.0,NO,1.0000000000000009,0.7406450331381458,stop_loss,0.0,6.930000000000001,-1.0000000000000009,-7.9300000000000015,17.325000000000003,-19.825000000000003
2026-03-04,KXHIGHTHOU,KXHIGHTHOU-26MAR04,KXHIGHTHOU-26MAR04-B80.5,between,80.5,80.0,81.0,0.01,0.0,1.0,0.0,1.0,7614.0,0.0,no,0.0,82.0,finalized,KXHIGHTHOU,81.99767465591431,1.4861943,0.16156711452488465,0.01,0.15156711452488464,0.0,YES,1.0,0.15156711452488464,stop_loss,0.0,6.930000000000001,-1.0,-7.930000000000001,17.325000000000003,-19.825000000000003
2026-03-05,KXHIGHTHOU,KXHIGHTHOU-26MAR05,KXHIGHTHOU-26MAR05-B84.5,between,84.5,84.0,85.0,0.01,0.0,1.0,0.0,1.0,4716.0,0.0,no,0.0,82.0,finalized,KXHIGHTHOU,83.37536050478617,1.6618972,0.18937001172762946,0.01,0.17937001172762945,0.0,YES,1.0,0.17937001172762945,stop_loss,0.0,6.930000000000001,-1.0,-7.930000000000001,17.325000000000003,-19.825000000000003
2026-03-05,KXHIGHTHOU,KXHIGHTHOU-26MAR05,KXHIGHTHOU-26MAR05-B82.5,between,82.5,82.0,83.0,0.99,0.0,1.0,0.0,1.0,7268.0,0.0,yes,1.0,82.0,finalized,KXHIGHTHOU,83.37536050478617,1.6618972,0.20670122528782242,0.99,-0.7832987747121776,1.0,NO,1.0000000000000009,0.7832987747121776,stop_loss,0.0,6.930000000000001,-1.0000000000000009,-7.9300000000000015,17.325000000000003,-19.825000000000003
2026-03-06,KXHIGHTHOU,KXHIGHTHOU-26MAR06,KXHIGHTHOU-26MAR06-B84.5,between,84.5,84.0,85.0,0.99,0.0,1.0,0.0,1.0,9675.0,0.0,yes,1.0,84.0,finalized,KXHIGHTHOU,84.48994688987733,1.4590536,0.2681605997130433,0.99,-0.7218394002869567,1.0,NO,1.0000000000000009,0.7218394002869567,stop_loss,0.0,6.930000000000001,-1.0000000000000009,-7.9300000000000015,17.325000000000003,-19.825000000000003
2026-03-07,KXHIGHTHOU,KXHIGHTHOU-26MAR07,KXHIGHTHOU-26MAR07-B87.5,between,87.5,87.0,88.0,0.01,0.0,1.0,0.0,1.0,8931.0,0.0,no,0.0,85.0,finalized,KXHIGHTHOU,86.0211221853892,1.4777944,0.1635872140074115,0.01,0.1535872140074115,0.0,YES,1.0,0.1535872140074115,stop_loss,0.0,6.930000000000001,-1.0,-7.930000000000001,17.325000000000003,-19.825000000000003
2026-03-07,KXHIGHTHOU,KXHIGHTHOU-26MAR07,KXHIGHTHOU-26MAR07-B85.5,between,85.5,85.0,86.0,0.99,0.0,1.0,0.0,1.0,10499.0,0.0,yes,1.0,85.0,finalized,KXHIGHTHOU,86.0211221853892,1.4777944,0.24950814638380442,0.99,-0.7404918536161955,1.0,NO,1.0000000000000009,0.7404918536161955,stop_loss,0.0,6.930000000000001,-1.0000000000000009,-7.9300000000000015,17.325000000000003,-19.825000000000003
2026-03-08,KXHIGHTHOU,KXHIGHTHOU-26MAR08,KXHIGHTHOU-26MAR08-T75,less,75.0,,75.0,0.99,0.0,1.0,0.0,1.0,8849.0,0.0,yes,1.0,71.0,finalized,KXHIGHTHOU,73.0018952290217,1.9963878,0.8415527560270988,0.99,-0.1484472439729012,1.0,NO,1.0000000000000009,0.1484472439729012,stop_loss,0.0,6.930000000000001,-1.0000000000000009,-7.9300000000000015,17.325000000000003,-19.825000000000003
2026-03-09,KXHIGHTHOU,KXHIGHTHOU-26MAR09,KXHIGHTHOU-26MAR09-B84.5,between,84.5,84.0,85.0,0.99,0.0,1.0,0.0,1.0,10264.0,0.0,yes,1.0,84.0,finalized,KXHIGHTHOU,84.29797081947326,1.6147485,0.24133339781485175,0.99,-0.7486666021851482,1.0,NO,1.0000000000000009,0.7486666021851482,stop_loss,0.0,6.930000000000001,-1.0000000000000009,-7.9300000000000015,17.325000000000003,-19.825000000000003
2026-03-09,KXHIGHTHOU,KXHIGHTHOU-26MAR09,KXHIGHTHOU-26MAR09-B82.5,between,82.5,82.0,83.0,0.01,0.0,1.0,0.0,1.0,8469.0,0.0,no,0.0,84.0,finalized,KXHIGHTHOU,84.29797081947326,1.6147485,0.1333982210214983,0.01,0.12339822102149829,0.0,YES,1.0,0.12339822102149829,stop_loss,0.0,6.930000000000001,-1.0,-7.930000000000001,17.325000000000003,-19.825000000000003
2026-03-10,KXHIGHTHOU,KXHIGHTHOU-26MAR10,KXHIGHTHOU-26MAR10-T87,greater,87.0,87.0,,0.01,0.0,1.0,0.0,1.0,3605.0,0.0,no,0.0,85.0,finalized,KXHIGHTHOU,84.96221051216126,1.7774802,0.12580482077734023,0.01,0.11580482077734024,0.0,YES,1.0,0.11580482077734024,stop_loss,0.0,6.930000000000001,-1.0,-7.930000000000001,17.325000000000003,-19.825000000000003
2026-03-10,KXHIGHTHOU,KXHIGHTHOU-26MAR10,KXHIGHTHOU-26MAR10-B86.5,between,86.5,86.0,87.0,0.01,0.0,1.0,0.0,1.0,10917.0,0.0,no,0.0,85.0,finalized,KXHIGHTHOU,84.96221051216126,1.7774802,0.15385434948272514,0.01,0.14385434948272513,0.0,YES,1.0,0.14385434948272513,stop_loss,0.0,6.930000000000001,-1.0,-7.930000000000001,17.325000000000003,-19.825000000000003
2026-03-10,KXHIGHTHOU,KXHIGHTHOU-26MAR10,KXHIGHTHOU-26MAR10-B84.5,between,84.5,84.0,85.0,0.99,0.0,1.0,0.0,1.0,11219.0,0.0,yes,1.0,85.0,finalized,KXHIGHTHOU,84.96221051216126,1.7774802,0.21434224123230672,0.99,-0.7756577587676933,1.0,NO,1.0000000000000009,0.7756577587676933,stop_loss,0.0,6.930000000000001,-1.0000000000000009,-7.9300000000000015,17.325000000000003,-19.825000000000003
2026-03-11,KXHIGHTHOU,KXHIGHTHOU-26MAR11,KXHIGHTHOU-26MAR11-T81,greater,81.0,81.0,,0.01,0.0,1.0,0.0,1.0,18769.0,0.0,no,0.0,81.0,finalized,KXHIGHTHOU,80.18255526224773,1.7416555,0.3194099985141129,0.01,0.3094099985141129,0.0,YES,1.0,0.3094099985141129,stop_loss,0.0,6.930000000000001,-1.0,-7.930000000000001,17.325000000000003,-19.825000000000003
2026-03-11,KXHIGHTHOU,KXHIGHTHOU-26MAR11,KXHIGHTHOU-26MAR11-B80.5,between,80.5,80.0,81.0,0.99,0.0,1.0,0.0,1.0,8629.0,0.0,yes,1.0,81.0,finalized,KXHIGHTHOU,80.18255526224773,1.7416555,0.22232952799924321,0.99,-0.7676704720007568,1.0,NO,1.0000000000000009,0.7676704720007568,stop_loss,0.0,6.930000000000001,-1.0000000000000009,-7.9300000000000015,17.325000000000003,-19.825000000000003
2026-03-11,KXHIGHTHOU,KXHIGHTHOU-26MAR11,KXHIGHTHOU-26MAR11-B78.5,between,78.5,78.0,79.0,0.01,0.0,1.0,0.0,1.0,8218.0,0.0,no,0.0,81.0,finalized,KXHIGHTHOU,80.18255526224773,1.7416555,0.14349857857807902,0.01,0.133498578578079,0.0,YES,1.0,0.133498578578079,stop_loss,0.0,6.930000000000001,-1.0,-7.930000000000001,17.325000000000003,-19.825000000000003
2026-03-12,KXHIGHTHOU,KXHIGHTHOU-26MAR12,KXHIGHTHOU-26MAR12-T67,less,67.0,,67.0,0.01,0.0,1.0,0.0,1.0,11199.0,0.0,no,0.0,67.0,finalized,KXHIGHTHOU,67.14845259984334,1.8207439,0.4675086291561081,0.01,0.45750862915610807,0.0,YES,1.0,0.45750862915610807,stop_loss,0.0,6.930000000000001,-1.0,-7.930000000000001,17.325000000000003,-19.825000000000003
2026-03-12,KXHIGHTHOU,KXHIGHTHOU-26MAR12,KXHIGHTHOU-26MAR12-B67.5,between,67.5,67.0,68.0,0.99,0.0,1.0,0.0,1.0,7562.0,0.0,yes,1.0,67.0,finalized,KXHIGHTHOU,67.14845259984334,1.8207439,0.21248894636761145,0.99,-0.7775110536323886,1.0,NO,1.0000000000000009,0.7775110536323886,stop_loss,0.0,6.930000000000001,-1.0000000000000009,-7.9300000000000015,17.325000000000003,-19.825000000000003
2026-03-13,KXHIGHTHOU,KXHIGHTHOU-26MAR13,KXHIGHTHOU-26MAR13-B77.5,between,77.5,77.0,78.0,0.01,0.0,1.0,0.0,1.0,8909.0,0.0,no,0.0,75.0,finalized,KXHIGHTHOU,75.88404637972513,1.4374261,0.14826498600904836,0.01,0.13826498600904835,0.0,YES,1.0,0.13826498600904835,stop_loss,0.0,6.930000000000001,-1.0,-7.930000000000001,17.325000000000003,-19.825000000000003
2026-03-13,KXHIGHTHOU,KXHIGHTHOU-26MAR13,KXHIGHTHOU-26MAR13-B75.5,between,75.5,75.0,76.0,0.99,0.0,1.0,0.0,1.0,9500.0,0.0,yes,1.0,75.0,finalized,KXHIGHTHOU,75.88404637972513,1.4374261,0.2628762005772315,0.99,-0.7271237994227685,1.0,NO,1.0000000000000009,0.7271237994227685,stop_loss,0.0,6.930000000000001,-1.0000000000000009,-7.9300000000000015,17.325000000000003,-19.825000000000003
2026-03-14,KXHIGHTHOU,KXHIGHTHOU-26MAR14,KXHIGHTHOU-26MAR14-B81.5,between,81.5,81.0,82.0,0.01,0.0,1.0,0.0,1.0,5904.0,0.0,no,0.0,79.0,finalized,KXHIGHTHOU,79.87778358459472,1.4821104,0.1483847113240816,0.01,0.1383847113240816,0.0,YES,1.0,0.1383847113240816,stop_loss,0.0,6.930000000000001,-1.0,-7.930000000000001,17.325000000000003,-19.825000000000003
2026-03-14,KXHIGHTHOU,KXHIGHTHOU-26MAR14,KXHIGHTHOU-26MAR14-B79.5,between,79.5,79.0,80.0,0.99,0.0,1.0,0.0,1.0,7775.0,0.0,yes,1.0,79.0,finalized,KXHIGHTHOU,79.87778358459472,1.4821104,0.2560192069715628,0.99,-0.7339807930284372,1.0,NO,1.0000000000000009,0.7339807930284372,stop_loss,0.0,6.930000000000001,-1.0000000000000009,-7.9300000000000015,17.325000000000003,-19.825000000000003
2026-03-15,KXHIGHTHOU,KXHIGHTHOU-26MAR15,KXHIGHTHOU-26MAR15-T83,less,83.0,,83.0,0.99,0.0,1.0,0.0,1.0,11183.0,0.0,yes,1.0,82.0,finalized,KXHIGHTHOU,82.55220072567461,1.5560926,0.6132392137435223,0.99,-0.3767607862564777,1.0,NO,1.0000000000000009,0.3767607862564777,stop_loss,0.0,6.930000000000001,-1.0000000000000009,-7.9300000000000015,17.325000000000003,-19.825000000000003
2026-03-15,KXHIGHTHOU,KXHIGHTHOU-26MAR15,KXHIGHTHOU-26MAR15-B83.5,between,83.5,83.0,84.0,0.01,0.0,1.0,0.0,1.0,5826.0,0.0,no,0.0,82.0,finalized,KXHIGHTHOU,82.55220072567461,1.5560926,0.210680556543405,0.01,0.200680556543405,0.0,YES,1.0,0.200680556543405,stop_loss,0.0,6.930000000000001,-1.0,-7.930000000000001,17.325000000000003,-19.825000000000003
2026-03-16,KXHIGHTHOU,KXHIGHTHOU-26MAR16,KXHIGHTHOU-26MAR16-T59,less,59.0,,59.0,0.01,0.0,1.0,0.0,1.0,96428.0,0.0,no,0.0,62.0,finalized,KXHIGHTHOU,59.0204095005989,2.0634494,0.4960541411772237,0.01,0.4860541411772237,0.0,YES,1.0,0.4860541411772237,stop_loss,0.0,6.930000000000001,-1.0,-7.930000000000001,17.325000000000003,-19.825000000000003
2026-03-16,KXHIGHTHOU,KXHIGHTHOU-26MAR16,KXHIGHTHOU-26MAR16-B61.5,between,61.5,61.0,62.0,0.99,0.0,1.0,0.0,1.0,37999.0,0.0,yes,1.0,62.0,finalized,KXHIGHTHOU,59.0204095005989,2.0634494,0.09431718556754964,0.99,-0.8956828144324503,1.0,NO,1.0000000000000009,0.8956828144324503,stop_loss,0.0,6.930000000000001,-1.0000000000000009,-7.9300000000000015,17.325000000000003,-19.825000000000003
2026-03-16,KXHIGHTHOU,KXHIGHTHOU-26MAR16,KXHIGHTHOU-26MAR16-B59.5,between,59.5,59.0,60.0,0.01,0.0,1.0,0.0,1.0,23202.0,0.0,no,0.0,62.0,finalized,KXHIGHTHOU,59.0204095005989,2.0634494,0.18645772741638356,0.01,0.17645772741638355,0.0,YES,1.0,0.17645772741638355,stop_loss,0.0,6.930000000000001,-1.0,-7.930000000000001,17.325000000000003,-19.825000000000003
2026-03-17,KXHIGHTHOU,KXHIGHTHOU-26MAR17,KXHIGHTHOU-26MAR17-T60,less,60.0,,60.0,0.01,0.0,1.0,0.0,1.0,16302.0,0.0,no,0.0,60.0,finalized,KXHIGHTHOU,59.155231805642444,1.4803548,0.7158823963966972,0.01,0.7058823963966971,0.0,YES,1.0,0.7058823963966971,stop_loss,0.0,6.930000000000001,-1.0,-7.930000000000001,17.325000000000003,-19.825000000000003
2026-03-17,KXHIGHTHOU,KXHIGHTHOU-26MAR17,KXHIGHTHOU-26MAR17-B60.5,between,60.5,60.0,61.0,0.99,0.0,1.0,0.0,1.0,8269.0,0.0,yes,1.0,60.0,finalized,KXHIGHTHOU,59.155231805642444,1.4803548,0.17776592296667415,0.99,-0.8122340770333258,1.0,NO,1.0000000000000009,0.8122340770333258,stop_loss,0.0,6.930000000000001,-1.0000000000000009,-7.9300000000000015,17.325000000000003,-19.825000000000003
2026-03-18,KXHIGHTHOU,KXHIGHTHOU-26MAR18,KXHIGHTHOU-26MAR18-T72,less,72.0,,72.0,0.01,0.0,1.0,0.0,1.0,6958.0,0.0,no,0.0,72.0,finalized,KXHIGHTHOU,72.70668429931006,1.4224505,0.30966235297754774,0.01,0.29966235297754773,0.0,YES,1.0,0.29966235297754773,stop_loss,0.0,6.930000000000001,-1.0,-7.930000000000001,17.325000000000003,-19.825000000000003
2026-03-18,KXHIGHTHOU,KXHIGHTHOU-26MAR18,KXHIGHTHOU-26MAR18-B74.5,between,74.5,74.0,75.0,0.01,0.0,1.0,0.0,1.0,7349.0,0.0,no,0.0,72.0,finalized,KXHIGHTHOU,72.70668429931006,1.4224505,0.12816180905615338,0.01,0.11816180905615338,0.0,YES,1.0,0.11816180905615338,stop_loss,0.0,6.930000000000001,-1.0,-7.930000000000001,17.325000000000003,-19.825000000000003
2026-03-18,KXHIGHTHOU,KXHIGHTHOU-26MAR18,KXHIGHTHOU-26MAR18-B72.5,between,72.5,72.0,73.0,0.99,0.0,1.0,0.0,1.0,8149.0,0.0,yes,1.0,72.0,finalized,KXHIGHTHOU,72.70668429931006,1.4224505,0.2720220599743821,0.99,-0.7179779400256179,1.0,NO,1.0000000000000009,0.7179779400256179,stop_loss,0.0,6.930000000000001,-1.0000000000000009,-7.9300000000000015,17.325000000000003,-19.825000000000003
2026-03-20,KXHIGHTHOU,KXHIGHTHOU-26MAR20,KXHIGHTHOU-26MAR20-B83.5,between,83.5,83.0,84.0,0.99,0.0,1.0,0.0,1.0,9022.0,5380.0,yes,1.0,83.0,finalized,KXHIGHTHOU,83.22527896563211,1.380691,0.27744440305683926,0.99,-0.7125555969431607,1.0,NO,1.0000000000000009,0.7125555969431607,stop_loss,0.0,6.930000000000001,-1.0000000000000009,-7.9300000000000015,17.325000000000003,-19.825000000000003
2026-03-20,KXHIGHTHOU,KXHIGHTHOU-26MAR20,KXHIGHTHOU-26MAR20-T83,less,83.0,,83.0,0.24,0.0,1.0,0.0,1.0,61448.0,57320.0,no,0.0,83.0,finalized,KXHIGHTHOU,83.22527896563211,1.380691,0.43519468618051216,0.24,0.19519468618051217,0.0,YES,24.0,0.19519468618051217,stop_loss,0.0,5.32,-24.0,-29.32,13.3,-73.3
2026-03-21,KXHIGHTHOU,KXHIGHTHOU-26MAR21,KXHIGHTHOU-26MAR21-B87.5,between,87.5,87.0,88.0,0.01,0.0,1.0,0.0,1.0,8133.0,6525.0,no,0.0,86.0,finalized,KXHIGHTHOU,86.13478363355001,1.2129222,0.17576981919430323,0.01,0.16576981919430323,0.0,YES,1.0,0.16576981919430323,stop_loss,0.0,6.930000000000001,-1.0,-7.930000000000001,17.325000000000003,-19.825000000000003
2026-03-21,KXHIGHTHOU,KXHIGHTHOU-26MAR21,KXHIGHTHOU-26MAR21-T87,less,87.0,,87.0,0.99,0.0,1.0,0.0,1.0,12705.0,8815.0,yes,1.0,86.0,finalized,KXHIGHTHOU,86.13478363355001,1.2129222,0.7621798646458326,0.99,-0.22782013535416734,1.0,NO,1.0000000000000009,0.22782013535416734,stop_loss,0.0,6.930000000000001,-1.0000000000000009,-7.9300000000000015,17.325000000000003,-19.825000000000003
2026-03-22,KXHIGHTHOU,KXHIGHTHOU-26MAR22,KXHIGHTHOU-26MAR22-B84.5,between,84.5,84.0,85.0,0.99,0.0,1.0,0.0,1.0,10102.0,6862.0,yes,1.0,84.0,finalized,KXHIGHTHOU,85.68916516304016,1.2347503,0.20272129669643107,0.99,-0.7872787033035689,1.0,NO,1.0000000000000009,0.7872787033035689,stop_loss,0.0,6.930000000000001,-1.0000000000000009,-7.9300000000000015,17.325000000000003,-19.825000000000003
2026-03-22,KXHIGHTHOU,KXHIGHTHOU-26MAR22,KXHIGHTHOU-26MAR22-B86.5,between,86.5,86.0,87.0,0.01,0.0,1.0,0.0,1.0,21666.0,19019.0,no,0.0,84.0,finalized,KXHIGHTHOU,85.68916516304016,1.2347503,0.2564171405358967,0.01,0.2464171405358967,0.0,YES,1.0,0.2464171405358967,stop_loss,0.0,6.930000000000001,-1.0,-7.930000000000001,17.325000000000003,-19.825000000000003
2026-03-23,KXHIGHTHOU,KXHIGHTHOU-26MAR23,KXHIGHTHOU-26MAR23-B83.5,between,83.5,83.0,84.0,0.99,0.0,1.0,0.0,1.0,10620.0,7411.0,yes,1.0,84.0,finalized,KXHIGHTHOU,85.23807179133098,1.2289469,0.12257173489235124,0.99,-0.8674282651076488,1.0,NO,1.0000000000000009,0.8674282651076488,stop_loss,0.0,6.930000000000001,-1.0000000000000009,-7.9300000000000015,17.325000000000003,-19.825000000000003
2026-03-23,KXHIGHTHOU,KXHIGHTHOU-26MAR23,KXHIGHTHOU-26MAR23-B85.5,between,85.5,85.0,86.0,0.01,0.0,1.0,0.0,1.0,12533.0,7360.0,no,0.0,84.0,finalized,KXHIGHTHOU,85.23807179133098,1.2289469,0.30916854433902285,0.01,0.29916854433902285,0.0,YES,1.0,0.29916854433902285,stop_loss,0.0,6.930000000000001,-1.0,-7.930000000000001,17.325000000000003,-19.825000000000003
2026-03-24,KXHIGHTHOU,KXHIGHTHOU-26MAR24,KXHIGHTHOU-26MAR24-T82,less,82.0,,82.0,0.01,0.0,1.0,0.0,1.0,16334.0,11252.0,no,0.0,82.0,finalized,KXHIGHTHOU,82.50324055552484,1.3897966,0.35863994187013326,0.01,0.34863994187013325,0.0,YES,1.0,0.34863994187013325,stop_loss,0.0,6.930000000000001,-1.0,-7.930000000000001,17.325000000000003,-19.825000000000003
2026-03-24,KXHIGHTHOU,KXHIGHTHOU-26MAR24,KXHIGHTHOU-26MAR24-B82.5,between,82.5,82.0,83.0,0.99,0.0,1.0,0.0,1.0,10146.0,6798.0,yes,1.0,82.0,finalized,KXHIGHTHOU,82.50324055552484,1.3897966,0.28097629325084117,0.99,-0.7090237067491588,1.0,NO,1.0000000000000009,0.7090237067491588,stop_loss,0.0,6.930000000000001,-1.0000000000000009,-7.9300000000000015,17.325000000000003,-19.825000000000003
2026-03-25,KXHIGHTHOU,KXHIGHTHOU-26MAR25,KXHIGHTHOU-26MAR25-B83.5,between,83.5,83.0,84.0,0.99,0.0,1.0,0.0,1.0,14848.0,8845.0,yes,1.0,83.0,finalized,KXHIGHTHOU,83.28165639638901,1.4650422,0.26427460151271975,0.99,-0.7257253984872802,1.0,NO,1.0000000000000009,0.7257253984872802,stop_loss,0.0,6.930000000000001,-1.0000000000000009,-7.9300000000000015,17.325000000000003,-19.825000000000003
2026-03-25,KXHIGHTHOU,KXHIGHTHOU-26MAR25,KXHIGHTHOU-26MAR25-T83,less,83.0,,83.0,0.01,0.0,1.0,0.0,1.0,14680.0,7337.0,no,0.0,83.0,finalized,KXHIGHTHOU,83.28165639638901,1.4650422,0.42377264911870594,0.01,0.4137726491187059,0.0,YES,1.0,0.4137726491187059,stop_loss,0.0,6.930000000000001,-1.0,-7.930000000000001,17.325000000000003,-19.825000000000003
2026-03-26,KXHIGHTHOU,KXHIGHTHOU-26MAR26,KXHIGHTHOU-26MAR26-T83,less,83.0,,83.0,0.01,0.0,1.0,0.0,1.0,28146.0,25572.0,no,0.0,83.0,finalized,KXHIGHTHOU,82.49598985115686,1.5595732,0.626717451041933,0.01,0.616717451041933,0.0,YES,1.0,0.616717451041933,stop_loss,0.0,6.930000000000001,-1.0,-7.930000000000001,17.325000000000003,-19.825000000000003
2026-03-26,KXHIGHTHOU,KXHIGHTHOU-26MAR26,KXHIGHTHOU-26MAR26-B83.5,between,83.5,83.0,84.0,0.99,0.0,1.0,0.0,1.0,12783.0,7874.0,yes,1.0,83.0,finalized,KXHIGHTHOU,82.49598985115686,1.5595732,0.2058530541868795,0.99,-0.7841469458131205,1.0,NO,1.0000000000000009,0.7841469458131205,stop_loss,0.0,6.930000000000001,-1.0000000000000009,-7.9300000000000015,17.325000000000003,-19.825000000000003
2026-03-27,KXHIGHTHOU,KXHIGHTHOU-26MAR27,KXHIGHTHOU-26MAR27-B86.5,between,86.5,86.0,87.0,0.99,0.0,1.0,0.0,1.0,19215.0,8739.0,yes,1.0,86.0,finalized,KXHIGHTHOU,86.68475753466288,1.4091454,0.27500372677730867,0.99,-0.7149962732226913,1.0,NO,1.0000000000000009,0.7149962732226913,stop_loss,0.0,6.930000000000001,-1.0000000000000009,-7.9300000000000015,17.325000000000003,-19.825000000000003
2026-03-27,KXHIGHTHOU,KXHIGHTHOU-26MAR27,KXHIGHTHOU-26MAR27-B88.5,between,88.5,88.0,89.0,0.01,0.0,1.0,0.0,1.0,6881.0,4777.0,no,0.0,86.0,finalized,KXHIGHTHOU,86.68475753466288,1.4091454,0.125126350100776,0.01,0.115126350100776,0.0,YES,1.0,0.115126350100776,stop_loss,0.0,6.930000000000001,-1.0,-7.930000000000001,17.325000000000003,-19.825000000000003
2026-03-28,KXHIGHTHOU,KXHIGHTHOU-26MAR28,KXHIGHTHOU-26MAR28-B74.5,between,74.5,74.0,75.0,0.99,0.0,1.0,0.0,1.0,16509.0,7928.0,yes,1.0,75.0,finalized,KXHIGHTHOU,75.78847362995147,1.5294349,0.181962914593299,0.99,-0.8080370854067009,1.0,NO,1.0000000000000009,0.8080370854067009,stop_loss,0.0,6.930000000000001,-1.0000000000000009,-7.9300000000000015,17.325000000000003,-19.825000000000003
2026-03-28,KXHIGHTHOU,KXHIGHTHOU-26MAR28,KXHIGHTHOU-26MAR28-B76.5,between,76.5,76.0,77.0,0.01,0.0,1.0,0.0,1.0,15203.0,8389.0,no,0.0,75.0,finalized,KXHIGHTHOU,75.78847362995147,1.5294349,0.230860672504982,0.01,0.22086067250498198,0.0,YES,1.0,0.22086067250498198,stop_loss,0.0,6.930000000000001,-1.0,-7.930000000000001,17.325000000000003,-19.825000000000003
2026-03-28,KXHIGHTHOU,KXHIGHTHOU-26MAR28,KXHIGHTHOU-26MAR28-T74,less,74.0,,74.0,0.01,0.0,1.0,0.0,1.0,8802.0,7062.0,no,0.0,75.0,finalized,KXHIGHTHOU,75.78847362995147,1.5294349,0.12112751708363861,0.01,0.11112751708363862,0.0,YES,1.0,0.11112751708363862,stop_loss,0.0,6.930000000000001,-1.0,-7.930000000000001,17.325000000000003,-19.825000000000003
2026-03-29,KXHIGHTHOU,KXHIGHTHOU-26MAR29,KXHIGHTHOU-26MAR29-B83.5,between,83.5,83.0,84.0,0.99,0.0,1.0,0.0,1.0,20123.0,15624.0,yes,1.0,83.0,finalized,KXHIGHTHOU,83.68486585617065,1.3331563,0.28970713446438334,0.99,-0.7002928655356166,1.0,NO,1.0000000000000009,0.7002928655356166,stop_loss,0.0,6.930000000000001,-1.0000000000000009,-7.9300000000000015,17.325000000000003,-19.825000000000003
2026-03-29,KXHIGHTHOU,KXHIGHTHOU-26MAR29,KXHIGHTHOU-26MAR29-B85.5,between,85.5,85.0,86.0,0.01,0.0,1.0,0.0,1.0,4796.0,3369.0,no,0.0,83.0,finalized,KXHIGHTHOU,83.68486585617065,1.3331563,0.12071786442298293,0.01,0.11071786442298294,0.0,YES,1.0,0.11071786442298294,stop_loss,0.0,6.930000000000001,-1.0,-7.930000000000001,17.325000000000003,-19.825000000000003
2026-03-30,KXHIGHTHOU,KXHIGHTHOU-26MAR30,KXHIGHTHOU-26MAR30-B82.5,between,82.5,82.0,83.0,0.99,0.0,1.0,0.0,1.0,14199.0,11355.0,yes,1.0,83.0,finalized,KXHIGHTHOU,84.82002884546917,1.3961204,0.07448266170199408,0.99,-0.915517338298006,1.0,NO,1.0000000000000009,0.915517338298006,stop_loss,0.0,6.930000000000001,-1.0000000000000009,-7.9300000000000015,17.325000000000003,-19.825000000000003
2026-03-30,KXHIGHTHOU,KXHIGHTHOU-26MAR30,KXHIGHTHOU-26MAR30-B86.5,between,86.5,86.0,87.0,0.01,0.0,1.0,0.0,1.0,3233.0,2151.0,no,0.0,83.0,finalized,KXHIGHTHOU,84.82002884546917,1.3961204,0.1397966571868704,0.01,0.1297966571868704,0.0,YES,1.0,0.1297966571868704,stop_loss,0.0,6.930000000000001,-1.0,-7.930000000000001,17.325000000000003,-19.825000000000003
2026-03-30,KXHIGHTHOU,KXHIGHTHOU-26MAR30,KXHIGHTHOU-26MAR30-B84.5,between,84.5,84.0,85.0,0.01,0.0,1.0,0.0,1.0,11046.0,7046.0,no,0.0,83.0,finalized,KXHIGHTHOU,84.82002884546917,1.3961204,0.2728046720610138,0.01,0.26280467206101377,0.0,YES,1.0,0.26280467206101377,stop_loss,0.0,6.930000000000001,-1.0,-7.930000000000001,17.325000000000003,-19.825000000000003
2026-03-31,KXHIGHTHOU,KXHIGHTHOU-26MAR31,KXHIGHTHOU-26MAR31-T83,less,83.0,,83.0,0.01,0.0,1.0,0.0,1.0,15499.0,11357.0,no,0.0,84.0,finalized,KXHIGHTHOU,83.96444756189982,1.4188542,0.24833553761359622,0.01,0.23833553761359622,0.0,YES,1.0,0.23833553761359622,stop_loss,0.0,6.930000000000001,-1.0,-7.930000000000001,17.325000000000003,-19.825000000000003
2026-03-31,KXHIGHTHOU,KXHIGHTHOU-26MAR31,KXHIGHTHOU-26MAR31-B85.5,between,85.5,85.0,86.0,0.01,0.0,1.0,0.0,1.0,8913.0,5582.0,no,0.0,84.0,finalized,KXHIGHTHOU,83.96444756189982,1.4188542,0.15704646650994625,0.01,0.14704646650994624,0.0,YES,1.0,0.14704646650994624,stop_loss,0.0,6.930000000000001,-1.0,-7.930000000000001,17.325000000000003,-19.825000000000003
2026-03-31,KXHIGHTHOU,KXHIGHTHOU-26MAR31,KXHIGHTHOU-26MAR31-B83.5,between,83.5,83.0,84.0,0.99,0.0,1.0,0.0,1.0,17240.0,13659.0,yes,1.0,84.0,finalized,KXHIGHTHOU,83.96444756189982,1.4188542,0.261659771493481,0.99,-0.728340228506519,1.0,NO,1.0000000000000009,0.728340228506519,stop_loss,0.0,6.930000000000001,-1.0000000000000009,-7.9300000000000015,17.325000000000003,-19.825000000000003
2026-04-01,KXHIGHTHOU,KXHIGHTHOU-26APR01,KXHIGHTHOU-26APR01-B84.5,between,84.5,84.0,85.0,0.99,0.0,1.0,0.0,1.0,11592.0,6347.0,yes,1.0,84.0,finalized,KXHIGHTHOU,83.49085938135782,1.3482137,0.22135605419741755,0.99,-0.7686439458025824,1.0,NO,1.0000000000000009,0.7686439458025824,stop_loss,0.0,6.930000000000001,-1.0000000000000009,-7.9300000000000015,17.325000000000003,-19.825000000000003
2026-04-01,KXHIGHTHOU,KXHIGHTHOU-26APR01,KXHIGHTHOU-26APR01-B82.5,between,82.5,82.0,83.0,0.01,0.0,1.0,0.0,1.0,10325.0,8879.0,no,0.0,84.0,finalized,KXHIGHTHOU,83.49085938135782,1.3482137,0.22349285909062716,0.01,0.21349285909062715,0.0,YES,1.0,0.21349285909062715,stop_loss,0.0,6.930000000000001,-1.0,-7.930000000000001,17.325000000000003,-19.825000000000003
2026-04-01,KXHIGHTHOU,KXHIGHTHOU-26APR01,KXHIGHTHOU-26APR01-T82,less,82.0,,82.0,0.01,0.0,1.0,0.0,1.0,9309.0,7048.0,no,0.0,84.0,finalized,KXHIGHTHOU,83.49085938135782,1.3482137,0.13440579255752633,0.01,0.12440579255752633,0.0,YES,1.0,0.12440579255752633,stop_loss,0.0,6.930000000000001,-1.0,-7.930000000000001,17.325000000000003,-19.825000000000003
2026-04-02,KXHIGHTHOU,KXHIGHTHOU-26APR02,KXHIGHTHOU-26APR02-B83.5,between,83.5,83.0,84.0,0.01,0.0,1.0,0.0,1.0,7652.0,4437.0,no,0.0,82.0,finalized,KXHIGHTHOU,82.0406752427419,1.3293034,0.16499949260045843,0.01,0.15499949260045842,0.0,YES,1.0,0.15499949260045842,stop_loss,0.0,6.930000000000001,-1.0,-7.930000000000001,17.325000000000003,-19.825000000000003
2026-04-02,KXHIGHTHOU,KXHIGHTHOU-26APR02,KXHIGHTHOU-26APR02-B81.5,between,81.5,81.0,82.0,0.99,0.0,1.0,0.0,1.0,6538.0,3417.0,yes,1.0,82.0,finalized,KXHIGHTHOU,82.0406752427419,1.3293034,0.27094374899279594,0.99,-0.719056251007204,1.0,NO,1.0000000000000009,0.719056251007204,stop_loss,0.0,6.930000000000001,-1.0000000000000009,-7.9300000000000015,17.325000000000003,-19.825000000000003
2026-04-02,KXHIGHTHOU,KXHIGHTHOU-26APR02,KXHIGHTHOU-26APR02-T81,less,81.0,,81.0,0.01,0.0,1.0,0.0,1.0,4294.0,2505.0,no,0.0,82.0,finalized,KXHIGHTHOU,82.0406752427419,1.3293034,0.21685095428522438,0.01,0.20685095428522438,0.0,YES,1.0,0.20685095428522438,stop_loss,0.0,6.930000000000001,-1.0,-7.930000000000001,17.325000000000003,-19.825000000000003
2026-04-03,KXHIGHTHOU,KXHIGHTHOU-26APR03,KXHIGHTHOU-26APR03-B83.5,between,83.5,83.0,84.0,0.01,0.0,1.0,0.0,1.0,10268.0,8246.0,no,0.0,85.0,finalized,KXHIGHTHOU,83.85463929176332,1.4753978,0.2580347229036152,0.01,0.24803472290361517,0.0,YES,1.0,0.24803472290361517,stop_loss,0.0,6.930000000000001,-1.0,-7.930000000000001,17.325000000000003,-19.825000000000003
2026-04-03,KXHIGHTHOU,KXHIGHTHOU-26APR03,KXHIGHTHOU-26APR03-B85.5,between,85.5,85.0,86.0,0.99,0.0,1.0,0.0,1.0,8493.0,6193.0,yes,1.0,85.0,finalized,KXHIGHTHOU,83.85463929176332,1.4753978,0.145823334517163,0.99,-0.844176665482837,1.0,NO,1.0000000000000009,0.844176665482837,stop_loss,0.0,6.930000000000001,-1.0000000000000009,-7.9300000000000015,17.325000000000003,-19.825000000000003
2026-04-04,KXHIGHTHOU,KXHIGHTHOU-26APR04,KXHIGHTHOU-26APR04-B83.5,between,83.5,83.0,84.0,0.01,0.0,1.0,0.0,1.0,6572.0,4101.0,no,0.0,82.0,finalized,KXHIGHTHOU,82.2109587987264,1.5169402,0.18235395981490277,0.01,0.17235395981490276,0.0,YES,1.0,0.17235395981490276,stop_loss,0.0,6.930000000000001,-1.0,-7.930000000000001,17.325000000000003,-19.825000000000003
2026-04-04,KXHIGHTHOU,KXHIGHTHOU-26APR04,KXHIGHTHOU-26APR04-T81,less,81.0,,81.0,0.01,0.0,1.0,0.0,1.0,9153.0,8151.0,no,0.0,82.0,finalized,KXHIGHTHOU,82.2109587987264,1.5169402,0.21235099941981866,0.01,0.20235099941981866,0.0,YES,1.0,0.20235099941981866,stop_loss,0.0,6.930000000000001,-1.0,-7.930000000000001,17.325000000000003,-19.825000000000003
2026-04-04,KXHIGHTHOU,KXHIGHTHOU-26APR04,KXHIGHTHOU-26APR04-B81.5,between,81.5,81.0,82.0,0.99,0.0,1.0,0.0,1.0,12575.0,7651.0,yes,1.0,82.0,finalized,KXHIGHTHOU,82.2109587987264,1.5169402,0.2323469594925704,0.99,-0.7576530405074295,1.0,NO,1.0000000000000009,0.7576530405074295,stop_loss,0.0,6.930000000000001,-1.0000000000000009,-7.9300000000000015,17.325000000000003,-19.825000000000003
2026-04-05,KXHIGHTHOU,KXHIGHTHOU-26APR05,KXHIGHTHOU-26APR05-T67,less,67.0,,67.0,0.01,0.0,1.0,0.0,1.0,7603.0,6163.0,no,0.0,67.0,finalized,KXHIGHTHOU,67.02150120337804,2.0202842,0.4957542719563377,0.01,0.4857542719563377,0.0,YES,1.0,0.4857542719563377,stop_loss,0.0,6.930000000000001,-1.0,-7.930000000000001,17.325000000000003,-19.825000000000003
2026-04-05,KXHIGHTHOU,KXHIGHTHOU-26APR05,KXHIGHTHOU-26APR05-B67.5,between,67.5,67.0,68.0,0.99,0.0,1.0,0.0,1.0,9146.0,5934.0,yes,1.0,67.0,finalized,KXHIGHTHOU,67.02150120337804,2.0202842,0.19017244112189946,0.99,-0.7998275588781005,1.0,NO,1.0000000000000009,0.7998275588781005,stop_loss,0.0,6.930000000000001,-1.0000000000000009,-7.9300000000000015,17.325000000000003,-19.825000000000003
2026-04-06,KXHIGHTHOU,KXHIGHTHOU-26APR06,KXHIGHTHOU-26APR06-B71.5,between,71.5,71.0,72.0,0.01,0.0,1.0,0.0,1.0,4237.0,3586.0,no,0.0,74.0,finalized,KXHIGHTHOU,72.44734392960866,1.5232725,0.2134869860206866,0.01,0.2034869860206866,0.0,YES,1.0,0.2034869860206866,stop_loss,0.0,6.930000000000001,-1.0,-7.930000000000001,17.325000000000003,-19.825000000000003
2026-04-06,KXHIGHTHOU,KXHIGHTHOU-26APR06,KXHIGHTHOU-26APR06-T71,less,71.0,,71.0,0.01,0.0,1.0,0.0,1.0,4981.0,4870.0,no,0.0,74.0,finalized,KXHIGHTHOU,72.44734392960866,1.5232725,0.17101692786364248,0.01,0.16101692786364247,0.0,YES,1.0,0.16101692786364247,stop_loss,0.0,6.930000000000001,-1.0,-7.930000000000001,17.325000000000003,-19.825000000000003
2026-04-06,KXHIGHTHOU,KXHIGHTHOU-26APR06,KXHIGHTHOU-26APR06-B73.5,between,73.5,73.0,74.0,0.99,0.0,1.0,0.0,1.0,5657.0,3344.0,yes,1.0,74.0,finalized,KXHIGHTHOU,72.44734392960866,1.5232725,0.20434129384739053,0.99,-0.7856587061526095,1.0,NO,1.0000000000000009,0.7856587061526095,stop_loss,0.0,6.930000000000001,-1.0000000000000009,-7.9300000000000015,17.325000000000003,-19.825000000000003
2026-04-07,KXHIGHTHOU,KXHIGHTHOU-26APR07,KXHIGHTHOU-26APR07-T73,less,73.0,,73.0,0.01,0.0,1.0,0.0,1.0,2084.0,1519.0,no,0.0,75.0,finalized,KXHIGHTHOU,74.34459997415543,1.3817129,0.16524188655941663,0.01,0.15524188655941662,0.0,YES,1.0,0.15524188655941662,stop_loss,0.0,6.930000000000001,-1.0,-7.930000000000001,17.325000000000003,-19.825000000000003
2026-04-07,KXHIGHTHOU,KXHIGHTHOU-26APR07,KXHIGHTHOU-26APR07-B73.5,between,73.5,73.0,74.0,0.01,0.0,1.0,0.0,1.0,18610.0,17360.0,no,0.0,75.0,finalized,KXHIGHTHOU,74.34459997415543,1.3817129,0.23628358951367257,0.01,0.22628358951367256,0.0,YES,1.0,0.22628358951367256,stop_loss,0.0,6.930000000000001,-1.0,-7.930000000000001,17.325000000000003,-19.825000000000003
2026-04-07,KXHIGHTHOU,KXHIGHTHOU-26APR07,KXHIGHTHOU-26APR07-B75.5,between,75.5,75.0,76.0,0.99,0.0,1.0,0.0,1.0,6863.0,3811.0,yes,1.0,75.0,finalized,KXHIGHTHOU,74.34459997415543,1.3817129,0.2021858679810562,0.99,-0.7878141320189438,1.0,NO,1.0000000000000009,0.7878141320189438,stop_loss,0.0,6.930000000000001,-1.0000000000000009,-7.9300000000000015,17.325000000000003,-19.825000000000003
2026-04-08,KXHIGHTHOU,KXHIGHTHOU-26APR08,KXHIGHTHOU-26APR08-B79.5,between,79.5,79.0,80.0,0.99,0.0,1.0,0.0,1.0,13080.0,9433.0,yes,1.0,80.0,finalized,KXHIGHTHOU,79.55926294326783,1.4600964,0.2677704204663676,0.99,-0.7222295795336324,1.0,NO,1.0000000000000009,0.7222295795336324,stop_loss,0.0,6.930000000000001,-1.0000000000000009,-7.9300000000000015,17.325000000000003,-19.825000000000003
2026-04-08,KXHIGHTHOU,KXHIGHTHOU-26APR08,KXHIGHTHOU-26APR08-B81.5,between,81.5,81.0,82.0,0.01,0.0,1.0,0.0,1.0,9907.0,5494.0,no,0.0,80.0,finalized,KXHIGHTHOU,79.55926294326783,1.4600964,0.11458588241535528,0.01,0.10458588241535528,0.0,YES,1.0,0.10458588241535528,stop_loss,0.0,6.930000000000001,-1.0,-7.930000000000001,17.325000000000003,-19.825000000000003
2026-04-09,KXHIGHTHOU,KXHIGHTHOU-26APR09,KXHIGHTHOU-26APR09-B81.5,between,81.5,81.0,82.0,0.99,0.0,1.0,0.0,1.0,6515.49,4887.65,yes,1.0,81.0,finalized,KXHIGHTHOU,81.11380460659663,1.3993893,0.2691303458653358,0.99,-0.7208696541346642,1.0,NO,1.0000000000000009,0.7208696541346642,stop_loss,0.0,6.930000000000001,-1.0000000000000009,-7.9300000000000015,17.325000000000003,-19.825000000000003
2026-04-09,KXHIGHTHOU,KXHIGHTHOU-26APR09,KXHIGHTHOU-26APR09-B79.5,between,79.5,79.0,80.0,0.01,0.0,1.0,0.0,1.0,6764.82,4970.83,no,0.0,81.0,finalized,KXHIGHTHOU,81.11380460659663,1.3993893,0.14758323269078158,0.01,0.13758323269078157,0.0,YES,1.0,0.13758323269078157,stop_loss,0.0,6.930000000000001,-1.0,-7.930000000000001,17.325000000000003,-19.825000000000003
2026-04-10,KXHIGHTHOU,KXHIGHTHOU-26APR10,KXHIGHTHOU-26APR10-T77,less,77.0,,77.0,0.01,0.0,1.0,0.0,1.0,7016.88,6217.56,no,0.0,78.0,finalized,KXHIGHTHOU,77.26836251219113,1.4758893,0.42785765642798546,0.01,0.41785765642798545,0.0,YES,1.0,0.41785765642798545,stop_loss,0.0,6.930000000000001,-1.0,-7.930000000000001,17.325000000000003,-19.825000000000003
2026-04-10,KXHIGHTHOU,KXHIGHTHOU-26APR10,KXHIGHTHOU-26APR10-B77.5,between,77.5,77.0,78.0,0.99,0.0,1.0,0.0,1.0,10479.26,6033.71,yes,1.0,78.0,finalized,KXHIGHTHOU,77.26836251219113,1.4758893,0.2620986588369081,0.99,-0.7279013411630919,1.0,NO,1.0000000000000009,0.7279013411630919,stop_loss,0.0,6.930000000000001,-1.0000000000000009,-7.9300000000000015,17.325000000000003,-19.825000000000003
2026-04-11,KXHIGHTHOU,KXHIGHTHOU-26APR11,KXHIGHTHOU-26APR11-T79,less,79.0,,79.0,0.01,0.0,1.0,0.0,1.0,4665.0,3717.0,no,0.0,81.0,finalized,KXHIGHTHOU,80.4400031487147,1.6445198,0.19061357655437156,0.01,0.18061357655437155,0.0,YES,1.0,0.18061357655437155,stop_loss,0.0,6.930000000000001,-1.0,-7.930000000000001,17.325000000000003,-19.825000000000003
2026-04-11,KXHIGHTHOU,KXHIGHTHOU-26APR11,KXHIGHTHOU-26APR11-B79.5,between,79.5,79.0,80.0,0.01,0.0,1.0,0.0,1.0,8182.0,6724.0,no,0.0,81.0,finalized,KXHIGHTHOU,80.4400031487147,1.6445198,0.20390650522521614,0.01,0.19390650522521613,0.0,YES,1.0,0.19390650522521613,stop_loss,0.0,6.930000000000001,-1.0,-7.930000000000001,17.325000000000003,-19.825000000000003
2026-04-11,KXHIGHTHOU,KXHIGHTHOU-26APR11,KXHIGHTHOU-26APR11-B81.5,between,81.5,81.0,82.0,0.99,0.0,1.0,0.0,1.0,8410.0,5037.0,yes,1.0,81.0,finalized,KXHIGHTHOU,80.4400031487147,1.6445198,0.19532012907320184,0.99,-0.7946798709267981,1.0,NO,1.0000000000000009,0.7946798709267981,stop_loss,0.0,6.930000000000001,-1.0000000000000009,-7.9300000000000015,17.325000000000003,-19.825000000000003
2026-04-12,KXHIGHTHOU,KXHIGHTHOU-26APR12,KXHIGHTHOU-26APR12-B81.5,between,81.5,81.0,82.0,0.01,0.0,1.0,0.0,1.0,7823.0,5326.0,no,0.0,80.0,finalized,KXHIGHTHOU,79.66137353579204,1.5039715,0.12673961756490926,0.01,0.11673961756490926,0.0,YES,1.0,0.11673961756490926,stop_loss,0.0,6.930000000000001,-1.0,-7.930000000000001,17.325000000000003,-19.825000000000003
2026-04-12,KXHIGHTHOU,KXHIGHTHOU-26APR12,KXHIGHTHOU-26APR12-B79.5,between,79.5,79.0,80.0,0.99,0.0,1.0,0.0,1.0,11736.0,7761.0,yes,1.0,80.0,finalized,KXHIGHTHOU,79.66137353579204,1.5039715,0.25901200329038254,0.99,-0.7309879967096174,1.0,NO,1.0000000000000009,0.7309879967096174,stop_loss,0.0,6.930000000000001,-1.0000000000000009,-7.9300000000000015,17.325000000000003,-19.825000000000003
2026-04-13,KXHIGHTHOU,KXHIGHTHOU-26APR13,KXHIGHTHOU-26APR13-B84.5,between,84.5,84.0,85.0,0.01,0.0,1.0,0.0,1.0,4809.0,2446.0,no,0.0,81.0,finalized,KXHIGHTHOU,82.487961880366,1.7298882,0.11780941476714535,0.01,0.10780941476714535,0.0,YES,1.0,0.10780941476714535,stop_loss,0.0,6.930000000000001,-1.0,-7.930000000000001,17.325000000000003,-19.825000000000003
2026-04-13,KXHIGHTHOU,KXHIGHTHOU-26APR13,KXHIGHTHOU-26APR13-T82,less,82.0,,82.0,0.99,0.0,1.0,0.0,1.0,13675.0,5881.0,yes,1.0,81.0,finalized,KXHIGHTHOU,82.487961880366,1.7298882,0.3889421886480323,0.99,-0.6010578113519677,1.0,NO,1.0000000000000009,0.6010578113519677,stop_loss,0.0,6.930000000000001,-1.0000000000000009,-7.9300000000000015,17.325000000000003,-19.825000000000003
2026-04-13,KXHIGHTHOU,KXHIGHTHOU-26APR13,KXHIGHTHOU-26APR13-B82.5,between,82.5,82.0,83.0,0.01,0.0,1.0,0.0,1.0,8496.0,4871.0,no,0.0,81.0,finalized,KXHIGHTHOU,82.487961880366,1.7298882,0.22744083090056977,0.01,0.21744083090056976,0.0,YES,1.0,0.21744083090056976,stop_loss,0.0,6.930000000000001,-1.0,-7.930000000000001,17.325000000000003,-19.825000000000003
2026-04-14,KXHIGHTHOU,KXHIGHTHOU-26APR14,KXHIGHTHOU-26APR14-B84.5,between,84.5,84.0,85.0,0.99,0.0,1.0,0.0,1.0,8348.0,5357.0,yes,1.0,84.0,finalized,KXHIGHTHOU,83.5818372964859,1.6713971,0.20313842715972397,0.99,-0.786861572840276,1.0,NO,1.0000000000000009,0.786861572840276,stop_loss,0.0,6.930000000000001,-1.0000000000000009,-7.9300000000000015,17.325000000000003,-19.825000000000003
2026-04-14,KXHIGHTHOU,KXHIGHTHOU-26APR14,KXHIGHTHOU-26APR14-T82,less,82.0,,82.0,0.01,0.0,1.0,0.0,1.0,6967.0,5432.0,no,0.0,84.0,finalized,KXHIGHTHOU,83.5818372964859,1.6713971,0.17196817078229876,0.01,0.16196817078229875,0.0,YES,1.0,0.16196817078229875,stop_loss,0.0,6.930000000000001,-1.0,-7.930000000000001,17.325000000000003,-19.825000000000003
2026-04-14,KXHIGHTHOU,KXHIGHTHOU-26APR14,KXHIGHTHOU-26APR14-B82.5,between,82.5,82.0,83.0,0.01,0.0,1.0,0.0,1.0,8310.0,6351.0,no,0.0,84.0,finalized,KXHIGHTHOU,83.5818372964859,1.6713971,0.1919089865119567,0.01,0.1819089865119567,0.0,YES,1.0,0.1819089865119567,stop_loss,0.0,6.930000000000001,-1.0,-7.930000000000001,17.325000000000003,-19.825000000000003
2026-04-15,KXHIGHTHOU,KXHIGHTHOU-26APR15,KXHIGHTHOU-26APR15-B82.5,between,82.5,82.0,83.0,0.01,0.0,1.0,0.0,1.0,6842.0,5387.0,no,0.0,84.0,finalized,KXHIGHTHOU,84.289657330513,1.5473039,0.13281810629024535,0.01,0.12281810629024535,0.0,YES,1.0,0.12281810629024535,stop_loss,0.0,6.930000000000001,-1.0,-7.930000000000001,17.325000000000003,-19.825000000000003
2026-04-15,KXHIGHTHOU,KXHIGHTHOU-26APR15,KXHIGHTHOU-26APR15-B84.5,between,84.5,84.0,85.0,0.99,0.0,1.0,0.0,1.0,6633.0,4837.0,yes,1.0,84.0,finalized,KXHIGHTHOU,84.289657330513,1.5473039,0.25116172700386336,0.99,-0.7388382729961367,1.0,NO,1.0000000000000009,0.7388382729961367,stop_loss,0.0,6.930000000000001,-1.0000000000000009,-7.9300000000000015,17.325000000000003,-19.825000000000003
2026-04-16,KXHIGHTHOU,KXHIGHTHOU-26APR16,KXHIGHTHOU-26APR16-B85.5,between,85.5,85.0,86.0,0.99,0.0,1.0,0.0,1.0,4285.31,3080.94,yes,1.0,85.0,finalized,KXHIGHTHOU,85.75079282919566,1.5443875,0.2506633269420734,0.99,-0.7393366730579266,1.0,NO,1.0000000000000009,0.7393366730579266,stop_loss,0.0,6.930000000000001,-1.0000000000000009,-7.9300000000000015,17.325000000000003,-19.825000000000003
2026-04-16,KXHIGHTHOU,KXHIGHTHOU-26APR16,KXHIGHTHOU-26APR16-B87.5,between,87.5,87.0,88.0,0.01,0.0,1.0,0.0,1.0,4856.12,3195.62,no,0.0,85.0,finalized,KXHIGHTHOU,85.75079282919566,1.5443875,0.1366507435313108,0.01,0.12665074353131078,0.0,YES,1.0,0.12665074353131078,stop_loss,0.0,6.930000000000001,-1.0,-7.930000000000001,17.325000000000003,-19.825000000000003
2026-04-16,KXHIGHTHOU,KXHIGHTHOU-26APR16,KXHIGHTHOU-26APR16-T85,less,85.0,,85.0,0.01,0.0,1.0,0.0,1.0,6855.74,4817.67,no,0.0,85.0,finalized,KXHIGHTHOU,85.75079282919566,1.5443875,0.31343296499236983,0.01,0.3034329649923698,0.0,YES,1.0,0.3034329649923698,stop_loss,0.0,6.930000000000001,-1.0,-7.930000000000001,17.325000000000003,-19.825000000000003
2026-02-11,KXHIGHTSATX,KXHIGHTSATX-26FEB11,KXHIGHTSATX-26FEB11-B77.5,between,77.5,77.0,78.0,0.99,0.99,1.0,0.0,0.01,3247.0,0.0,yes,1.0,77.0,finalized,KXHIGHTSATX,77.52450321515401,1.1324803,0.34108051385824495,0.99,-0.6489194861417551,1.0,NO,1.0000000000000009,0.6489194861417551,stop_loss,0.0,6.930000000000001,-1.0000000000000009,-7.9300000000000015,17.325000000000003,-19.825000000000003
2026-02-12,KXHIGHTSATX,KXHIGHTSATX-26FEB12,KXHIGHTSATX-26FEB12-B79.5,between,79.5,79.0,80.0,0.01,0.0,1.0,0.0,1.0,3502.0,0.0,no,0.0,78.0,finalized,KXHIGHTSATX,79.30797965526581,1.0520959,0.3597875065030646,0.01,0.3497875065030646,0.0,YES,1.0,0.3497875065030646,stop_loss,0.0,6.930000000000001,-1.0,-7.930000000000001,17.325000000000003,-19.825000000000003
2026-02-12,KXHIGHTSATX,KXHIGHTSATX-26FEB12,KXHIGHTSATX-26FEB12-B77.5,between,77.5,77.0,78.0,0.99,0.0,1.0,0.0,1.0,2669.0,0.0,yes,1.0,78.0,finalized,KXHIGHTSATX,79.30797965526581,1.0520959,0.0927660145247176,0.99,-0.8972339854752824,1.0,NO,1.0000000000000009,0.8972339854752824,stop_loss,0.0,6.930000000000001,-1.0000000000000009,-7.9300000000000015,17.325000000000003,-19.825000000000003
2026-02-13,KXHIGHTSATX,KXHIGHTSATX-26FEB13,KXHIGHTSATX-26FEB13-T79,less,79.0,,79.0,0.01,0.0,1.0,0.0,1.0,2978.0,0.0,no,0.0,79.0,finalized,KXHIGHTSATX,79.15338619152705,1.1119852,0.44514429094771224,0.01,0.43514429094771223,0.0,YES,1.0,0.43514429094771223,stop_loss,0.0,6.930000000000001,-1.0,-7.930000000000001,17.325000000000003,-19.825000000000003
2026-02-13,KXHIGHTSATX,KXHIGHTSATX-26FEB13,KXHIGHTSATX-26FEB13-B79.5,between,79.5,79.0,80.0,0.99,0.0,1.0,0.0,1.0,7636.0,0.0,yes,1.0,79.0,finalized,KXHIGHTSATX,79.15338619152705,1.1119852,0.3316327267946563,0.99,-0.6583672732053437,1.0,NO,1.0000000000000009,0.6583672732053437,stop_loss,0.0,6.930000000000001,-1.0000000000000009,-7.9300000000000015,17.325000000000003,-19.825000000000003
2026-02-14,KXHIGHTSATX,KXHIGHTSATX-26FEB14,KXHIGHTSATX-26FEB14-B77.5,between,77.5,77.0,78.0,0.99,0.0,1.0,0.0,1.0,3738.0,0.0,yes,1.0,77.0,finalized,KXHIGHTSATX,74.50642219781876,1.2252247,0.018738843883976175,0.99,-0.9712611561160238,1.0,NO,1.0000000000000009,0.9712611561160238,stop_loss,0.0,6.930000000000001,-1.0000000000000009,-7.9300000000000015,17.325000000000003,-19.825000000000003
2026-02-14,KXHIGHTSATX,KXHIGHTSATX-26FEB14,KXHIGHTSATX-26FEB14-B75.5,between,75.5,75.0,76.0,0.01,0.0,1.0,0.0,1.0,3608.0,0.0,no,0.0,77.0,finalized,KXHIGHTSATX,74.50642219781876,1.2252247,0.2321128559478245,0.01,0.22211285594782448,0.0,YES,1.0,0.22211285594782448,stop_loss,0.0,6.930000000000001,-1.0,-7.930000000000001,17.325000000000003,-19.825000000000003
2026-02-14,KXHIGHTSATX,KXHIGHTSATX-26FEB14,KXHIGHTSATX-26FEB14-B73.5,between,73.5,73.0,74.0,0.01,0.0,1.0,0.0,1.0,5366.0,0.0,no,0.0,77.0,finalized,KXHIGHTSATX,74.50642219781876,1.2252247,0.23024149263051763,0.01,0.22024149263051762,0.0,YES,1.0,0.22024149263051762,stop_loss,0.0,6.930000000000001,-1.0,-7.930000000000001,17.325000000000003,-19.825000000000003
2026-02-15,KXHIGHTSATX,KXHIGHTSATX-26FEB15,KXHIGHTSATX-26FEB15-B77.5,between,77.5,77.0,78.0,0.99,0.0,1.0,0.0,1.0,4257.0,0.0,yes,1.0,77.0,finalized,KXHIGHTSATX,77.24965828259786,1.1076367,0.3400969777382805,0.99,-0.6499030222617195,1.0,NO,1.0000000000000009,0.6499030222617195,stop_loss,0.0,6.930000000000001,-1.0000000000000009,-7.9300000000000015,17.325000000000003,-19.825000000000003
2026-02-16,KXHIGHTSATX,KXHIGHTSATX-26FEB16,KXHIGHTSATX-26FEB16-B80.5,between,80.5,80.0,81.0,0.01,0.0,1.0,0.0,1.0,4223.0,0.0,no,0.0,78.0,finalized,KXHIGHTSATX,79.07760135332744,1.0404193,0.1553349842952565,0.01,0.1453349842952565,0.0,YES,1.0,0.1453349842952565,stop_loss,0.0,6.930000000000001,-1.0,-7.930000000000001,17.325000000000003,-19.825000000000003
2026-02-16,KXHIGHTSATX,KXHIGHTSATX-26FEB16,KXHIGHTSATX-26FEB16-B78.5,between,78.5,78.0,79.0,0.99,0.0,1.0,0.0,1.0,4891.0,0.0,yes,1.0,78.0,finalized,KXHIGHTSATX,79.07760135332744,1.0404193,0.3201095081885877,0.99,-0.6698904918114124,1.0,NO,1.0000000000000009,0.6698904918114124,stop_loss,0.0,6.930000000000001,-1.0000000000000009,-7.9300000000000015,17.325000000000003,-19.825000000000003
2026-02-17,KXHIGHTSATX,KXHIGHTSATX-26FEB17,KXHIGHTSATX-26FEB17-T87,greater,87.0,87.0,,0.01,0.0,1.0,0.0,1.0,1967.0,0.0,no,0.0,85.0,finalized,KXHIGHTSATX,85.87196361223857,1.2144707,0.1764886983081116,0.01,0.16648869830811158,0.0,YES,1.0,0.16648869830811158,stop_loss,0.0,6.930000000000001,-1.0,-7.930000000000001,17.325000000000003,-19.825000000000003
2026-02-17,KXHIGHTSATX,KXHIGHTSATX-26FEB17,KXHIGHTSATX-26FEB17-B86.5,between,86.5,86.0,87.0,0.01,0.0,1.0,0.0,1.0,4285.0,0.0,no,0.0,85.0,finalized,KXHIGHTSATX,85.87196361223857,1.2144707,0.2815303269663738,0.01,0.2715303269663738,0.0,YES,1.0,0.2715303269663738,stop_loss,0.0,6.930000000000001,-1.0,-7.930000000000001,17.325000000000003,-19.825000000000003
2026-02-17,KXHIGHTSATX,KXHIGHTSATX-26FEB17,KXHIGHTSATX-26FEB17-B84.5,between,84.5,84.0,85.0,0.99,0.0,1.0,0.0,1.0,6529.0,0.0,yes,1.0,85.0,finalized,KXHIGHTSATX,85.87196361223857,1.2144707,0.17477344625025637,0.99,-0.8152265537497436,1.0,NO,1.0000000000000009,0.8152265537497436,stop_loss,0.0,6.930000000000001,-1.0000000000000009,-7.9300000000000015,17.325000000000003,-19.825000000000003
2026-02-18,KXHIGHTSATX,KXHIGHTSATX-26FEB18,KXHIGHTSATX-26FEB18-T79,less,79.0,,79.0,0.99,0.0,1.0,0.0,1.0,6617.0,0.0,yes,1.0,76.0,finalized,KXHIGHTSATX,77.57349842786788,1.2581372,0.871565040507019,0.99,-0.118434959492981,1.0,NO,1.0000000000000009,0.118434959492981,stop_loss,0.0,6.930000000000001,-1.0000000000000009,-7.9300000000000015,17.325000000000003,-19.825000000000003
2026-02-19,KXHIGHTSATX,KXHIGHTSATX-26FEB19,KXHIGHTSATX-26FEB19-B86.5,between,86.5,86.0,87.0,0.99,0.0,1.0,0.0,1.0,10781.0,0.0,yes,1.0,86.0,finalized,KXHIGHTSATX,84.6667556444804,1.1935735,0.10669206220231142,0.99,-0.8833079377976886,1.0,NO,1.0000000000000009,0.8833079377976886,stop_loss,0.0,6.930000000000001,-1.0000000000000009,-7.9300000000000015,17.325000000000003,-19.825000000000003
2026-02-19,KXHIGHTSATX,KXHIGHTSATX-26FEB19,KXHIGHTSATX-26FEB19-B84.5,between,84.5,84.0,85.0,0.01,0.0,1.0,0.0,1.0,6424.0,0.0,no,0.0,86.0,finalized,KXHIGHTSATX,84.6667556444804,1.1935735,0.3217438137162095,0.01,0.3117438137162095,0.0,YES,1.0,0.3117438137162095,stop_loss,0.0,6.930000000000001,-1.0,-7.930000000000001,17.325000000000003,-19.825000000000003
2026-02-21,KXHIGHTSATX,KXHIGHTSATX-26FEB21,KXHIGHTSATX-26FEB21-T75,less,75.0,,75.0,0.01,0.0,1.0,0.0,1.0,5925.0,0.0,no,0.0,76.0,finalized,KXHIGHTSATX,75.01371568838755,1.256143,0.4956440792232913,0.01,0.4856440792232913,0.0,YES,1.0,0.4856440792232913,stop_loss,0.0,6.930000000000001,-1.0,-7.930000000000001,17.325000000000003,-19.825000000000003
2026-02-21,KXHIGHTSATX,KXHIGHTSATX-26FEB21,KXHIGHTSATX-26FEB21-B75.5,between,75.5,75.0,76.0,0.99,0.0,1.0,0.0,1.0,6700.0,0.0,yes,1.0,76.0,finalized,KXHIGHTSATX,75.01371568838755,1.256143,0.2881786272742383,0.99,-0.7018213727257616,1.0,NO,1.0000000000000009,0.7018213727257616,stop_loss,0.0,6.930000000000001,-1.0000000000000009,-7.9300000000000015,17.325000000000003,-19.825000000000003
2026-02-22,KXHIGHTSATX,KXHIGHTSATX-26FEB22,KXHIGHTSATX-26FEB22-B65.5,between,65.5,65.0,66.0,0.99,0.0,1.0,0.0,1.0,5007.0,0.0,yes,1.0,66.0,finalized,KXHIGHTSATX,65.05138010978699,1.1993824,0.3025907030638537,0.99,-0.6874092969361463,1.0,NO,1.0000000000000009,0.6874092969361463,stop_loss,0.0,6.930000000000001,-1.0000000000000009,-7.9300000000000015,17.325000000000003,-19.825000000000003
2026-02-22,KXHIGHTSATX,KXHIGHTSATX-26FEB22,KXHIGHTSATX-26FEB22-B63.5,between,63.5,63.0,64.0,0.01,0.0,1.0,0.0,1.0,2417.0,0.0,no,0.0,66.0,finalized,KXHIGHTSATX,65.05138010978699,1.1993824,0.14675231159292668,0.01,0.13675231159292667,0.0,YES,1.0,0.13675231159292667,stop_loss,0.0,6.930000000000001,-1.0,-7.930000000000001,17.325000000000003,-19.825000000000003
2026-02-23,KXHIGHTSATX,KXHIGHTSATX-26FEB23,KXHIGHTSATX-26FEB23-B65.5,between,65.5,65.0,66.0,0.98,0.0,1.0,0.0,1.0,29006.0,0.0,yes,1.0,66.0,finalized,KXHIGHTSATX,65.77456277410188,1.0388588,0.3579401106270536,0.98,-0.6220598893729463,1.0,NO,2.0000000000000018,0.6220598893729463,stop_loss,0.0,6.86,-2.0000000000000018,-8.860000000000003,17.15,-22.15000000000001
2026-02-24,KXHIGHTSATX,KXHIGHTSATX-26FEB24,KXHIGHTSATX-26FEB24-B75.5,between,75.5,75.0,76.0,0.99,0.0,1.0,0.0,1.0,7937.0,0.0,yes,1.0,75.0,finalized,KXHIGHTSATX,75.28911698659262,0.9052587,0.4091346700819706,0.99,-0.5808653299180294,1.0,NO,1.0000000000000009,0.5808653299180294,stop_loss,0.0,6.930000000000001,-1.0000000000000009,-7.9300000000000015,17.325000000000003,-19.825000000000003
2026-02-25,KXHIGHTSATX,KXHIGHTSATX-26FEB25,KXHIGHTSATX-26FEB25-B89.5,between,89.5,89.0,90.0,0.01,0.0,1.0,0.0,1.0,5139.0,0.0,no,0.0,87.0,finalized,KXHIGHTSATX,89.37471248308817,1.0945824,0.35003728576047977,0.01,0.34003728576047976,0.0,YES,1.0,0.34003728576047976,stop_loss,0.0,6.930000000000001,-1.0,-7.930000000000001,17.325000000000003,-19.825000000000003
2026-02-25,KXHIGHTSATX,KXHIGHTSATX-26FEB25,KXHIGHTSATX-26FEB25-B87.5,between,87.5,87.0,88.0,0.99,0.0,1.0,0.0,1.0,8044.0,0.0,yes,1.0,87.0,finalized,KXHIGHTSATX,89.37471248308817,1.0945824,0.08954991978609513,0.99,-0.9004500802139048,1.0,NO,1.0000000000000009,0.9004500802139048,stop_loss,0.0,6.930000000000001,-1.0000000000000009,-7.9300000000000015,17.325000000000003,-19.825000000000003
2026-02-26,KXHIGHTSATX,KXHIGHTSATX-26FEB26,KXHIGHTSATX-26FEB26-T95,greater,95.0,95.0,,0.01,0.0,1.0,0.0,1.0,4168.0,0.0,no,0.0,95.0,finalized,KXHIGHTSATX,95.30290182431538,1.1013317,0.6083542992304161,0.01,0.598354299230416,0.0,YES,1.0,0.598354299230416,stop_loss,0.0,6.930000000000001,-1.0,-7.930000000000001,17.325000000000003,-19.825000000000003
2026-02-26,KXHIGHTSATX,KXHIGHTSATX-26FEB26,KXHIGHTSATX-26FEB26-B94.5,between,94.5,94.0,95.0,0.99,0.0,1.0,0.0,1.0,6333.0,0.0,yes,1.0,95.0,finalized,KXHIGHTSATX,95.30290182431538,1.1013317,0.2732458789466346,0.99,-0.7167541210533654,1.0,NO,1.0000000000000009,0.7167541210533654,stop_loss,0.0,6.930000000000001,-1.0000000000000009,-7.9300000000000015,17.325000000000003,-19.825000000000003
2026-02-27,KXHIGHTSATX,KXHIGHTSATX-26FEB27,KXHIGHTSATX-26FEB27-B87.5,between,87.5,87.0,88.0,0.01,0.0,1.0,0.0,1.0,3305.0,0.0,no,0.0,86.0,finalized,KXHIGHTSATX,86.4805081685384,0.9716281,0.2375170408043974,0.01,0.22751704080439739,0.0,YES,1.0,0.22751704080439739,stop_loss,0.0,6.930000000000001,-1.0,-7.930000000000001,17.325000000000003,-19.825000000000003
2026-02-27,KXHIGHTSATX,KXHIGHTSATX-26FEB27,KXHIGHTSATX-26FEB27-B85.5,between,85.5,85.0,86.0,0.99,0.0,1.0,0.0,1.0,6464.0,0.0,yes,1.0,86.0,finalized,KXHIGHTSATX,86.4805081685384,0.9716281,0.24667582727328655,0.99,-0.7433241727267135,1.0,NO,1.0000000000000009,0.7433241727267135,stop_loss,0.0,6.930000000000001,-1.0000000000000009,-7.9300000000000015,17.325000000000003,-19.825000000000003
2026-02-28,KXHIGHTSATX,KXHIGHTSATX-26FEB28,KXHIGHTSATX-26FEB28-B85.5,between,85.5,85.0,86.0,0.96,0.0,1.0,0.0,1.0,6469.0,0.0,yes,1.0,85.0,finalized,KXHIGHTSATX,85.05545086860657,0.9929821,0.35152131732180364,0.96,-0.6084786826781963,1.0,NO,4.0000000000000036,0.6084786826781963,stop_loss,0.0,6.720000000000001,-4.0000000000000036,-10.720000000000004,16.8,-26.800000000000008
2026-02-28,KXHIGHTSATX,KXHIGHTSATX-26FEB28,KXHIGHTSATX-26FEB28-B83.5,between,83.5,83.0,84.0,0.01,0.0,1.0,0.0,1.0,2432.0,0.0,no,0.0,85.0,finalized,KXHIGHTSATX,85.05545086860657,0.9929821,0.12468410852558381,0.01,0.11468410852558382,0.0,YES,1.0,0.11468410852558382,stop_loss,0.0,6.930000000000001,-1.0,-7.930000000000001,17.325000000000003,-19.825000000000003
2026-03-01,KXHIGHTSATX,KXHIGHTSATX-26MAR01,KXHIGHTSATX-26MAR01-B85.5,between,85.5,85.0,86.0,0.99,0.0,1.0,0.0,1.0,7975.0,0.0,yes,1.0,86.0,finalized,KXHIGHTSATX,84.85082765022915,0.8957573,0.3341065883490436,0.99,-0.6558934116509564,1.0,NO,1.0000000000000009,0.6558934116509564,stop_loss,0.0,6.930000000000001,-1.0000000000000009,-7.9300000000000015,17.325000000000003,-19.825000000000003
2026-03-01,KXHIGHTSATX,KXHIGHTSATX-26MAR01,KXHIGHTSATX-26MAR01-B83.5,between,83.5,83.0,84.0,0.01,0.0,1.0,0.0,1.0,5650.0,0.0,no,0.0,86.0,finalized,KXHIGHTSATX,84.85082765022915,0.8957573,0.1516922795948666,0.01,0.1416922795948666,0.0,YES,1.0,0.1416922795948666,stop_loss,0.0,6.930000000000001,-1.0,-7.930000000000001,17.325000000000003,-19.825000000000003
2026-03-02,KXHIGHTSATX,KXHIGHTSATX-26MAR02,KXHIGHTSATX-26MAR02-B86.5,between,86.5,86.0,87.0,0.99,0.0,1.0,0.0,1.0,8240.0,0.0,yes,1.0,86.0,finalized,KXHIGHTSATX,85.3266186038653,0.93756646,0.19916425461134146,0.99,-0.7908357453886585,1.0,NO,1.0000000000000009,0.7908357453886585,stop_loss,0.0,6.930000000000001,-1.0000000000000009,-7.9300000000000015,17.325000000000003,-19.825000000000003
2026-03-02,KXHIGHTSATX,KXHIGHTSATX-26MAR02,KXHIGHTSATX-26MAR02-B84.5,between,84.5,84.0,85.0,0.01,0.0,1.0,0.0,1.0,9854.0,0.0,no,0.0,86.0,finalized,KXHIGHTSATX,85.3266186038653,0.93756646,0.2852415549752827,0.01,0.2752415549752827,0.0,YES,1.0,0.2752415549752827,stop_loss,0.0,6.930000000000001,-1.0,-7.930000000000001,17.325000000000003,-19.825000000000003
2026-03-03,KXHIGHTSATX,KXHIGHTSATX-26MAR03,KXHIGHTSATX-26MAR03-B87.5,between,87.5,87.0,88.0,0.99,0.0,1.0,0.0,1.0,8250.0,0.0,yes,1.0,87.0,finalized,KXHIGHTSATX,86.91376940409343,0.9632972,0.33459510029833994,0.99,-0.65540489970166,1.0,NO,1.0000000000000009,0.65540489970166,stop_loss,0.0,6.930000000000001,-1.0000000000000009,-7.9300000000000015,17.325000000000003,-19.825000000000003
2026-03-03,KXHIGHTSATX,KXHIGHTSATX-26MAR03,KXHIGHTSATX-26MAR03-B85.5,between,85.5,85.0,86.0,0.01,0.0,1.0,0.0,1.0,7118.0,0.0,no,0.0,87.0,finalized,KXHIGHTSATX,86.91376940409343,0.9632972,0.14793724329110555,0.01,0.13793724329110554,0.0,YES,1.0,0.13793724329110554,stop_loss,0.0,6.930000000000001,-1.0,-7.930000000000001,17.325000000000003,-19.825000000000003
2026-03-04,KXHIGHTSATX,KXHIGHTSATX-26MAR04,KXHIGHTSATX-26MAR04-B87.5,between,87.5,87.0,88.0,0.99,0.0,1.0,0.0,1.0,8918.0,0.0,yes,1.0,88.0,finalized,KXHIGHTSATX,86.46383713086446,1.0102252,0.2336225421387791,0.99,-0.7563774578612209,1.0,NO,1.0000000000000009,0.7563774578612209,stop_loss,0.0,6.930000000000001,-1.0000000000000009,-7.9300000000000015,17.325000000000003,-19.825000000000003
2026-03-04,KXHIGHTSATX,KXHIGHTSATX-26MAR04,KXHIGHTSATX-26MAR04-B85.5,between,85.5,85.0,86.0,0.01,0.0,1.0,0.0,1.0,7653.0,0.0,no,0.0,88.0,finalized,KXHIGHTSATX,86.46383713086446,1.0102252,0.24940007465643155,0.01,0.23940007465643154,0.0,YES,1.0,0.23940007465643154,stop_loss,0.0,6.930000000000001,-1.0,-7.930000000000001,17.325000000000003,-19.825000000000003
2026-03-05,KXHIGHTSATX,KXHIGHTSATX-26MAR05,KXHIGHTSATX-26MAR05-B86.5,between,86.5,86.0,87.0,0.99,0.0,1.0,0.0,1.0,9200.0,0.0,yes,1.0,87.0,finalized,KXHIGHTSATX,85.8244005203247,1.0424823,0.303392257817251,0.99,-0.686607742182749,1.0,NO,1.0000000000000009,0.686607742182749,stop_loss,0.0,6.930000000000001,-1.0000000000000009,-7.9300000000000015,17.325000000000003,-19.825000000000003
2026-03-05,KXHIGHTSATX,KXHIGHTSATX-26MAR05,KXHIGHTSATX-26MAR05-B84.5,between,84.5,84.0,85.0,0.01,0.0,1.0,0.0,1.0,13365.0,0.0,no,0.0,87.0,finalized,KXHIGHTSATX,85.8244005203247,1.0424823,0.17447432572496593,0.01,0.16447432572496593,0.0,YES,1.0,0.16447432572496593,stop_loss,0.0,6.930000000000001,-1.0,-7.930000000000001,17.325000000000003,-19.825000000000003
2026-03-06,KXHIGHTSATX,KXHIGHTSATX-26MAR06,KXHIGHTSATX-26MAR06-B86.5,between,86.5,86.0,87.0,0.99,0.0,1.0,0.0,1.0,7655.0,0.0,yes,1.0,86.0,finalized,KXHIGHTSATX,85.3597689628601,1.0683532,0.21214031853035098,0.99,-0.777859681469649,1.0,NO,1.0000000000000009,0.777859681469649,stop_loss,0.0,6.930000000000001,-1.0000000000000009,-7.9300000000000015,17.325000000000003,-19.825000000000003
2026-03-06,KXHIGHTSATX,KXHIGHTSATX-26MAR06,KXHIGHTSATX-26MAR06-B84.5,between,84.5,84.0,85.0,0.01,0.0,1.0,0.0,1.0,22713.0,0.0,no,0.0,86.0,finalized,KXHIGHTSATX,85.3597689628601,1.0683532,0.26660266664528703,0.01,0.256602666645287,0.0,YES,1.0,0.256602666645287,stop_loss,0.0,6.930000000000001,-1.0,-7.930000000000001,17.325000000000003,-19.825000000000003
2026-03-07,KXHIGHTSATX,KXHIGHTSATX-26MAR07,KXHIGHTSATX-26MAR07-B81.5,between,81.5,81.0,82.0,0.01,0.0,1.0,0.0,1.0,5236.0,0.0,no,0.0,79.0,finalized,KXHIGHTSATX,80.52424136797588,1.1435442,0.24025454166545457,0.01,0.23025454166545456,0.0,YES,1.0,0.23025454166545456,stop_loss,0.0,6.930000000000001,-1.0,-7.930000000000001,17.325000000000003,-19.825000000000003
2026-03-07,KXHIGHTSATX,KXHIGHTSATX-26MAR07,KXHIGHTSATX-26MAR07-B79.5,between,79.5,79.0,80.0,0.99,0.0,1.0,0.0,1.0,3866.0,0.0,yes,1.0,79.0,finalized,KXHIGHTSATX,80.52424136797588,1.1435442,0.2320390721411597,0.99,-0.7579609278588403,1.0,NO,1.0000000000000009,0.7579609278588403,stop_loss,0.0,6.930000000000001,-1.0000000000000009,-7.9300000000000015,17.325000000000003,-19.825000000000003
2026-03-09,KXHIGHTSATX,KXHIGHTSATX-26MAR09,KXHIGHTSATX-26MAR09-T79,less,79.0,,79.0,0.99,0.0,1.0,0.0,1.0,12642.0,0.0,yes,1.0,78.0,finalized,KXHIGHTSATX,78.35748193264008,1.1399925,0.7134922726558923,0.99,-0.27650772734410767,1.0,NO,1.0000000000000009,0.27650772734410767,stop_loss,0.0,6.930000000000001,-1.0000000000000009,-7.9300000000000015,17.325000000000003,-19.825000000000003
2026-03-09,KXHIGHTSATX,KXHIGHTSATX-26MAR09,KXHIGHTSATX-26MAR09-B79.5,between,79.5,79.0,80.0,0.01,0.0,1.0,0.0,1.0,6612.0,0.0,no,0.0,78.0,finalized,KXHIGHTSATX,78.35748193264008,1.1399925,0.21168922634001353,0.01,0.20168922634001352,0.0,YES,1.0,0.20168922634001352,stop_loss,0.0,6.930000000000001,-1.0,-7.930000000000001,17.325000000000003,-19.825000000000003
2026-03-10,KXHIGHTSATX,KXHIGHTSATX-26MAR10,KXHIGHTSATX-26MAR10-B84.5,between,84.5,84.0,85.0,0.99,0.0,1.0,0.0,1.0,9020.0,0.0,yes,1.0,84.0,finalized,KXHIGHTSATX,84.36947070757547,1.2727274,0.30405270533222734,0.99,-0.6859472946677727,1.0,NO,1.0000000000000009,0.6859472946677727,stop_loss,0.0,6.930000000000001,-1.0000000000000009,-7.9300000000000015,17.325000000000003,-19.825000000000003
2026-03-11,KXHIGHTSATX,KXHIGHTSATX-26MAR11,KXHIGHTSATX-26MAR11-B85.5,between,85.5,85.0,86.0,0.99,0.0,1.0,0.0,1.0,8506.0,0.0,yes,1.0,85.0,finalized,KXHIGHTSATX,83.69428119659425,1.179088,0.10879967710824856,0.99,-0.8812003228917514,1.0,NO,1.0000000000000009,0.8812003228917514,stop_loss,0.0,6.930000000000001,-1.0000000000000009,-7.9300000000000015,17.325000000000003,-19.825000000000003
2026-03-11,KXHIGHTSATX,KXHIGHTSATX-26MAR11,KXHIGHTSATX-26MAR11-B83.5,between,83.5,83.0,84.0,0.01,0.0,1.0,0.0,1.0,12452.0,0.0,no,0.0,85.0,finalized,KXHIGHTSATX,83.69428119659425,1.179088,0.32430399014304523,0.01,0.3143039901430452,0.0,YES,1.0,0.3143039901430452,stop_loss,0.0,6.930000000000001,-1.0,-7.930000000000001,17.325000000000003,-19.825000000000003
2026-03-12,KXHIGHTSATX,KXHIGHTSATX-26MAR12,KXHIGHTSATX-26MAR12-B69.5,between,69.5,69.0,70.0,0.99,0.0,1.0,0.0,1.0,5665.0,0.0,yes,1.0,70.0,finalized,KXHIGHTSATX,69.6844694574674,1.0944107,0.3475988480405654,0.99,-0.6424011519594346,1.0,NO,1.0000000000000009,0.6424011519594346,stop_loss,0.0,6.930000000000001,-1.0000000000000009,-7.9300000000000015,17.325000000000003,-19.825000000000003
2026-03-13,KXHIGHTSATX,KXHIGHTSATX-26MAR13,KXHIGHTSATX-26MAR13-B80.5,between,80.5,80.0,81.0,0.99,0.0,1.0,0.0,1.0,6246.0,0.0,yes,1.0,81.0,finalized,KXHIGHTSATX,80.76098386446635,0.95164895,0.3871973090621327,0.99,-0.6028026909378673,1.0,NO,1.0000000000000009,0.6028026909378673,stop_loss,0.0,6.930000000000001,-1.0000000000000009,-7.9300000000000015,17.325000000000003,-19.825000000000003
2026-03-14,KXHIGHTSATX,KXHIGHTSATX-26MAR14,KXHIGHTSATX-26MAR14-B87.5,between,87.5,87.0,88.0,0.99,0.0,1.0,0.0,1.0,7094.0,0.0,yes,1.0,88.0,finalized,KXHIGHTSATX,87.79123131434123,1.0318283,0.3585772941640774,0.99,-0.6314227058359225,1.0,NO,1.0000000000000009,0.6314227058359225,stop_loss,0.0,6.930000000000001,-1.0000000000000009,-7.9300000000000015,17.325000000000003,-19.825000000000003
2026-03-16,KXHIGHTSATX,KXHIGHTSATX-26MAR16,KXHIGHTSATX-26MAR16-T56,less,56.0,,56.0,0.01,0.0,1.0,0.0,1.0,1705.0,0.0,no,0.0,59.0,finalized,KXHIGHTSATX,57.53993703524271,1.6480927,0.17505518580480006,0.01,0.16505518580480005,0.0,YES,1.0,0.16505518580480005,stop_loss,0.0,6.930000000000001,-1.0,-7.930000000000001,17.325000000000003,-19.825000000000003
2026-03-16,KXHIGHTSATX,KXHIGHTSATX-26MAR16,KXHIGHTSATX-26MAR16-B58.5,between,58.5,58.0,59.0,0.99,0.0,1.0,0.0,1.0,10108.0,0.0,yes,1.0,59.0,finalized,KXHIGHTSATX,57.53993703524271,1.6480927,0.2022325209176712,0.99,-0.7877674790823288,1.0,NO,1.0000000000000009,0.7877674790823288,stop_loss,0.0,6.930000000000001,-1.0000000000000009,-7.9300000000000015,17.325000000000003,-19.825000000000003
2026-03-16,KXHIGHTSATX,KXHIGHTSATX-26MAR16,KXHIGHTSATX-26MAR16-B56.5,between,56.5,56.0,57.0,0.01,0.0,1.0,0.0,1.0,2031.0,0.0,no,0.0,59.0,finalized,KXHIGHTSATX,57.53993703524271,1.6480927,0.19654686211003147,0.01,0.18654686211003146,0.0,YES,1.0,0.18654686211003146,stop_loss,0.0,6.930000000000001,-1.0,-7.930000000000001,17.325000000000003,-19.825000000000003
2026-03-17,KXHIGHTSATX,KXHIGHTSATX-26MAR17,KXHIGHTSATX-26MAR17-T64,less,64.0,,64.0,0.01,0.0,1.0,0.0,1.0,1678.0,0.0,no,0.0,66.0,finalized,KXHIGHTSATX,65.01831110715867,1.0619019,0.1687919068755539,0.01,0.1587919068755539,0.0,YES,1.0,0.1587919068755539,stop_loss,0.0,6.930000000000001,-1.0,-7.930000000000001,17.325000000000003,-19.825000000000003
2026-03-17,KXHIGHTSATX,KXHIGHTSATX-26MAR17,KXHIGHTSATX-26MAR17-B66.5,between,66.5,66.0,67.0,0.99,0.0,1.0,0.0,1.0,7716.0,0.0,yes,1.0,66.0,finalized,KXHIGHTSATX,65.01831110715867,1.0619019,0.14661385611292443,0.99,-0.8433861438870756,1.0,NO,1.0000000000000009,0.8433861438870756,stop_loss,0.0,6.930000000000001,-1.0000000000000009,-7.9300000000000015,17.325000000000003,-19.825000000000003
2026-03-17,KXHIGHTSATX,KXHIGHTSATX-26MAR17,KXHIGHTSATX-26MAR17-B64.5,between,64.5,64.0,65.0,0.01,0.0,1.0,0.0,1.0,2943.0,0.0,no,0.0,66.0,finalized,KXHIGHTSATX,65.01831110715867,1.0619019,0.3243291971963291,0.01,0.31432919719632907,0.0,YES,1.0,0.31432919719632907,stop_loss,0.0,6.930000000000001,-1.0,-7.930000000000001,17.325000000000003,-19.825000000000003
2026-03-18,KXHIGHTSATX,KXHIGHTSATX-26MAR18,KXHIGHTSATX-26MAR18-T77,less,77.0,,77.0,0.01,0.0,1.0,0.0,1.0,6030.0,0.0,no,0.0,78.0,finalized,KXHIGHTSATX,77.4986324628194,0.89432204,0.28857462758923125,0.01,0.27857462758923124,0.0,YES,1.0,0.27857462758923124,stop_loss,0.0,6.930000000000001,-1.0,-7.930000000000001,17.325000000000003,-19.825000000000003
2026-03-18,KXHIGHTSATX,KXHIGHTSATX-26MAR18,KXHIGHTSATX-26MAR18-B77.5,between,77.5,77.0,78.0,0.99,0.0,1.0,0.0,1.0,7482.0,0.0,yes,1.0,78.0,finalized,KXHIGHTSATX,77.4986324628194,0.89432204,0.4238942886260929,0.99,-0.5661057113739071,1.0,NO,1.0000000000000009,0.5661057113739071,stop_loss,0.0,6.930000000000001,-1.0000000000000009,-7.9300000000000015,17.325000000000003,-19.825000000000003
2026-03-20,KXHIGHTSATX,KXHIGHTSATX-26MAR20,KXHIGHTSATX-26MAR20-B89.5,between,89.5,89.0,90.0,0.99,0.0,1.0,0.0,1.0,8599.0,5961.0,yes,1.0,90.0,finalized,KXHIGHTSATX,89.76690564155577,0.98222035,0.3763296245721169,0.99,-0.6136703754278832,1.0,NO,1.0000000000000009,0.6136703754278832,stop_loss,0.0,6.930000000000001,-1.0000000000000009,-7.9300000000000015,17.325000000000003,-19.825000000000003
2026-03-21,KXHIGHTSATX,KXHIGHTSATX-26MAR21,KXHIGHTSATX-26MAR21-B92.5,between,92.5,92.0,93.0,0.99,0.0,1.0,0.0,1.0,6497.0,4965.0,yes,1.0,93.0,finalized,KXHIGHTSATX,92.91171863873801,0.96007633,0.36548229965224693,0.99,-0.6245177003477531,1.0,NO,1.0000000000000009,0.6245177003477531,stop_loss,0.0,6.930000000000001,-1.0000000000000009,-7.9300000000000015,17.325000000000003,-19.825000000000003
2026-03-21,KXHIGHTSATX,KXHIGHTSATX-26MAR21,KXHIGHTSATX-26MAR21-B94.5,between,94.5,94.0,95.0,0.01,0.0,1.0,0.0,1.0,3167.0,2169.0,no,0.0,93.0,finalized,KXHIGHTSATX,92.91171863873801,0.96007633,0.1136839982326675,0.01,0.10368399823266751,0.0,YES,1.0,0.10368399823266751,stop_loss,0.0,6.930000000000001,-1.0,-7.930000000000001,17.325000000000003,-19.825000000000003
2026-03-22,KXHIGHTSATX,KXHIGHTSATX-26MAR22,KXHIGHTSATX-26MAR22-B90.5,between,90.5,90.0,91.0,0.01,0.0,1.0,0.0,1.0,9485.0,7167.0,no,0.0,92.0,finalized,KXHIGHTSATX,91.80052499771118,0.9247929,0.16757717996096827,0.01,0.15757717996096826,0.0,YES,1.0,0.15757717996096826,stop_loss,0.0,6.930000000000001,-1.0,-7.930000000000001,17.325000000000003,-19.825000000000003
2026-03-22,KXHIGHTSATX,KXHIGHTSATX-26MAR22,KXHIGHTSATX-26MAR22-B92.5,between,92.5,92.0,93.0,0.99,0.0,1.0,0.0,1.0,11424.0,6284.0,yes,1.0,92.0,finalized,KXHIGHTSATX,91.80052499771118,0.9247929,0.3172998626345842,0.99,-0.6727001373654158,1.0,NO,1.0000000000000009,0.6727001373654158,stop_loss,0.0,6.930000000000001,-1.0000000000000009,-7.9300000000000015,17.325000000000003,-19.825000000000003
2026-03-23,KXHIGHTSATX,KXHIGHTSATX-26MAR23,KXHIGHTSATX-26MAR23-B85.5,between,85.5,85.0,86.0,0.99,0.0,1.0,0.0,1.0,9134.0,6822.0,yes,1.0,86.0,finalized,KXHIGHTSATX,85.23009905020395,0.88880247,0.4089546313871934,0.99,-0.5810453686128065,1.0,NO,1.0000000000000009,0.5810453686128065,stop_loss,0.0,6.930000000000001,-1.0000000000000009,-7.9300000000000015,17.325000000000003,-19.825000000000003
2026-03-23,KXHIGHTSATX,KXHIGHTSATX-26MAR23,KXHIGHTSATX-26MAR23-T85,less,85.0,,85.0,0.01,0.0,1.0,0.0,1.0,3574.0,2235.0,no,0.0,86.0,finalized,KXHIGHTSATX,85.23009905020395,0.88880247,0.397861368303802,0.01,0.38786136830380197,0.0,YES,1.0,0.38786136830380197,stop_loss,0.0,6.930000000000001,-1.0,-7.930000000000001,17.325000000000003,-19.825000000000003
2026-03-24,KXHIGHTSATX,KXHIGHTSATX-26MAR24,KXHIGHTSATX-26MAR24-B85.5,between,85.5,85.0,86.0,0.01,0.0,1.0,0.0,1.0,6205.0,4312.0,no,0.0,88.0,finalized,KXHIGHTSATX,86.83064028819403,0.9830488,0.16777866377326298,0.01,0.15777866377326297,0.0,YES,1.0,0.15777866377326297,stop_loss,0.0,6.930000000000001,-1.0,-7.930000000000001,17.325000000000003,-19.825000000000003
2026-03-24,KXHIGHTSATX,KXHIGHTSATX-26MAR24,KXHIGHTSATX-26MAR24-B87.5,between,87.5,87.0,88.0,0.99,0.0,1.0,0.0,1.0,14185.0,8648.0,yes,1.0,88.0,finalized,KXHIGHTSATX,86.83064028819403,0.9830488,0.31449182615581384,0.99,-0.6755081738441862,1.0,NO,1.0000000000000009,0.6755081738441862,stop_loss,0.0,6.930000000000001,-1.0000000000000009,-7.9300000000000015,17.325000000000003,-19.825000000000003
2026-03-25,KXHIGHTSATX,KXHIGHTSATX-26MAR25,KXHIGHTSATX-26MAR25-B88.5,between,88.5,88.0,89.0,0.01,0.0,1.0,0.0,1.0,14502.0,12093.0,no,0.0,90.0,finalized,KXHIGHTSATX,89.55930384000142,1.0143799,0.22856599205214795,0.01,0.21856599205214794,0.0,YES,1.0,0.21856599205214794,stop_loss,0.0,6.930000000000001,-1.0,-7.930000000000001,17.325000000000003,-19.825000000000003
2026-03-25,KXHIGHTSATX,KXHIGHTSATX-26MAR25,KXHIGHTSATX-26MAR25-B90.5,between,90.5,90.0,91.0,0.99,0.0,1.0,0.0,1.0,9601.0,6037.0,yes,1.0,90.0,finalized,KXHIGHTSATX,89.55930384000142,1.0143799,0.25421713360230114,0.99,-0.7357828663976989,1.0,NO,1.0000000000000009,0.7357828663976989,stop_loss,0.0,6.930000000000001,-1.0000000000000009,-7.9300000000000015,17.325000000000003,-19.825000000000003
2026-03-26,KXHIGHTSATX,KXHIGHTSATX-26MAR26,KXHIGHTSATX-26MAR26-B88.5,between,88.5,88.0,89.0,0.99,0.0,1.0,0.0,1.0,9526.0,6644.0,yes,1.0,89.0,finalized,KXHIGHTSATX,89.56082372665405,1.0334324,0.2281952145402078,0.99,-0.7618047854597922,1.0,NO,1.0000000000000009,0.7618047854597922,stop_loss,0.0,6.930000000000001,-1.0000000000000009,-7.9300000000000015,17.325000000000003,-19.825000000000003
2026-03-26,KXHIGHTSATX,KXHIGHTSATX-26MAR26,KXHIGHTSATX-26MAR26-B90.5,between,90.5,90.0,91.0,0.01,0.0,1.0,0.0,1.0,25334.0,13497.0,no,0.0,89.0,finalized,KXHIGHTSATX,89.56082372665405,1.0334324,0.25356209022377807,0.01,0.24356209022377806,0.0,YES,1.0,0.24356209022377806,stop_loss,0.0,6.930000000000001,-1.0,-7.930000000000001,17.325000000000003,-19.825000000000003
2026-03-27,KXHIGHTSATX,KXHIGHTSATX-26MAR27,KXHIGHTSATX-26MAR27-B88.5,between,88.5,88.0,89.0,0.99,0.0,1.0,0.0,1.0,11349.0,5742.0,yes,1.0,89.0,finalized,KXHIGHTSATX,88.83788736661275,1.0060731,0.3615356390078606,0.99,-0.6284643609921394,1.0,NO,1.0000000000000009,0.6284643609921394,stop_loss,0.0,6.930000000000001,-1.0000000000000009,-7.9300000000000015,17.325000000000003,-19.825000000000003
2026-03-28,KXHIGHTSATX,KXHIGHTSATX-26MAR28,KXHIGHTSATX-26MAR28-B70.5,between,70.5,70.0,71.0,0.01,0.0,1.0,0.0,1.0,8068.0,4154.0,no,0.0,73.0,finalized,KXHIGHTSATX,72.03232947587968,1.2029808,0.14983645882289012,0.01,0.13983645882289011,0.0,YES,1.0,0.13983645882289011,stop_loss,0.0,6.930000000000001,-1.0,-7.930000000000001,17.325000000000003,-19.825000000000003
2026-03-28,KXHIGHTSATX,KXHIGHTSATX-26MAR28,KXHIGHTSATX-26MAR28-B72.5,between,72.5,72.0,73.0,0.99,0.0,1.0,0.0,1.0,11152.0,6770.0,yes,1.0,73.0,finalized,KXHIGHTSATX,72.03232947587968,1.2029808,0.3001353462682663,0.99,-0.6898646537317337,1.0,NO,1.0000000000000009,0.6898646537317337,stop_loss,0.0,6.930000000000001,-1.0000000000000009,-7.9300000000000015,17.325000000000003,-19.825000000000003
2026-03-29,KXHIGHTSATX,KXHIGHTSATX-26MAR29,KXHIGHTSATX-26MAR29-B83.5,between,83.5,83.0,84.0,0.99,0.0,1.0,0.0,1.0,7352.0,4129.0,yes,1.0,84.0,finalized,KXHIGHTSATX,83.24198792775472,1.0177608,0.36576722221789604,0.99,-0.624232777782104,1.0,NO,1.0000000000000009,0.624232777782104,stop_loss,0.0,6.930000000000001,-1.0000000000000009,-7.9300000000000015,17.325000000000003,-19.825000000000003
2026-03-30,KXHIGHTSATX,KXHIGHTSATX-26MAR30,KXHIGHTSATX-26MAR30-B86.5,between,86.5,86.0,87.0,0.01,0.0,1.0,0.0,1.0,8478.0,5986.0,no,0.0,89.0,finalized,KXHIGHTSATX,87.51292999585469,1.0288643,0.23833658650919093,0.01,0.22833658650919092,0.0,YES,1.0,0.22833658650919092,stop_loss,0.0,6.930000000000001,-1.0,-7.930000000000001,17.325000000000003,-19.825000000000003
2026-03-30,KXHIGHTSATX,KXHIGHTSATX-26MAR30,KXHIGHTSATX-26MAR30-B88.5,between,88.5,88.0,89.0,0.99,0.0,1.0,0.0,1.0,23920.0,20555.0,yes,1.0,89.0,finalized,KXHIGHTSATX,87.51292999585469,1.0288643,0.24378229419761765,0.99,-0.7462177058023823,1.0,NO,1.0000000000000009,0.7462177058023823,stop_loss,0.0,6.930000000000001,-1.0000000000000009,-7.9300000000000015,17.325000000000003,-19.825000000000003
2026-03-31,KXHIGHTSATX,KXHIGHTSATX-26MAR31,KXHIGHTSATX-26MAR31-B87.5,between,87.5,87.0,88.0,0.01,0.0,1.0,0.0,1.0,9466.0,5737.0,no,0.0,89.0,finalized,KXHIGHTSATX,88.24093305269876,1.0459343,0.29118384765015526,0.01,0.28118384765015525,0.0,YES,1.0,0.28118384765015525,stop_loss,0.0,6.930000000000001,-1.0,-7.930000000000001,17.325000000000003,-19.825000000000003
2026-03-31,KXHIGHTSATX,KXHIGHTSATX-26MAR31,KXHIGHTSATX-26MAR31-T87,less,87.0,,87.0,0.01,0.0,1.0,0.0,1.0,6666.0,4311.0,no,0.0,89.0,finalized,KXHIGHTSATX,88.24093305269876,1.0459343,0.11772528427483675,0.01,0.10772528427483676,0.0,YES,1.0,0.10772528427483676,stop_loss,0.0,6.930000000000001,-1.0,-7.930000000000001,17.325000000000003,-19.825000000000003
2026-03-31,KXHIGHTSATX,KXHIGHTSATX-26MAR31,KXHIGHTSATX-26MAR31-B89.5,between,89.5,89.0,90.0,0.99,0.0,1.0,0.0,1.0,12773.0,7034.0,yes,1.0,89.0,finalized,KXHIGHTSATX,88.24093305269876,1.0459343,0.1876993907375213,0.99,-0.8023006092624787,1.0,NO,1.0000000000000009,0.8023006092624787,stop_loss,0.0,6.930000000000001,-1.0000000000000009,-7.9300000000000015,17.325000000000003,-19.825000000000003
2026-04-01,KXHIGHTSATX,KXHIGHTSATX-26APR01,KXHIGHTSATX-26APR01-B88.5,between,88.5,88.0,89.0,0.01,0.0,1.0,0.0,1.0,4577.0,2934.0,no,0.0,91.0,finalized,KXHIGHTSATX,89.72315416336058,1.027265,0.19399837273580964,0.01,0.18399837273580963,0.0,YES,1.0,0.18399837273580963,stop_loss,0.0,6.930000000000001,-1.0,-7.930000000000001,17.325000000000003,-19.825000000000003
2026-04-01,KXHIGHTSATX,KXHIGHTSATX-26APR01,KXHIGHTSATX-26APR01-B90.5,between,90.5,90.0,91.0,0.99,0.0,1.0,0.0,1.0,7953.0,5369.0,yes,1.0,91.0,finalized,KXHIGHTSATX,89.72315416336058,1.027265,0.2868313472591637,0.99,-0.7031686527408363,1.0,NO,1.0000000000000009,0.7031686527408363,stop_loss,0.0,6.930000000000001,-1.0000000000000009,-7.9300000000000015,17.325000000000003,-19.825000000000003
2026-04-02,KXHIGHTSATX,KXHIGHTSATX-26APR02,KXHIGHTSATX-26APR02-B87.5,between,87.5,87.0,88.0,0.99,0.0,1.0,0.0,1.0,8746.0,5154.0,yes,1.0,87.0,finalized,KXHIGHTSATX,86.58783663113913,1.0437264,0.2584322441549558,0.99,-0.7315677558450442,1.0,NO,1.0000000000000009,0.7315677558450442,stop_loss,0.0,6.930000000000001,-1.0000000000000009,-7.9300000000000015,17.325000000000003,-19.825000000000003
2026-04-02,KXHIGHTSATX,KXHIGHTSATX-26APR02,KXHIGHTSATX-26APR02-B85.5,between,85.5,85.0,86.0,0.01,0.0,1.0,0.0,1.0,54473.0,51498.0,no,0.0,87.0,finalized,KXHIGHTSATX,86.58783663113913,1.0437264,0.22255571145379385,0.01,0.21255571145379384,0.0,YES,1.0,0.21255571145379384,stop_loss,0.0,6.930000000000001,-1.0,-7.930000000000001,17.325000000000003,-19.825000000000003
2026-04-03,KXHIGHTSATX,KXHIGHTSATX-26APR03,KXHIGHTSATX-26APR03-B86.5,between,86.5,86.0,87.0,0.01,0.0,1.0,0.0,1.0,7540.0,5479.0,no,0.0,85.0,finalized,KXHIGHTSATX,86.81300313472747,1.05964,0.3485704104259656,0.01,0.3385704104259656,0.0,YES,1.0,0.3385704104259656,stop_loss,0.0,6.930000000000001,-1.0,-7.930000000000001,17.325000000000003,-19.825000000000003
2026-04-03,KXHIGHTSATX,KXHIGHTSATX-26APR03,KXHIGHTSATX-26APR03-T86,less,86.0,,86.0,0.99,0.0,1.0,0.0,1.0,9229.0,4532.0,yes,1.0,85.0,finalized,KXHIGHTSATX,86.81300313472747,1.05964,0.22146804207103177,0.99,-0.7685319579289682,1.0,NO,1.0000000000000009,0.7685319579289682,stop_loss,0.0,6.930000000000001,-1.0000000000000009,-7.9300000000000015,17.325000000000003,-19.825000000000003
2026-04-03,KXHIGHTSATX,KXHIGHTSATX-26APR03,KXHIGHTSATX-26APR03-B88.5,between,88.5,88.0,89.0,0.01,0.0,1.0,0.0,1.0,5850.0,3550.0,no,0.0,85.0,finalized,KXHIGHTSATX,86.81300313472747,1.05964,0.11180332667909854,0.01,0.10180332667909854,0.0,YES,1.0,0.10180332667909854,stop_loss,0.0,6.930000000000001,-1.0,-7.930000000000001,17.325000000000003,-19.825000000000003
2026-04-04,KXHIGHTSATX,KXHIGHTSATX-26APR04,KXHIGHTSATX-26APR04-B79.5,between,79.5,79.0,80.0,0.99,0.0,1.0,0.0,1.0,6994.0,3601.0,yes,1.0,79.0,finalized,KXHIGHTSATX,78.34288589159648,1.1600904,0.2089662517902423,0.99,-0.7810337482097577,1.0,NO,1.0000000000000009,0.7810337482097577,stop_loss,0.0,6.930000000000001,-1.0000000000000009,-7.9300000000000015,17.325000000000003,-19.825000000000003
2026-04-04,KXHIGHTSATX,KXHIGHTSATX-26APR04,KXHIGHTSATX-26APR04-B77.5,between,77.5,77.0,78.0,0.01,0.0,1.0,0.0,1.0,5653.0,3117.0,no,0.0,79.0,finalized,KXHIGHTSATX,78.34288589159648,1.1600904,0.26026013556171357,0.01,0.25026013556171356,0.0,YES,1.0,0.25026013556171356,stop_loss,0.0,6.930000000000001,-1.0,-7.930000000000001,17.325000000000003,-19.825000000000003
2026-04-05,KXHIGHTSATX,KXHIGHTSATX-26APR05,KXHIGHTSATX-26APR05-B66.5,between,66.5,66.0,67.0,0.99,0.0,1.0,0.0,1.0,5831.0,3109.0,yes,1.0,66.0,finalized,KXHIGHTSATX,63.1391643802325,1.432919,0.019413345593108478,0.99,-0.9705866544068915,1.0,NO,1.0000000000000009,0.9705866544068915,stop_loss,0.0,6.930000000000001,-1.0000000000000009,-7.9300000000000015,17.325000000000003,-19.825000000000003
2026-04-05,KXHIGHTSATX,KXHIGHTSATX-26APR05,KXHIGHTSATX-26APR05-B64.5,between,64.5,64.0,65.0,0.01,0.0,1.0,0.0,1.0,7869.0,5259.0,no,0.0,66.0,finalized,KXHIGHTSATX,63.1391643802325,1.432919,0.1769660526295631,0.01,0.1669660526295631,0.0,YES,1.0,0.1669660526295631,stop_loss,0.0,6.930000000000001,-1.0,-7.930000000000001,17.325000000000003,-19.825000000000003
2026-04-05,KXHIGHTSATX,KXHIGHTSATX-26APR05,KXHIGHTSATX-26APR05-B62.5,between,62.5,62.0,63.0,0.01,0.0,1.0,0.0,1.0,9429.0,6213.0,no,0.0,66.0,finalized,KXHIGHTSATX,63.1391643802325,1.432919,0.24800772872809096,0.01,0.23800772872809095,0.0,YES,1.0,0.23800772872809095,stop_loss,0.0,6.930000000000001,-1.0,-7.930000000000001,17.325000000000003,-19.825000000000003
2026-04-05,KXHIGHTSATX,KXHIGHTSATX-26APR05,KXHIGHTSATX-26APR05-T62,less,62.0,,62.0,0.01,0.0,1.0,0.0,1.0,4873.0,3158.0,no,0.0,66.0,finalized,KXHIGHTSATX,63.1391643802325,1.432919,0.21330801866213406,0.01,0.20330801866213405,0.0,YES,1.0,0.20330801866213405,stop_loss,0.0,6.930000000000001,-1.0,-7.930000000000001,17.325000000000003,-19.825000000000003
2026-04-06,KXHIGHTSATX,KXHIGHTSATX-26APR06,KXHIGHTSATX-26APR06-B74.5,between,74.5,74.0,75.0,0.99,0.0,1.0,0.0,1.0,8496.0,4631.0,yes,1.0,75.0,finalized,KXHIGHTSATX,74.40091993014018,0.9932862,0.3835462075615337,0.99,-0.6064537924384663,1.0,NO,1.0000000000000009,0.6064537924384663,stop_loss,0.0,6.930000000000001,-1.0000000000000009,-7.9300000000000015,17.325000000000003,-19.825000000000003
2026-04-07,KXHIGHTSATX,KXHIGHTSATX-26APR07,KXHIGHTSATX-26APR07-B76.5,between,76.5,76.0,77.0,0.01,0.0,1.0,0.0,1.0,10008.0,7104.0,no,0.0,78.0,finalized,KXHIGHTSATX,77.11520150502524,0.92804706,0.3358581748216625,0.01,0.3258581748216625,0.0,YES,1.0,0.3258581748216625,stop_loss,0.0,6.930000000000001,-1.0,-7.930000000000001,17.325000000000003,-19.825000000000003
2026-04-07,KXHIGHTSATX,KXHIGHTSATX-26APR07,KXHIGHTSATX-26APR07-B78.5,between,78.5,78.0,79.0,0.99,0.0,1.0,0.0,1.0,6895.0,4525.0,yes,1.0,78.0,finalized,KXHIGHTSATX,77.11520150502524,0.92804706,0.14906309522027783,0.99,-0.8409369047797222,1.0,NO,1.0000000000000009,0.8409369047797222,stop_loss,0.0,6.930000000000001,-1.0000000000000009,-7.9300000000000015,17.325000000000003,-19.825000000000003
2026-04-08,KXHIGHTSATX,KXHIGHTSATX-26APR08,KXHIGHTSATX-26APR08-T81,greater,81.0,81.0,,0.01,0.0,1.0,0.0,1.0,7806.0,4164.0,no,0.0,81.0,finalized,KXHIGHTSATX,80.46893602609634,0.9862434,0.29512578911941323,0.01,0.2851257891194132,0.0,YES,1.0,0.2851257891194132,stop_loss,0.0,6.930000000000001,-1.0,-7.930000000000001,17.325000000000003,-19.825000000000003
2026-04-08,KXHIGHTSATX,KXHIGHTSATX-26APR08,KXHIGHTSATX-26APR08-B80.5,between,80.5,80.0,81.0,0.99,0.0,1.0,0.0,1.0,10700.0,4720.0,yes,1.0,81.0,finalized,KXHIGHTSATX,80.46893602609634,0.9862434,0.38765068500983135,0.99,-0.6023493149901686,1.0,NO,1.0000000000000009,0.6023493149901686,stop_loss,0.0,6.930000000000001,-1.0000000000000009,-7.9300000000000015,17.325000000000003,-19.825000000000003
2026-04-09,KXHIGHTSATX,KXHIGHTSATX-26APR09,KXHIGHTSATX-26APR09-T79,less,79.0,,79.0,0.01,0.0,1.0,0.0,1.0,6784.24,3439.77,no,0.0,82.0,finalized,KXHIGHTSATX,80.04875372250875,1.0456398,0.15793572561435687,0.01,0.14793572561435686,0.0,YES,1.0,0.14793572561435686,stop_loss,0.0,6.930000000000001,-1.0,-7.930000000000001,17.325000000000003,-19.825000000000003
2026-04-09,KXHIGHTSATX,KXHIGHTSATX-26APR09,KXHIGHTSATX-26APR09-B81.5,between,81.5,81.0,82.0,0.99,0.0,1.0,0.0,1.0,6828.2,3596.11,yes,1.0,82.0,finalized,KXHIGHTSATX,80.04875372250875,1.0456398,0.15046819725654847,0.99,-0.8395318027434515,1.0,NO,1.0000000000000009,0.8395318027434515,stop_loss,0.0,6.930000000000001,-1.0000000000000009,-7.9300000000000015,17.325000000000003,-19.825000000000003
2026-04-09,KXHIGHTSATX,KXHIGHTSATX-26APR09,KXHIGHTSATX-26APR09-B79.5,between,79.5,79.0,80.0,0.01,0.0,1.0,0.0,1.0,7978.07,5542.31,no,0.0,82.0,finalized,KXHIGHTSATX,80.04875372250875,1.0456398,0.32347003459275897,0.01,0.31347003459275896,0.0,YES,1.0,0.31347003459275896,stop_loss,0.0,6.930000000000001,-1.0,-7.930000000000001,17.325000000000003,-19.825000000000003
2026-04-10,KXHIGHTSATX,KXHIGHTSATX-26APR10,KXHIGHTSATX-26APR10-B80.5,between,80.5,80.0,81.0,0.01,0.0,1.0,0.0,1.0,5345.99,4252.56,no,0.0,82.0,finalized,KXHIGHTSATX,81.4024646917979,1.1187133,0.25452822936185676,0.01,0.24452822936185675,0.0,YES,1.0,0.24452822936185675,stop_loss,0.0,6.930000000000001,-1.0,-7.930000000000001,17.325000000000003,-19.825000000000003
2026-04-10,KXHIGHTSATX,KXHIGHTSATX-26APR10,KXHIGHTSATX-26APR10-B82.5,between,82.5,82.0,83.0,0.99,0.0,1.0,0.0,1.0,5215.25,3201.11,yes,1.0,82.0,finalized,KXHIGHTSATX,81.4024646917979,1.1187133,0.2199824407380495,0.99,-0.7700175592619505,1.0,NO,1.0000000000000009,0.7700175592619505,stop_loss,0.0,6.930000000000001,-1.0000000000000009,-7.9300000000000015,17.325000000000003,-19.825000000000003
2026-04-11,KXHIGHTSATX,KXHIGHTSATX-26APR11,KXHIGHTSATX-26APR11-B82.5,between,82.5,82.0,83.0,0.01,0.0,1.0,0.0,1.0,6522.0,4769.0,no,0.0,84.0,finalized,KXHIGHTSATX,82.21476734479268,1.1173229,0.33511718868288864,0.01,0.32511718868288864,0.0,YES,1.0,0.32511718868288864,stop_loss,0.0,6.930000000000001,-1.0,-7.930000000000001,17.325000000000003,-19.825000000000003
2026-04-11,KXHIGHTSATX,KXHIGHTSATX-26APR11,KXHIGHTSATX-26APR11-B80.5,between,80.5,80.0,81.0,0.01,0.0,1.0,0.0,1.0,4026.0,2955.0,no,0.0,84.0,finalized,KXHIGHTSATX,82.21476734479268,1.1173229,0.11474353687361753,0.01,0.10474353687361754,0.0,YES,1.0,0.10474353687361754,stop_loss,0.0,6.930000000000001,-1.0,-7.930000000000001,17.325000000000003,-19.825000000000003
2026-04-11,KXHIGHTSATX,KXHIGHTSATX-26APR11,KXHIGHTSATX-26APR11-B84.5,between,84.5,84.0,85.0,0.99,0.0,1.0,0.0,1.0,6084.0,3660.0,yes,1.0,84.0,finalized,KXHIGHTSATX,82.21476734479268,1.1173229,0.04870883990333452,0.99,-0.9412911600966655,1.0,NO,1.0000000000000009,0.9412911600966655,stop_loss,0.0,6.930000000000001,-1.0000000000000009,-7.9300000000000015,17.325000000000003,-19.825000000000003
2026-04-12,KXHIGHTSATX,KXHIGHTSATX-26APR12,KXHIGHTSATX-26APR12-B80.5,between,80.5,80.0,81.0,0.99,0.0,1.0,0.0,1.0,6614.0,3841.0,yes,1.0,80.0,finalized,KXHIGHTSATX,79.42855045000714,1.1957091,0.22197207655740925,0.99,-0.7680279234425907,1.0,NO,1.0000000000000009,0.7680279234425907,stop_loss,0.0,6.930000000000001,-1.0000000000000009,-7.9300000000000015,17.325000000000003,-19.825000000000003
2026-04-12,KXHIGHTSATX,KXHIGHTSATX-26APR12,KXHIGHTSATX-26APR12-B78.5,between,78.5,78.0,79.0,0.01,0.0,1.0,0.0,1.0,4000.0,1958.0,no,0.0,80.0,finalized,KXHIGHTSATX,79.42855045000714,1.1957091,0.2439232765773699,0.01,0.2339232765773699,0.0,YES,1.0,0.2339232765773699,stop_loss,0.0,6.930000000000001,-1.0,-7.930000000000001,17.325000000000003,-19.825000000000003
2026-04-13,KXHIGHTSATX,KXHIGHTSATX-26APR13,KXHIGHTSATX-26APR13-B87.5,between,87.5,87.0,88.0,0.01,0.0,1.0,0.0,1.0,5572.0,3524.0,no,0.0,90.0,finalized,KXHIGHTSATX,88.99537795384725,1.2164906,0.15613675850711217,0.01,0.14613675850711216,0.0,YES,1.0,0.14613675850711216,stop_loss,0.0,6.930000000000001,-1.0,-7.930000000000001,17.325000000000003,-19.825000000000003
2026-04-13,KXHIGHTSATX,KXHIGHTSATX-26APR13,KXHIGHTSATX-26APR13-T88,greater,88.0,88.0,,0.99,0.0,1.0,0.0,1.0,18413.0,10235.0,yes,1.0,90.0,finalized,KXHIGHTSATX,88.99537795384725,1.2164906,0.7933891376620972,0.99,-0.19661086233790281,1.0,NO,1.0000000000000009,0.19661086233790281,stop_loss,0.0,6.930000000000001,-1.0000000000000009,-7.9300000000000015,17.325000000000003,-19.825000000000003
2026-04-14,KXHIGHTSATX,KXHIGHTSATX-26APR14,KXHIGHTSATX-26APR14-T87,greater,87.0,87.0,,0.99,0.0,1.0,0.0,1.0,11225.0,5159.0,yes,1.0,88.0,finalized,KXHIGHTSATX,87.61552023887634,1.3287432,0.678402000320946,0.99,-0.311597999679054,1.0,NO,1.0000000000000009,0.311597999679054,stop_loss,0.0,6.930000000000001,-1.0000000000000009,-7.9300000000000015,17.325000000000003,-19.825000000000003
2026-04-14,KXHIGHTSATX,KXHIGHTSATX-26APR14,KXHIGHTSATX-26APR14-B86.5,between,86.5,86.0,87.0,0.01,0.0,1.0,0.0,1.0,5070.0,2819.0,no,0.0,88.0,finalized,KXHIGHTSATX,87.61552023887634,1.3287432,0.20957234848432366,0.01,0.19957234848432365,0.0,YES,1.0,0.19957234848432365,stop_loss,0.0,6.930000000000001,-1.0,-7.930000000000001,17.325000000000003,-19.825000000000003
2026-04-15,KXHIGHTSATX,KXHIGHTSATX-26APR15,KXHIGHTSATX-26APR15-B87.5,between,87.5,87.0,88.0,0.01,0.0,1.0,0.0,1.0,5907.0,3293.0,no,0.0,86.0,finalized,KXHIGHTSATX,86.65568348566693,1.211978,0.25449526879043394,0.01,0.24449526879043393,0.0,YES,1.0,0.24449526879043393,stop_loss,0.0,6.930000000000001,-1.0,-7.930000000000001,17.325000000000003,-19.825000000000003
2026-04-15,KXHIGHTSATX,KXHIGHTSATX-26APR15,KXHIGHTSATX-26APR15-T88,greater,88.0,88.0,,0.01,0.0,1.0,0.0,1.0,3909.0,2727.0,no,0.0,86.0,finalized,KXHIGHTSATX,86.65568348566693,1.211978,0.13367363553467526,0.01,0.12367363553467527,0.0,YES,1.0,0.12367363553467527,stop_loss,0.0,6.930000000000001,-1.0,-7.930000000000001,17.325000000000003,-19.825000000000003
2026-04-15,KXHIGHTSATX,KXHIGHTSATX-26APR15,KXHIGHTSATX-26APR15-B85.5,between,85.5,85.0,86.0,0.99,0.0,1.0,0.0,1.0,5301.0,3058.0,yes,1.0,86.0,finalized,KXHIGHTSATX,86.65568348566693,1.211978,0.20829908385526663,0.99,-0.7817009161447334,1.0,NO,1.0000000000000009,0.7817009161447334,stop_loss,0.0,6.930000000000001,-1.0000000000000009,-7.9300000000000015,17.325000000000003,-19.825000000000003
2026-04-16,KXHIGHTSATX,KXHIGHTSATX-26APR16,KXHIGHTSATX-26APR16-B86.5,between,86.5,86.0,87.0,0.01,0.0,1.0,0.0,1.0,13317.04,8707.53,no,0.0,88.0,finalized,KXHIGHTSATX,87.9626141389211,1.1790127,0.1591253799556026,0.01,0.1491253799556026,0.0,YES,1.0,0.1491253799556026,stop_loss,0.0,6.930000000000001,-1.0,-7.930000000000001,17.325000000000003,-19.825000000000003
2026-04-16,KXHIGHTSATX,KXHIGHTSATX-26APR16,KXHIGHTSATX-26APR16-B88.5,between,88.5,88.0,89.0,0.99,0.0,1.0,0.0,1.0,12218.79,6566.74,yes,1.0,88.0,finalized,KXHIGHTSATX,87.9626141389211,1.1790127,0.2978888410877535,0.99,-0.6921111589122465,1.0,NO,1.0000000000000009,0.6921111589122465,stop_loss,0.0,6.930000000000001,-1.0000000000000009,-7.9300000000000015,17.325000000000003,-19.825000000000003
